,age_log__Age,ohe__Geography_Germany,ohe__Geography_Spain,ohe__Gender_Male,scaler__CreditScore,scaler__Balance,scaler__EstimatedSalary,remainder__Tenure,remainder__NumOfProducts,remainder__IsActiveMember
0,3.4965075614664802,0.0,0.0,1.0,0.3564997084691052,-1.2184705569895626,1.3676697420644444,6.0,2.0,1.0
1,3.7612001156935624,1.0,0.0,1.0,-0.20389776790135397,0.6968376547320528,1.6612541021719276,4.0,2.0,1.0
2,3.2188758248682006,0.0,1.0,1.0,-0.9614721341058636,0.6186290946563464,-0.2528068765327104,3.0,1.0,0.0
3,3.332204510175204,0.0,0.0,0.0,-0.9407166720180689,0.9532120226243691,0.9153927215460405,9.0,1.0,0.0
4,4.04305126783455,0.0,0.0,1.0,-1.397336837949554,1.057448687632532,-1.0596001909769919,9.0,1.0,0.0
5,3.7376696182833684,0.0,0.0,1.0,-0.8576948236668898,0.7067466960091179,1.0904700584525835,4.0,1.0,0.0
6,3.713572066704308,0.0,0.0,0.0,0.32536651533741306,-1.2184705569895626,-0.4289168077886862,1.0,2.0,0.0
7,3.828641396489095,0.0,0.0,0.0,1.1140740746736149,-1.2184705569895626,-0.020517136186189958,8.0,2.0,1.0
8,3.5553480614894135,0.0,0.0,0.0,-2.341710362944217,-1.2184705569895626,-0.681565469729219,3.0,2.0,1.0
9,4.31748811353631,0.0,0.0,1.0,-0.5256074302621732,-1.2184705569895626,-0.8498032382710557,2.0,2.0,1.0
10,3.9889840465642745,0.0,0.0,0.0,0.8650085296200775,0.7644161986745707,1.2174779463659033,8.0,2.0,1.0
11,3.6888794541139363,0.0,1.0,0.0,0.1593228186350548,-1.2184705569895626,-1.0381589491564733,2.0,2.0,0.0
12,3.4965075614664802,0.0,0.0,1.0,0.9272749158834619,-1.2184705569895626,-0.6188274085995082,5.0,1.0,1.0
13,3.4339872044851463,0.0,0.0,0.0,-1.4596032242129386,-1.2184705569895626,0.7574254330202582,5.0,2.0,0.0
14,3.7376696182833684,0.0,0.0,0.0,-1.4907364173446307,-1.2184705569895626,-0.10884837600532948,5.0,2.0,1.0
15,3.4657359027997265,0.0,0.0,0.0,-1.2728040654227855,-1.2184705569895626,1.3086352155764691,7.0,2.0,1.0
16,3.8066624897703196,0.0,0.0,0.0,0.22158920489843914,0.9181154533623601,-1.6469193058901002,8.0,1.0,1.0
17,3.713572066704308,0.0,1.0,1.0,-1.4180923000373489,0.7245589218016413,0.6594590221180209,10.0,1.0,0.0
18,3.912023005428146,1.0,0.0,1.0,2.058447599668278,0.36100634991455316,0.325888623775663,8.0,1.0,0.0
19,3.367295829986474,1.0,0.0,1.0,-0.25578642312084093,-0.08013355565655605,0.5228728175335009,5.0,1.0,1.0
20,3.6109179126442243,0.0,0.0,1.0,-0.1623868437257644,0.663766155419022,0.1937224585161611,5.0,2.0,1.0
21,3.367295829986474,0.0,0.0,1.0,1.5188055853856133,-1.2184705569895626,-1.706084754005474,3.0,2.0,0.0
22,3.58351893845611,1.0,0.0,1.0,0.5017879430836688,0.316237061580151,1.6083031716237837,4.0,2.0,0.0
23,3.58351893845611,0.0,0.0,1.0,-1.4284700310812464,0.7193539092327499,-1.5721481041087815,3.0,1.0,0.0
24,3.6375861597263857,0.0,0.0,0.0,0.6366984466543348,-1.2184705569895626,-1.460965041907253,8.0,1.0,1.0
25,3.367295829986474,1.0,0.0,1.0,-1.9162233901444239,0.803961741582394,-1.1837192836190835,10.0,1.0,0.0
26,3.5263605246161616,1.0,0.0,1.0,0.38763290160079744,1.372341941182026,1.1988215275281877,2.0,2.0,0.0
27,3.4657359027997265,1.0,0.0,1.0,-1.469980955256836,0.601796901529675,-1.170677194489658,0.0,1.0,0.0
28,4.04305126783455,0.0,0.0,1.0,-0.34918600251591747,-1.2184705569895626,0.7297008224181006,7.0,1.0,1.0
29,3.828641396489095,0.0,0.0,1.0,-1.843579272837142,-1.2184705569895626,1.247399884361247,10.0,2.0,0.0
30,3.6375861597263857,0.0,0.0,1.0,1.062185419454128,-1.2184705569895626,0.2731520708723835,6.0,1.0,1.0
31,4.04305126783455,0.0,0.0,1.0,0.532921136215361,-1.2184705569895626,-0.2587825012499453,9.0,1.0,0.0
32,3.4339872044851463,0.0,0.0,1.0,0.32536651533741306,-0.2953170913624515,-0.36843032046351426,10.0,1.0,0.0
33,3.295836866004329,0.0,0.0,0.0,-0.5671183544377627,1.1830079878759245,-1.0101778851673122,8.0,1.0,0.0
34,3.2188758248682006,0.0,0.0,1.0,1.6640938200001767,-1.2184705569895626,0.9819097754666122,10.0,2.0,1.0
35,3.5553480614894135,0.0,1.0,0.0,1.8716484408781247,0.9940901601863156,0.8011762069763434,6.0,2.0,1.0
36,3.784189633918261,0.0,0.0,1.0,-1.5114918794324255,-1.2184705569895626,0.08932071933381601,2.0,2.0,0.0
37,3.713572066704308,0.0,0.0,0.0,0.34612197742520784,-1.2184705569895626,-0.47949915224113654,7.0,1.0,0.0
38,3.9318256327243257,1.0,0.0,0.0,-0.20389776790135397,0.5100661001817587,-1.624713919909663,5.0,1.0,1.0
39,3.332204510175204,0.0,0.0,0.0,0.14894508759115738,-1.2184705569895626,-0.2030735231912687,4.0,2.0,0.0
40,3.6635616461296463,1.0,0.0,0.0,1.2801177713759733,1.6616888604724085,0.9161260912995186,6.0,2.0,0.0
41,3.6888794541139363,0.0,1.0,0.0,0.481032480995874,1.375211911045675,-0.17767281494211984,9.0,1.0,0.0
42,3.6888794541139363,0.0,0.0,0.0,0.055545508196080846,0.06711278994254961,-0.05630724927628187,4.0,1.0,0.0
43,3.5553480614894135,0.0,0.0,0.0,0.9999190331907436,-1.2184705569895626,-0.8145178602199276,8.0,2.0,0.0
44,4.04305126783455,1.0,0.0,0.0,-0.10012045746238005,0.4345818099654662,0.7409925954478899,6.0,2.0,0.0
45,3.4011973816621555,0.0,0.0,0.0,1.9961812134048933,-1.2184705569895626,0.8156215742661108,8.0,2.0,0.0
46,3.828641396489095,0.0,0.0,0.0,1.1867181919808967,-1.2184705569895626,0.8128868248937872,6.0,2.0,0.0
47,3.784189633918261,1.0,0.0,0.0,0.5848097914348479,0.6867545739993789,1.4095109380208957,0.0,1.0,0.0
48,3.58351893845611,1.0,0.0,1.0,0.5536765983031557,0.9669673839033558,0.2823722221352939,4.0,2.0,0.0
49,3.4011973816621555,0.0,0.0,0.0,0.44989928786418176,-1.2184705569895626,0.19358597315426423,9.0,2.0,0.0
50,3.4965075614664802,0.0,1.0,1.0,-1.5011141483885282,-1.2184705569895626,-0.565155626700506,7.0,2.0,0.0
51,3.5553480614894135,0.0,0.0,0.0,-0.3906969266915071,-1.2184705569895626,1.480137679201536,5.0,2.0,0.0
52,4.174387269895637,0.0,0.0,1.0,-1.127515830808222,-1.2184705569895626,0.8323786732396737,4.0,2.0,1.0
53,4.330733340286331,0.0,0.0,1.0,-0.9303389409741715,0.17674067532721452,-1.0619717328066374,5.0,1.0,1.0
54,4.143134726391533,0.0,1.0,0.0,-0.46334104399878884,0.510790597455567,-1.3395476639639052,8.0,1.0,1.0
55,3.7376696182833684,0.0,0.0,0.0,0.5951875224787453,1.1879915684603566,-0.5000133368009757,3.0,2.0,0.0
56,4.356708826689592,0.0,0.0,1.0,-0.1831423058135592,-1.2184705569895626,1.0631698564725787,5.0,2.0,1.0
57,3.871201010907891,0.0,1.0,0.0,1.3112509645076653,0.8197178361063548,0.42186495639475396,6.0,2.0,0.0
58,4.07753744390572,0.0,1.0,1.0,-0.19352003685745658,0.35554596206351285,0.5494681638993281,6.0,1.0,1.0
59,3.367295829986474,1.0,0.0,1.0,-0.06898726433068787,0.6622768131779249,-1.146498421429567,7.0,2.0,1.0
60,3.58351893845611,0.0,0.0,0.0,-0.34918600251591747,-1.2184705569895626,1.3910807197638522,10.0,2.0,0.0
61,3.6109179126442243,1.0,0.0,1.0,-0.46334104399878884,0.48994909245410384,1.7018490216008944,10.0,2.0,0.0
62,3.6375861597263857,0.0,0.0,1.0,-0.36994146460371224,-1.2184705569895626,0.18919601276887457,9.0,1.0,0.0
63,3.5553480614894135,0.0,0.0,1.0,0.2838555911618235,1.35153934288499,0.3733413675731561,7.0,1.0,0.0
64,3.9512437185814275,1.0,0.0,0.0,-0.22465322998914877,0.517908923266891,-0.209658898436111,0.0,3.0,0.0
65,3.6635616461296463,0.0,0.0,0.0,-0.05860953328679048,-1.2184705569895626,1.3617490592253743,2.0,2.0,0.0
66,3.4965075614664802,1.0,0.0,1.0,-1.283181796466683,0.3680976171536619,0.1863623332425136,2.0,1.0,1.0
67,3.6375861597263857,0.0,0.0,1.0,1.2904955024198705,-1.2184705569895626,-1.6059422274478228,2.0,1.0,1.0
68,4.31748811353631,1.0,0.0,0.0,0.4706547499519766,0.5118588506734341,-1.460228194819714,3.0,2.0,1.0
69,3.784189633918261,0.0,0.0,1.0,-0.13125365059407224,0.3763988348675043,1.5103016396475293,6.0,2.0,0.0
70,3.7376696182833684,1.0,0.0,0.0,-0.006720878067303511,0.9179172373126419,0.8844979993471145,4.0,1.0,1.0
71,3.258096538021482,0.0,0.0,1.0,0.32536651533741306,-1.2184705569895626,0.9087482316221599,4.0,2.0,0.0
72,3.2188758248682006,0.0,1.0,0.0,-1.3350704516861698,1.5391330617448986,0.951273940788532,5.0,1.0,1.0
73,4.127134385045092,0.0,0.0,1.0,2.058447599668278,-1.2184705569895626,-0.8234928594315328,1.0,1.0,0.0
74,3.6888794541139363,1.0,0.0,0.0,-0.35956373355981486,0.1160276436721878,-1.6078787547864293,5.0,3.0,0.0
75,3.871201010907891,1.0,0.0,1.0,-0.06898726433068787,1.2164315688475416,0.372229663873834,9.0,1.0,0.0
76,3.6109179126442243,0.0,0.0,0.0,0.4187660947324896,-1.2184705569895626,1.4804680259373368,4.0,1.0,0.0
77,3.7376696182833684,0.0,0.0,1.0,-0.152009112681867,-1.2184705569895626,0.03623608529102399,2.0,2.0,1.0
78,3.9318256327243257,0.0,0.0,1.0,0.5432988672592584,1.430359682868591,0.35363548931581135,4.0,1.0,0.0
79,3.332204510175204,1.0,0.0,0.0,1.8405152477464324,0.5754914862594869,0.3351614566495985,9.0,1.0,1.0
80,3.6888794541139363,0.0,1.0,0.0,-0.6293847407011471,-1.2184705569895626,0.6961290745922647,3.0,3.0,0.0
81,3.58351893845611,0.0,0.0,0.0,2.058447599668278,-1.2184705569895626,-1.3057704056950603,9.0,2.0,0.0
82,3.5263605246161616,0.0,0.0,1.0,0.19045601176674695,-1.2184705569895626,-0.24372946983300678,1.0,2.0,1.0
83,3.970291913552122,0.0,0.0,1.0,0.4083883636885922,-1.2184705569895626,1.3111703659736875,3.0,1.0,0.0
84,3.7612001156935624,0.0,0.0,1.0,1.010296764234641,0.8593831412154621,0.7494910260264266,1.0,2.0,1.0
85,3.5263605246161616,0.0,1.0,0.0,-0.6916511269645315,-1.2184705569895626,0.23908028240856652,8.0,2.0,0.0
86,3.2188758248682006,0.0,0.0,0.0,0.2838555911618235,0.621972829698603,0.6143920772198234,6.0,2.0,1.0
87,3.58351893845611,0.0,1.0,1.0,0.36687743951300267,-1.2184705569895626,1.3217155553805664,3.0,2.0,1.0
88,3.4657359027997265,0.0,1.0,0.0,0.38763290160079744,1.0198598477486225,0.35177198599248743,3.0,1.0,1.0
89,3.828641396489095,0.0,1.0,0.0,-1.0963826376765298,-1.2184705569895626,1.69274084049475,2.0,1.0,0.0
90,3.5553480614894135,0.0,0.0,0.0,0.6159429845665401,-1.2184705569895626,1.3018980546998615,6.0,2.0,1.0
91,3.713572066704308,1.0,0.0,1.0,-0.8680725547107871,0.37114258713228865,0.5940964431057223,1.0,1.0,0.0
92,3.784189633918261,0.0,1.0,1.0,0.21121147385454175,-1.2184705569895626,-0.624455995377449,5.0,2.0,1.0
93,3.4011973816621555,0.0,0.0,1.0,0.39801063264469483,-1.2184705569895626,0.14164364335053184,5.0,2.0,0.0
94,4.204692619390966,0.0,0.0,0.0,-0.9510944030619662,-1.2184705569895626,-1.4692223193686549,9.0,1.0,1.0
95,3.1354942159291497,0.0,0.0,1.0,0.8546307985761801,0.8638583728840177,0.3731704566040548,5.0,1.0,0.0
96,3.871201010907891,0.0,1.0,1.0,1.1970959230247942,-1.2184705569895626,-0.9088031652851232,2.0,1.0,0.0
97,3.367295829986474,0.0,0.0,1.0,1.3838950818149471,-1.2184705569895626,-0.403371094709191,8.0,2.0,0.0
98,3.5553480614894135,0.0,0.0,1.0,0.5225434051714636,0.38350531254661585,0.15761295229256056,4.0,1.0,0.0
99,3.9512437185814275,1.0,0.0,0.0,1.9546702892293037,0.18697137738286085,-1.1082990374352673,1.0,1.0,1.0
100,3.871201010907891,0.0,1.0,0.0,0.14894508759115738,-1.2184705569895626,1.1513385309243631,5.0,1.0,0.0
101,4.31748811353631,0.0,1.0,0.0,-1.1067603687204273,-1.2184705569895626,1.0587689424848967,3.0,2.0,1.0
102,3.4657359027997265,0.0,0.0,0.0,-0.23503096103304616,-1.2184705569895626,-1.4601967249464614,6.0,1.0,1.0
103,3.828641396489095,1.0,0.0,1.0,0.38763290160079744,0.8656930721681215,0.8767244190536065,0.0,2.0,0.0
104,3.9512437185814275,0.0,1.0,1.0,1.2386068472003837,0.9511238693768536,0.9049475054934177,5.0,3.0,1.0
105,3.784189633918261,0.0,0.0,1.0,-1.0860049066326325,0.26015008511454807,-0.35066096954477566,1.0,1.0,1.0
106,4.189654742026425,0.0,1.0,1.0,0.3046110532496183,0.9384450870302621,1.5646007326111477,7.0,2.0,1.0
107,3.2188758248682006,0.0,0.0,0.0,-0.06898726433068787,-0.6653257745361186,-1.5438166987129684,3.0,1.0,1.0
108,3.9512437185814275,0.0,0.0,0.0,0.003656852976593882,-1.2184705569895626,1.2789318280268633,3.0,1.0,0.0
109,3.5553480614894135,1.0,0.0,1.0,1.1452072678053071,0.203554439513279,-0.554096313452699,4.0,2.0,0.0
110,3.713572066704308,1.0,0.0,0.0,-0.4529633129548914,0.3218237761381603,1.0557805215928184,7.0,1.0,0.0
111,3.4965075614664802,1.0,0.0,1.0,-0.5567406233938653,0.7659090633333526,1.711945982647302,9.0,2.0,0.0
112,3.6888794541139363,1.0,0.0,1.0,-1.1794044860277089,0.5115985119845475,-1.272704783841812,7.0,2.0,0.0
113,3.4011973816621555,0.0,1.0,0.0,0.19045601176674695,-1.2184705569895626,-1.2704805071096525,9.0,2.0,0.0
114,3.4339872044851463,0.0,0.0,1.0,-1.2728040654227855,0.6435321073582944,-0.4372020777892795,2.0,1.0,0.0
115,4.23410650459726,1.0,0.0,1.0,1.1036963436297176,0.5843004124496268,-1.1225851428250382,6.0,1.0,0.0
116,3.58351893845611,0.0,0.0,0.0,0.36687743951300267,0.376022736724703,-1.7163806185601744,3.0,1.0,1.0
117,3.2188758248682006,0.0,0.0,1.0,-2.310577169812525,0.3144495947150029,-0.9434101154609379,4.0,1.0,0.0
118,3.6109179126442243,1.0,0.0,1.0,-0.4322078508670966,0.6301906301572734,-1.0058232197226422,7.0,1.0,1.0
119,3.7376696182833684,1.0,0.0,0.0,-0.3388082714720201,0.2620268933009747,-1.0807696791406385,5.0,1.0,0.0
120,3.6109179126442243,0.0,0.0,1.0,-0.2765418852086357,0.519460868476841,0.5803058578196527,9.0,3.0,0.0
121,3.6888794541139363,0.0,0.0,1.0,0.1178118944594652,-1.2184705569895626,-0.40940809437260367,4.0,1.0,0.0
122,3.5553480614894135,0.0,0.0,1.0,0.9065194537956671,-1.2184705569895626,-0.6928059520816073,9.0,1.0,0.0
123,3.6888794541139363,0.0,1.0,0.0,0.44989928786418176,-1.2184705569895626,0.04055267392772545,5.0,2.0,0.0
124,3.4965075614664802,0.0,0.0,1.0,-1.2001599481155036,1.6316696961931634,-1.3571365412448744,7.0,2.0,0.0
125,3.7376696182833684,1.0,0.0,0.0,0.4083883636885922,0.5291923478806124,0.8418185920152433,8.0,3.0,1.0
126,4.204692619390966,0.0,0.0,1.0,-0.3803191956476097,-1.2184705569895626,-0.4494539427533282,7.0,2.0,1.0
127,3.6109179126442243,0.0,0.0,0.0,-2.113400279978474,0.1256058979066698,-0.3204669301591538,6.0,2.0,0.0
128,3.5553480614894135,1.0,0.0,0.0,-0.6605179338328393,0.8536367970923731,0.9266405062999572,10.0,1.0,0.0
129,3.6635616461296463,1.0,0.0,1.0,-0.46334104399878884,0.353900993004705,1.3194219058338885,3.0,1.0,0.0
130,3.784189633918261,1.0,0.0,0.0,-0.4840965060865836,0.7883276507982436,-1.3294049759745947,8.0,2.0,0.0
131,3.5553480614894135,0.0,0.0,0.0,-0.6916511269645315,-1.2184705569895626,-0.4334095233955803,1.0,1.0,1.0
132,3.5553480614894135,0.0,0.0,1.0,-2.476620866514883,-1.2184705569895626,-1.6325580900846102,9.0,2.0,0.0
133,4.007333185232471,1.0,0.0,1.0,-0.8888280167985819,0.6806665553608631,1.2548017376436273,4.0,2.0,1.0
134,3.367295829986474,0.0,1.0,1.0,-0.13125365059407224,-1.2184705569895626,0.4543098741181024,8.0,2.0,0.0
135,3.828641396489095,1.0,0.0,1.0,0.6366984466543348,0.8795797235608147,-0.4594644920483184,4.0,1.0,0.0
136,3.7376696182833684,0.0,1.0,0.0,-1.2624263343788882,-1.2184705569895626,0.8202234781625224,4.0,2.0,1.0
137,3.4965075614664802,0.0,1.0,1.0,0.24234466698623391,1.9426882902893623,-0.8297021609976712,8.0,1.0,1.0
138,3.58351893845611,1.0,0.0,0.0,-0.8265616305351976,1.0227328597002723,1.4818928635688575,1.0,1.0,0.0
139,3.5553480614894135,0.0,0.0,1.0,1.7990043235708428,-1.2184705569895626,-1.1909561374002662,9.0,2.0,1.0
140,3.58351893845611,0.0,1.0,0.0,-2.0096229695395005,1.4472387881944282,0.6060376082714147,5.0,1.0,0.0
141,3.7376696182833684,0.0,1.0,0.0,-1.0133607893253507,0.5772081845511492,-1.1160347147875096,4.0,1.0,1.0
142,3.4657359027997265,1.0,0.0,0.0,0.20083374281064434,0.4765264395364373,0.7847656243419654,6.0,2.0,0.0
143,4.060443010546419,0.0,0.0,1.0,-1.9162233901444239,-1.2184705569895626,0.24371730737899489,1.0,2.0,1.0
144,3.58351893845611,0.0,0.0,1.0,-0.10012045746238005,0.9135840231207423,0.3794392205826374,2.0,1.0,1.0
145,3.4339872044851463,1.0,0.0,0.0,-1.7294242313542707,1.2915991616919904,0.7079316679956238,5.0,1.0,1.0
146,3.6375861597263857,0.0,0.0,1.0,1.8820261719220222,1.2028102195504726,0.6206728380009164,8.0,2.0,1.0
147,3.7376696182833684,1.0,0.0,0.0,1.5603165095612028,0.23464906195565557,1.1953747940068615,4.0,2.0,1.0
148,3.4965075614664802,0.0,0.0,1.0,1.643338357912382,0.7169335279535987,-0.3744167249163384,9.0,2.0,1.0
149,3.1354942159291497,0.0,1.0,1.0,2.058447599668278,-1.2184705569895626,0.7642180573751404,3.0,1.0,1.0
150,3.6888794541139363,0.0,1.0,0.0,1.933914827141509,1.4511044814936165,-1.4978938080356403,5.0,2.0,0.0
151,4.060443010546419,0.0,1.0,0.0,-0.2765418852086357,-1.2184705569895626,-0.28383947502715795,7.0,1.0,0.0
152,3.5263605246161616,0.0,0.0,1.0,-0.6708956648767367,0.3844987944436281,-1.1512707146949708,5.0,1.0,0.0
153,3.6888794541139363,0.0,1.0,1.0,-0.23503096103304616,-1.2184705569895626,0.2836956954789347,5.0,2.0,0.0
154,3.332204510175204,0.0,0.0,0.0,-0.4322078508670966,-1.2184705569895626,-1.4932460033296227,2.0,2.0,0.0
155,3.5263605246161616,0.0,0.0,1.0,-2.082267086846782,-1.2184705569895626,1.469570408723369,6.0,2.0,0.0
156,4.204692619390966,0.0,1.0,1.0,0.24234466698623391,0.6332719450820115,0.5483681092691103,5.0,2.0,1.0
157,3.5553480614894135,1.0,0.0,1.0,0.6055652535226427,1.1484868535756978,-1.7190150468448364,8.0,2.0,1.0
158,3.828641396489095,1.0,0.0,0.0,0.6159429845665401,0.34237916475767954,-0.8662155595724641,1.0,2.0,0.0
159,3.4011973816621555,1.0,0.0,1.0,-0.3388082714720201,0.3659108362109717,0.5438762629957317,4.0,1.0,1.0
160,3.5553480614894135,0.0,1.0,0.0,1.1348295367614096,-1.2184705569895626,-0.6812104339215845,2.0,2.0,0.0
161,3.5553480614894135,0.0,1.0,1.0,-2.2690662456369353,1.2281165490773318,-1.4038571323558107,9.0,1.0,0.0
162,3.4011973816621555,0.0,0.0,1.0,-1.0341162514131454,-1.2184705569895626,-1.5342773281832525,10.0,2.0,0.0
163,3.784189633918261,0.0,0.0,0.0,-0.7227843200962236,1.2362329999726165,1.2193696160951222,5.0,1.0,0.0
164,3.295836866004329,0.0,0.0,1.0,-1.4284700310812464,-1.2184705569895626,0.3672176084249198,1.0,2.0,0.0
165,3.6375861597263857,0.0,0.0,1.0,-0.22465322998914877,-1.2184705569895626,-0.30919828140087097,6.0,2.0,1.0
166,3.295836866004329,0.0,1.0,0.0,1.1452072678053071,0.7622403052047245,1.203562350920339,7.0,2.0,1.0
167,3.6888794541139363,0.0,1.0,0.0,1.404650543902742,1.5297639110329788,0.0062604224844368655,7.0,1.0,1.0
168,3.4965075614664802,0.0,0.0,1.0,0.22158920489843914,0.7227139754842725,0.2875484077518901,8.0,1.0,0.0
169,3.258096538021482,0.0,0.0,1.0,-2.1445334731101666,-1.2184705569895626,0.3302537212225162,6.0,2.0,0.0
170,3.713572066704308,0.0,0.0,0.0,-0.10012045746238005,-1.2184705569895626,-1.559905454079995,7.0,2.0,0.0
171,3.4011973816621555,0.0,0.0,0.0,-0.7539175132279158,-0.0465538675375434,0.5003501248199914,10.0,2.0,1.0
172,3.6375861597263857,0.0,0.0,0.0,1.7159824752196637,0.07954580360067832,-0.33809092851413963,6.0,2.0,0.0
173,3.6635616461296463,0.0,0.0,0.0,0.19045601176674695,0.696836694072684,0.17457660490935048,4.0,2.0,1.0
174,2.9444389791664403,0.0,0.0,1.0,-0.36994146460371224,-1.2184705569895626,-1.2713604464938046,6.0,2.0,1.0
175,3.6375861597263857,1.0,0.0,1.0,-1.4180923000373489,0.22944997345287063,1.5288925107381943,2.0,1.0,1.0
176,3.4965075614664802,0.0,0.0,0.0,-0.25578642312084093,-1.2184705569895626,0.11162955600256985,1.0,1.0,0.0
177,3.6635616461296463,0.0,0.0,0.0,0.07630097028387564,-1.2184705569895626,0.5629437027194649,9.0,2.0,1.0
178,3.828641396489095,0.0,1.0,0.0,2.058447599668278,0.7398529391693125,-1.4074299192368505,2.0,1.0,1.0
179,4.007333185232471,1.0,0.0,0.0,-2.5700204459099596,0.7902052595341441,-0.29062914364808773,4.0,1.0,0.0
180,3.4657359027997265,1.0,0.0,0.0,0.4602770189080792,0.7352211200236772,-1.1579983129029108,8.0,2.0,0.0
181,3.4965075614664802,1.0,0.0,0.0,0.16970054967895218,0.25521085497096546,-0.9881781834965869,10.0,1.0,1.0
182,3.4011973816621555,0.0,0.0,0.0,0.667831639786027,-1.2184705569895626,-0.024909530705422615,6.0,2.0,1.0
183,3.5553480614894135,0.0,0.0,0.0,0.2527223980301313,0.38838498180934594,-0.9457133276762835,8.0,1.0,0.0
184,3.7612001156935624,0.0,1.0,1.0,-1.0963826376765298,1.008185915101571,-0.234481673764311,7.0,1.0,1.0
185,3.6375861597263857,0.0,1.0,0.0,-0.7954284374035054,0.9156734572474158,0.18679891253388015,9.0,1.0,0.0
186,3.367295829986474,1.0,0.0,1.0,0.20083374281064434,0.7005989563798547,0.43451671477582493,8.0,2.0,0.0
187,3.367295829986474,0.0,0.0,1.0,-1.397336837949554,0.6237956808504942,1.3670259136630385,2.0,1.0,0.0
188,3.713572066704308,1.0,0.0,0.0,2.058447599668278,0.45387409162519043,-1.733162580472274,7.0,1.0,1.0
189,3.091042453358316,1.0,0.0,0.0,0.34612197742520784,0.3499099336579164,1.1220484245279145,6.0,1.0,1.0
190,3.6109179126442243,0.0,0.0,1.0,0.481032480995874,-1.2184705569895626,-1.411785627881739,6.0,2.0,1.0
191,3.713572066704308,0.0,1.0,1.0,0.5848097914348479,0.11069310219843245,0.011448604903543762,8.0,1.0,0.0
192,3.367295829986474,1.0,0.0,0.0,0.7404757570933088,0.2535527569007869,0.7485058972869272,5.0,1.0,0.0
193,3.2188758248682006,0.0,0.0,1.0,-1.2209154102032984,-1.2184705569895626,1.2035406175824572,1.0,1.0,1.0
194,3.4965075614664802,0.0,0.0,0.0,0.07630097028387564,-1.2184705569895626,-0.12649741116555502,9.0,2.0,1.0
195,3.713572066704308,0.0,0.0,1.0,0.37725517055690005,-1.2184705569895626,-0.9135799790848063,6.0,1.0,1.0
196,3.58351893845611,0.0,1.0,0.0,0.2631001290740287,-1.2184705569895626,-0.4136968643368165,0.0,2.0,0.0
197,3.5553480614894135,0.0,0.0,0.0,-1.5737582656958098,-1.2184705569895626,0.6926355709278172,6.0,1.0,1.0
198,3.4339872044851463,0.0,0.0,1.0,0.003656852976593882,1.6021303812685268,0.9002734469152387,2.0,2.0,1.0
199,4.04305126783455,0.0,0.0,1.0,0.958408109015154,-1.2184705569895626,1.2008507258195211,9.0,2.0,1.0
200,3.6888794541139363,0.0,1.0,0.0,-0.19352003685745658,-1.2184705569895626,1.5782878672089005,2.0,2.0,0.0
201,3.7612001156935624,1.0,0.0,0.0,-0.6605179338328393,1.4122594193753861,-0.9029436835255278,2.0,1.0,0.0
202,3.6375861597263857,0.0,0.0,0.0,0.5536765983031557,-1.2184705569895626,-1.5038732578203424,10.0,2.0,1.0
203,3.367295829986474,0.0,0.0,0.0,1.2074736540686914,0.528617393248514,-0.8609858230113274,3.0,2.0,1.0
204,3.6635616461296463,0.0,1.0,0.0,1.695227013131869,-0.4437468091937597,1.4668360070844517,2.0,1.0,0.0
205,3.258096538021482,0.0,0.0,1.0,0.9791635711029488,-1.2184705569895626,-0.20347306887488487,9.0,2.0,1.0
206,3.367295829986474,0.0,1.0,1.0,0.7819866812688984,-1.2184705569895626,-1.0444850891470634,1.0,1.0,0.0
207,3.58351893845611,1.0,0.0,0.0,-1.2001599481155036,0.7271906481418813,-0.40428998023482715,4.0,1.0,0.0
208,3.7376696182833684,0.0,0.0,1.0,0.9895413021468462,-1.2184705569895626,-1.350616018280271,5.0,2.0,1.0
209,3.367295829986474,0.0,1.0,1.0,0.27347786011792613,1.0017442137055206,-0.8047816725823553,5.0,1.0,1.0
210,3.2188758248682006,0.0,0.0,1.0,-0.9510944030619662,0.6401542689084531,-0.18597807961356444,1.0,1.0,0.0
211,3.4657359027997265,0.0,0.0,1.0,-0.46334104399878884,-1.2184705569895626,-0.995122419616531,8.0,2.0,1.0
212,3.5263605246161616,0.0,1.0,0.0,0.1178118944594652,0.7433268435560123,1.6661474066626565,8.0,1.0,0.0
213,3.58351893845611,0.0,0.0,0.0,-0.11049818850627745,-1.2184705569895626,0.4443144512262777,4.0,2.0,0.0
214,3.4339872044851463,1.0,0.0,1.0,-0.10012045746238005,0.9349638175884025,-0.9941828439532316,8.0,1.0,0.0
215,3.7376696182833684,0.0,0.0,0.0,0.8234976054444879,1.2190996401338934,-0.2025147156076558,9.0,1.0,1.0
216,3.58351893845611,0.0,1.0,0.0,0.03479004610828606,0.09813728425101935,-0.2022638259551499,1.0,2.0,0.0
217,3.8066624897703196,0.0,0.0,0.0,0.5017879430836688,-0.2773164162237905,-1.4527670529915926,2.0,1.0,0.0
218,3.6109179126442243,1.0,0.0,0.0,-0.785050706359608,1.4439624594178673,-1.3409545933250118,8.0,1.0,1.0
219,3.5553480614894135,0.0,1.0,0.0,1.0310522263224358,0.8164483920552689,-1.7378281195820031,8.0,2.0,0.0
220,3.5263605246161616,1.0,0.0,1.0,-1.0341162514131454,1.1025263476242497,-0.7230498912110057,3.0,1.0,0.0
221,3.6635616461296463,1.0,0.0,1.0,-0.7435397821840184,0.6298731322359559,0.48769975737254484,9.0,2.0,0.0
222,3.9318256327243257,0.0,1.0,1.0,-0.35956373355981486,-1.2184705569895626,1.467581199773738,7.0,1.0,0.0
223,3.7612001156935624,0.0,1.0,1.0,0.055545508196080846,-0.5544415068072387,0.21817333296653035,5.0,1.0,0.0
224,3.4339872044851463,0.0,0.0,0.0,-0.8473170926229924,1.6022418177552826,-0.058870739946097796,10.0,1.0,0.0
225,3.784189633918261,1.0,0.0,0.0,2.006558944448791,1.2162179822479262,-0.043835790666276964,3.0,2.0,0.0
226,4.0943445622221,1.0,0.0,0.0,-1.6152691898713996,0.24941855930807919,1.0903161864203812,7.0,2.0,0.0
227,3.4657359027997265,1.0,0.0,1.0,-0.442585581910994,0.4440745655161441,0.8656270289978306,9.0,1.0,1.0
228,3.7612001156935624,1.0,0.0,1.0,1.1244518057175124,0.03027406491561072,-0.04389977361300041,0.0,2.0,1.0
229,3.2188758248682006,0.0,0.0,1.0,1.6329606268684846,0.5356671920248789,1.4445513378874224,7.0,1.0,0.0
230,3.5553480614894135,0.0,0.0,1.0,-2.341710362944217,-1.2184705569895626,0.1294545442662854,9.0,2.0,0.0
231,3.5553480614894135,0.0,1.0,1.0,0.9687858400590514,0.9101029137887776,-1.1932188386738003,7.0,1.0,1.0
232,3.5553480614894135,0.0,0.0,0.0,0.5121656741275662,0.4721083671003124,-0.44747864313994096,3.0,1.0,1.0
233,3.6109179126442243,0.0,1.0,1.0,0.055545508196080846,1.7954549135917321,1.436612236492608,8.0,2.0,0.0
234,3.6109179126442243,0.0,0.0,0.0,-1.6464023830030916,1.1618481844036699,-0.7709037454924424,5.0,2.0,0.0
235,3.970291913552122,0.0,1.0,1.0,-0.42183011982319923,-1.2184705569895626,-0.4667644594427094,7.0,1.0,1.0
236,3.4965075614664802,1.0,0.0,0.0,1.2904955024198705,0.5334700039390291,0.4535516414260875,4.0,2.0,1.0
237,3.6375861597263857,0.0,1.0,1.0,-0.6605179338328393,-1.2184705569895626,1.5193394047389368,2.0,2.0,1.0
238,3.6635616461296463,0.0,1.0,1.0,0.7819866812688984,-0.22135432547610367,-0.7154701722914021,2.0,1.0,1.0
239,3.6635616461296463,1.0,0.0,1.0,-0.40107465773540446,0.8031711189220483,-1.4704140017513816,9.0,2.0,0.0
240,4.1588830833596715,0.0,1.0,1.0,1.4669169301661262,-1.2184705569895626,-1.273826397943208,0.0,2.0,1.0
241,3.8066624897703196,1.0,0.0,0.0,0.3046110532496183,0.4659928095598968,1.0975695575383537,3.0,2.0,1.0
242,3.8918202981106265,0.0,0.0,1.0,0.36687743951300267,-1.2184705569895626,1.2251093036963139,4.0,2.0,1.0
243,3.6888794541139363,0.0,0.0,0.0,0.03479004610828606,0.296669551011327,0.8435530862449016,6.0,2.0,1.0
244,3.6888794541139363,1.0,0.0,1.0,-1.8850901970127316,0.6623389358170935,-0.6385322436566347,5.0,2.0,0.0
245,3.258096538021482,1.0,0.0,0.0,-0.3284305404281227,1.0523021151752299,-0.4620220712502306,8.0,1.0,1.0
246,3.5263605246161616,0.0,1.0,1.0,1.3216286955515628,-1.2184705569895626,-1.210574908439381,3.0,2.0,0.0
247,3.5553480614894135,0.0,0.0,0.0,1.3112509645076653,0.5357590951044736,0.21934189107775065,7.0,1.0,1.0
248,3.9512437185814275,0.0,1.0,1.0,0.18007828072284957,0.20374609105731184,-0.26393869219569044,3.0,1.0,0.0
249,3.4011973816621555,0.0,0.0,1.0,1.2074736540686914,0.31833930449840575,-0.4649984953397981,2.0,2.0,1.0
250,3.5553480614894135,0.0,0.0,0.0,-0.006720878067303511,-1.2184705569895626,0.6551718169541352,9.0,2.0,0.0
251,3.6109179126442243,1.0,0.0,0.0,-0.9718498651497611,0.8086268635861402,1.2506619714439309,0.0,2.0,1.0
252,4.07753744390572,0.0,0.0,0.0,0.3046110532496183,0.2733354551681741,0.6838170517489596,8.0,1.0,1.0
253,3.784189633918261,1.0,0.0,1.0,1.0725631504980253,1.424119239610259,-1.4518196533266556,6.0,3.0,0.0
254,3.7612001156935624,0.0,1.0,1.0,-0.4737187750426862,-1.2184705569895626,1.3475926583960807,10.0,2.0,0.0
255,4.30406509320417,0.0,0.0,0.0,0.32536651533741306,0.9867587281050604,0.5699202780461771,8.0,2.0,1.0
256,3.9318256327243257,1.0,0.0,0.0,0.958408109015154,0.7268344036260308,0.09789008752719819,1.0,2.0,1.0
257,4.02535169073515,0.0,0.0,1.0,-0.22465322998914877,-1.2184705569895626,0.10033465337212605,2.0,1.0,1.0
258,3.7376696182833684,0.0,0.0,0.0,0.09705643237167041,-1.2184705569895626,0.5367159105638921,1.0,2.0,1.0
259,3.6375861597263857,1.0,0.0,0.0,-0.1623868437257644,1.2968321934924654,0.9233013962678205,9.0,1.0,1.0
260,3.5553480614894135,0.0,1.0,0.0,0.4187660947324896,0.5379202584640015,-1.0872298703592824,4.0,1.0,1.0
261,3.5263605246161616,0.0,1.0,1.0,-0.21427549894525139,-1.2184705569895626,1.0056024172249665,2.0,2.0,1.0
262,3.4965075614664802,1.0,0.0,0.0,1.010296764234641,0.05477344057285809,0.9948101632330492,7.0,1.0,1.0
263,3.6375861597263857,0.0,0.0,1.0,0.04516777715218345,-1.2184705569895626,-0.566639926744471,2.0,2.0,1.0
264,3.6888794541139363,0.0,0.0,0.0,-0.9199612099302741,-1.2184705569895626,-1.440094082872749,5.0,2.0,1.0
265,3.7376696182833684,0.0,0.0,1.0,-0.7227843200962236,-0.570205446716043,0.4885226684780956,1.0,1.0,0.0
266,3.912023005428146,1.0,0.0,1.0,0.27347786011792613,0.6537442366661481,1.6451665638718227,2.0,1.0,0.0
267,3.6375861597263857,0.0,0.0,1.0,-0.08974272641848266,-1.2184705569895626,0.7306483959497405,6.0,2.0,0.0
268,3.970291913552122,0.0,1.0,0.0,-3.0473960739292396,1.0797846583917243,0.7220305189462063,8.0,3.0,0.0
269,3.5553480614894135,0.0,1.0,0.0,-1.947356583276116,-0.0016102195277430211,1.0125576069472029,5.0,1.0,1.0
270,3.5263605246161616,0.0,0.0,1.0,-1.5011141483885282,-1.2184705569895626,-0.2611526521459664,7.0,2.0,1.0
271,3.6635616461296463,0.0,0.0,1.0,-0.6501402027889419,-1.2184705569895626,-0.0860259370957564,4.0,1.0,0.0
272,3.784189633918261,1.0,0.0,0.0,-1.0133607893253507,0.7164112494768777,-1.6138251698975512,2.0,1.0,0.0
273,3.5263605246161616,0.0,0.0,0.0,-0.46334104399878884,0.2433603211099892,0.5284379429648273,8.0,1.0,1.0
274,3.6375861597263857,1.0,0.0,0.0,-1.3454481827300673,0.30293481130334726,0.4985853777840016,3.0,1.0,1.0
275,3.9512437185814275,0.0,0.0,1.0,-0.8680725547107871,-1.2184705569895626,-0.5884471579749164,4.0,3.0,1.0
276,3.6888794541139363,1.0,0.0,0.0,-1.1482712928960168,0.38449639279520653,1.7278318355718651,9.0,1.0,1.0
277,3.6375861597263857,0.0,0.0,0.0,0.6989648329177193,0.4059355880338246,-1.2975272114366059,9.0,1.0,0.0
278,3.713572066704308,1.0,0.0,0.0,-1.553002803608015,0.6596871957400077,1.6664607144615586,7.0,1.0,0.0
279,3.6635616461296463,0.0,1.0,0.0,0.07630097028387564,-1.2184705569895626,-1.1254431636898266,9.0,2.0,1.0
280,3.6635616461296463,0.0,0.0,1.0,2.058447599668278,-1.2184705569895626,-0.3551164776772167,1.0,2.0,1.0
281,3.6635616461296463,0.0,1.0,1.0,0.1593228186350548,0.17772583150969895,-0.39231943159631844,1.0,1.0,1.0
282,3.4011973816621555,0.0,0.0,0.0,-1.2105376791594011,-1.2184705569895626,-0.8297221556685223,5.0,2.0,1.0
283,3.58351893845611,0.0,0.0,1.0,-1.0444939824570427,0.8584317682207729,-0.23461728979269253,7.0,2.0,0.0
284,3.4011973816621555,0.0,0.0,0.0,1.747115668351356,0.09995180968838269,0.2704338388368501,3.0,1.0,1.0
285,3.6888794541139363,0.0,1.0,0.0,0.33574424638131045,1.0186473355155725,0.35087726793857565,4.0,1.0,1.0
286,3.6109179126442243,0.0,1.0,1.0,-0.9822275961936585,0.5925366255461947,-0.03508960003588948,1.0,1.0,0.0
287,3.6635616461296463,1.0,0.0,1.0,-0.442585581910994,1.0351091944556543,1.2344339488477591,6.0,2.0,1.0
288,3.295836866004329,0.0,0.0,1.0,-1.521869610476323,0.5903320724051858,0.7751035039198938,8.0,1.0,0.0
289,3.8066624897703196,1.0,0.0,1.0,1.300873233463768,0.7773887826780549,-0.35884331045716156,3.0,2.0,1.0
290,3.2188758248682006,1.0,0.0,0.0,-0.46334104399878884,0.5344692497922526,0.47169132842232914,2.0,2.0,1.0
291,3.4965075614664802,0.0,1.0,0.0,-0.027476340155098297,-1.2184705569895626,-1.245476214943465,7.0,1.0,0.0
292,3.6375861597263857,0.0,0.0,1.0,0.5225434051714636,1.1915964427409735,-0.09915269930956855,10.0,1.0,1.0
293,3.6888794541139363,1.0,0.0,0.0,-0.6916511269645315,1.4331159747069575,0.5463017035033236,7.0,2.0,0.0
294,3.6375861597263857,0.0,0.0,1.0,-1.8228238107493473,-1.2184705569895626,-0.7764095823780277,4.0,1.0,1.0
295,3.7376696182833684,0.0,0.0,0.0,-1.2001599481155036,-1.2184705569895626,0.3628224320384385,9.0,1.0,0.0
296,3.5553480614894135,0.0,0.0,1.0,0.08667870132777303,0.48648623565014254,1.4227750549301201,8.0,2.0,1.0
297,3.295836866004329,0.0,0.0,0.0,-1.1067603687204273,-1.2184705569895626,1.7248840994883012,1.0,2.0,1.0
298,3.332204510175204,0.0,0.0,1.0,-0.6812733959206341,0.8666694223063939,1.5995018652485287,5.0,2.0,1.0
299,3.367295829986474,0.0,0.0,1.0,0.1593228186350548,1.4361210773217878,0.8112552597523361,6.0,1.0,0.0
300,3.58351893845611,0.0,1.0,1.0,0.014034584020491275,0.6494188678590919,-1.331246572093334,6.0,2.0,1.0
301,3.6635616461296463,0.0,1.0,1.0,0.3564997084691052,0.5665126834710023,-0.4234539159787552,7.0,1.0,1.0
302,3.58351893845611,0.0,0.0,1.0,-1.3558259137739646,0.32537053052697795,-1.5638066751631021,6.0,1.0,0.0
303,3.58351893845611,0.0,0.0,0.0,0.8131198744005905,1.2707667829545288,-0.8121836997314386,0.0,1.0,1.0
304,3.6635616461296463,1.0,0.0,1.0,-1.3765813758617593,0.6090500398723905,-0.6857838236786954,1.0,1.0,1.0
305,3.7612001156935624,0.0,1.0,1.0,0.7923644123127958,-1.2184705569895626,-1.0189991862134187,8.0,2.0,1.0
306,3.6109179126442243,0.0,0.0,1.0,-1.5114918794324255,-1.2184705569895626,1.1096531195338473,5.0,2.0,0.0
307,3.4339872044851463,1.0,0.0,1.0,-0.5359851613060705,0.6989254877597786,-1.3662163820784208,2.0,1.0,1.0
308,3.4011973816621555,0.0,0.0,1.0,-2.4869985975587805,-1.2184705569895626,-1.528649263005421,5.0,2.0,0.0
309,4.189654742026425,0.0,0.0,0.0,1.5706942406051003,1.2097484217301868,-1.6256731425104074,2.0,2.0,1.0
310,3.6888794541139363,0.0,0.0,0.0,-0.6916511269645315,-1.2184705569895626,-1.7044158075228668,7.0,2.0,0.0
311,3.4011973816621555,0.0,0.0,1.0,-0.6293847407011471,-1.2184705569895626,0.14349845333870306,6.0,2.0,1.0
312,3.2188758248682006,0.0,0.0,1.0,1.5084278543417158,-1.2184705569895626,1.422687252245078,5.0,2.0,0.0
313,3.6375861597263857,0.0,1.0,1.0,-0.4737187750426862,1.2586309332610826,-0.19702765632600044,8.0,2.0,0.0
314,3.828641396489095,0.0,0.0,0.0,-0.7539175132279158,-1.2184705569895626,-1.5459688207633608,2.0,2.0,0.0
315,3.4965075614664802,0.0,0.0,1.0,2.058447599668278,-1.2184705569895626,1.3942497881604026,4.0,1.0,1.0
316,3.4965075614664802,0.0,0.0,0.0,-1.5114918794324255,-1.2184705569895626,-0.3409225216400638,3.0,1.0,1.0
317,3.7376696182833684,0.0,0.0,1.0,0.7612312191811036,0.6064653858412112,0.28293259451923425,7.0,1.0,1.0
318,4.2626798770413155,0.0,1.0,1.0,-1.2520486033349907,-1.2184705569895626,-0.01613656460276505,1.0,2.0,0.0
319,3.6635616461296463,0.0,0.0,0.0,0.6574539087421296,0.6802792495254283,-1.647336933710834,5.0,1.0,1.0
320,3.7612001156935624,1.0,0.0,1.0,0.24234466698623391,0.26441349139233067,-1.597210989353898,2.0,2.0,0.0
321,3.6635616461296463,0.0,0.0,0.0,-0.7124065890523262,-1.2184705569895626,0.2289189906820292,10.0,2.0,1.0
322,3.258096538021482,0.0,1.0,1.0,0.9272749158834619,-1.2184705569895626,-0.46174892665973416,4.0,2.0,1.0
323,4.31748811353631,1.0,0.0,0.0,-1.0963826376765298,0.6210118501102282,-0.5859074870434184,8.0,2.0,1.0
324,3.871201010907891,1.0,0.0,0.0,-0.8992057478424793,1.019163209596503,1.137404679474978,10.0,1.0,0.0
325,3.8501476017100584,0.0,0.0,1.0,0.3046110532496183,0.47820471145335613,-1.6458175125928522,0.0,1.0,0.0
326,3.713572066704308,0.0,0.0,1.0,-1.3869591069056568,-1.2184705569895626,1.6340912548873348,4.0,2.0,1.0
327,3.4965075614664802,0.0,0.0,1.0,1.5084278543417158,0.6081367730326553,0.4407694830177264,10.0,1.0,1.0
328,3.912023005428146,0.0,0.0,0.0,0.7404757570933088,-1.2184705569895626,-0.18184787608253603,4.0,2.0,1.0
329,3.4011973816621555,1.0,0.0,1.0,0.33574424638131045,0.8192440709277475,-0.3640121936722298,8.0,1.0,1.0
330,3.4965075614664802,0.0,0.0,0.0,-1.8020683486615525,-0.07869240649378284,0.17668908535144667,6.0,1.0,1.0
331,3.7612001156935624,0.0,1.0,0.0,1.3735173507710499,0.527560507833175,-1.634724990804762,2.0,2.0,0.0
332,3.970291913552122,1.0,0.0,1.0,-1.3558259137739646,0.6467666474523218,-0.8108828290591946,5.0,3.0,0.0
333,3.5553480614894135,0.0,0.0,1.0,2.058447599668278,-1.2184705569895626,-0.8282136881528329,6.0,1.0,1.0
334,3.367295829986474,0.0,0.0,0.0,-1.656780114046989,-1.2184705569895626,-0.07779143617245457,9.0,2.0,0.0
335,3.6635616461296463,0.0,0.0,1.0,0.3564997084691052,0.9931488741149964,0.2694335836941852,0.0,1.0,1.0
336,4.219507705176107,0.0,1.0,0.0,0.8338753364883853,-1.2184705569895626,1.34488937889701,1.0,2.0,1.0
337,3.784189633918261,0.0,1.0,0.0,-0.442585581910994,0.1593314461398127,0.22333473991336716,6.0,2.0,1.0
338,3.4965075614664802,0.0,0.0,1.0,0.5951875224787453,1.140074839814679,-1.035719425445934,4.0,1.0,1.0
339,3.4965075614664802,0.0,0.0,1.0,0.9480303779712567,-1.2184705569895626,1.3008965824902752,9.0,2.0,0.0
340,3.8918202981106265,0.0,0.0,1.0,-0.10012045746238005,0.6759060078598375,-0.3777829581541511,9.0,4.0,0.0
341,3.4011973816621555,1.0,0.0,0.0,-0.5982515475694549,0.8762507186288764,-0.6847350597258787,3.0,1.0,0.0
342,3.4657359027997265,0.0,0.0,0.0,-0.5982515475694549,-1.2184705569895626,-1.646729443450366,9.0,1.0,1.0
343,3.1780538303479458,1.0,0.0,0.0,0.08667870132777303,1.4404821506353767,-0.1727638624481163,6.0,2.0,0.0
344,3.1780538303479458,0.0,0.0,1.0,1.248984578244281,-1.2184705569895626,-1.426873606505991,2.0,2.0,0.0
345,3.871201010907891,0.0,0.0,1.0,1.8820261719220222,-1.2184705569895626,1.422516167409274,2.0,2.0,1.0
346,3.4657359027997265,0.0,0.0,0.0,0.6574539087421296,0.5520453134899987,-0.09938307269111402,3.0,1.0,1.0
347,3.6109179126442243,1.0,0.0,1.0,-1.0548717135009402,0.6048165741449288,1.2951438548863545,2.0,2.0,0.0
348,3.828641396489095,0.0,0.0,1.0,0.20083374281064434,0.48472806889573633,1.005529045476278,2.0,1.0,1.0
349,3.6109179126442243,0.0,0.0,1.0,-0.28691961625253315,-1.2184705569895626,-0.27463375470060103,6.0,2.0,0.0
350,3.9512437185814275,0.0,0.0,1.0,-1.314314989598375,-1.2184705569895626,1.2277433842475696,10.0,3.0,0.0
351,3.4011973816621555,0.0,0.0,0.0,-0.3284305404281227,1.002897965607192,0.9435627786414201,1.0,2.0,0.0
352,3.912023005428146,1.0,0.0,1.0,-0.6605179338328393,0.9049670686944248,-1.1151523412695146,6.0,3.0,0.0
353,3.6888794541139363,0.0,0.0,0.0,0.958408109015154,-1.2184705569895626,-1.560778960396134,6.0,1.0,0.0
354,3.713572066704308,0.0,1.0,0.0,1.1036963436297176,0.2785540770781203,0.39619910142344894,5.0,2.0,0.0
355,3.6888794541139363,1.0,0.0,0.0,1.062185419454128,0.8533814218102239,-0.2216167548052969,8.0,1.0,1.0
356,3.5263605246161616,0.0,0.0,1.0,-0.027476340155098297,-1.2184705569895626,-1.7112014772096265,2.0,2.0,0.0
357,3.4657359027997265,0.0,0.0,0.0,-1.023738520369248,-1.2184705569895626,-0.19723247130219707,4.0,2.0,1.0
358,3.58351893845611,0.0,0.0,1.0,-0.006720878067303511,1.6926789311535038,-1.1041860467078413,0.0,2.0,1.0
359,4.060443010546419,0.0,1.0,0.0,-0.4840965060865836,-1.2184705569895626,-0.5872963342674073,2.0,3.0,0.0
360,3.8501476017100584,0.0,1.0,0.0,0.958408109015154,-1.2184705569895626,1.3387788336182058,1.0,3.0,1.0
361,3.7612001156935624,1.0,0.0,0.0,-1.2520486033349907,0.19568904093298495,-0.43784051632289084,6.0,2.0,0.0
362,3.4657359027997265,0.0,1.0,0.0,0.44989928786418176,-1.2184705569895626,-1.5027718122565004,5.0,2.0,1.0
363,3.912023005428146,0.0,0.0,0.0,0.6885871018738219,-1.2184705569895626,1.4612354128457028,10.0,1.0,0.0
364,3.784189633918261,0.0,0.0,1.0,0.21121147385454175,-1.2184705569895626,-0.6363208330605014,5.0,1.0,0.0
365,3.8501476017100584,0.0,0.0,1.0,0.6366984466543348,-1.2184705569895626,-0.7777000210480883,5.0,1.0,1.0
366,3.258096538021482,0.0,0.0,1.0,-0.10012045746238005,-1.2184705569895626,0.028731302920436384,7.0,2.0,0.0
367,3.6375861597263857,0.0,0.0,0.0,0.719720295005514,-1.2184705569895626,-0.5150016898043783,1.0,2.0,0.0
368,3.6109179126442243,0.0,1.0,1.0,-0.8058061684474028,-1.2184705569895626,-1.597341737114594,3.0,2.0,1.0
369,3.7612001156935624,0.0,1.0,0.0,0.003656852976593882,0.11832009714542253,-1.0869654191039386,3.0,2.0,0.0
370,3.7376696182833684,1.0,0.0,1.0,1.3112509645076653,1.0183657022106825,-0.6449428828649086,7.0,1.0,0.0
371,3.367295829986474,1.0,0.0,1.0,-0.08974272641848266,1.3570272696379297,-1.2741303169401448,9.0,2.0,0.0
372,3.5263605246161616,0.0,0.0,1.0,0.5536765983031557,1.0939639906720469,0.2332230609161108,3.0,2.0,0.0
373,3.9318256327243257,0.0,0.0,1.0,0.3149887842935157,0.7319696082808047,0.4124132146833766,6.0,2.0,1.0
374,4.007333185232471,1.0,0.0,1.0,-1.7398019623981682,0.9332160579771558,-0.877618259558801,3.0,1.0,0.0
375,3.4965075614664802,0.0,1.0,1.0,0.07630097028387564,0.50421760594581,0.03452210733232568,3.0,2.0,1.0
376,3.6635616461296463,0.0,1.0,1.0,1.539561047473408,-1.2184705569895626,-0.3770629761368078,9.0,1.0,0.0
377,4.110873864173311,0.0,0.0,1.0,-0.20389776790135397,-1.2184705569895626,-1.7099089521391289,2.0,2.0,1.0
378,3.4339872044851463,1.0,0.0,1.0,0.771608950225001,0.5647585194639652,-1.6991506021543072,5.0,2.0,0.0
379,3.4657359027997265,0.0,0.0,0.0,-1.5011141483885282,0.4937779604774963,-0.9811329308221689,0.0,1.0,1.0
380,3.4965075614664802,0.0,1.0,0.0,1.3942728128588446,0.6149893164186705,-1.471514404115005,6.0,1.0,0.0
381,3.6635616461296463,0.0,1.0,0.0,0.38763290160079744,0.7191962009864072,-1.5343586978002814,6.0,1.0,1.0
382,3.6635616461296463,0.0,0.0,1.0,0.39801063264469483,0.2938634649956888,-0.789307362143919,1.0,2.0,1.0
383,3.828641396489095,0.0,1.0,1.0,-1.366203644817862,0.49507405007561284,-1.1740759408009416,7.0,1.0,0.0
384,3.5553480614894135,1.0,0.0,0.0,1.09331861258582,0.41243060602483145,1.5053495682111684,9.0,2.0,0.0
385,3.295836866004329,1.0,0.0,1.0,0.6885871018738219,1.1435831678287531,-0.8577145209933819,7.0,1.0,0.0
386,3.5263605246161616,0.0,1.0,1.0,1.0310522263224358,0.050906466394511726,0.29759842478847326,4.0,1.0,0.0
387,3.6375861597263857,0.0,0.0,0.0,-0.07936499537458526,-1.2184705569895626,-1.3815867202284313,8.0,2.0,0.0
388,3.8918202981106265,0.0,1.0,1.0,-1.7916906176176552,0.17560997925038918,-0.25705982995609433,5.0,1.0,1.0
389,3.784189633918261,0.0,0.0,1.0,0.04516777715218345,0.9417297415213507,1.6388790222893108,7.0,1.0,0.0
390,3.5263605246161616,0.0,1.0,1.0,0.8234976054444879,-1.2184705569895626,0.5267408300763251,1.0,1.0,0.0
391,3.7612001156935624,0.0,0.0,1.0,0.5744320603909505,-0.9479874652805148,-0.3986542649220613,2.0,1.0,1.0
392,3.8066624897703196,0.0,0.0,1.0,1.1140740746736149,0.5602796052678297,-0.005104548427337591,2.0,2.0,0.0
393,3.6109179126442243,0.0,0.0,0.0,1.9650480202732012,1.2795849955185652,0.38653506846764385,5.0,1.0,0.0
394,4.219507705176107,0.0,0.0,1.0,1.0829408815419228,-1.2184705569895626,-0.12778193836771204,4.0,3.0,1.0
395,4.060443010546419,1.0,0.0,0.0,-1.6671578450908864,0.5754762758194844,-1.029318001172922,4.0,1.0,1.0
396,3.5263605246161616,1.0,0.0,1.0,-0.442585581910994,0.2885905658314175,-0.11671897391914088,6.0,1.0,0.0
397,3.4965075614664802,0.0,0.0,0.0,1.300873233463768,-1.2184705569895626,0.6263878365302747,2.0,1.0,0.0
398,3.9318256327243257,0.0,1.0,1.0,-0.1727645747696618,1.334539995028185,-0.7975352561325048,7.0,2.0,0.0
399,3.6109179126442243,0.0,0.0,1.0,-0.7954284374035054,-1.2184705569895626,-0.7747903617724934,7.0,1.0,1.0
400,4.356708826689592,0.0,0.0,1.0,-0.11049818850627745,-1.2184705569895626,-0.3289076369922767,9.0,3.0,1.0
401,3.7376696182833684,0.0,1.0,0.0,0.5848097914348479,-1.2184705569895626,0.9836108872892845,5.0,1.0,1.0
402,3.6888794541139363,0.0,0.0,1.0,-1.3765813758617593,0.34580343507700284,-1.2122379434540849,1.0,1.0,1.0
403,3.871201010907891,1.0,0.0,0.0,-0.494474237130481,0.6853577752774557,-0.9154801682824745,4.0,1.0,1.0
404,3.7376696182833684,0.0,0.0,1.0,-0.11049818850627745,-1.2184705569895626,-0.609133296704075,6.0,2.0,0.0
405,4.02535169073515,1.0,0.0,0.0,-1.6152691898713996,0.7875868223151694,-1.1979125441894238,4.0,1.0,1.0
406,3.784189633918261,1.0,0.0,1.0,-1.5322473415202202,0.938853207152016,1.4083136919036716,5.0,2.0,0.0
407,3.7376696182833684,0.0,1.0,1.0,0.8234976054444879,-1.2184705569895626,-1.358455667920939,4.0,2.0,0.0
408,3.4339872044851463,0.0,1.0,1.0,0.4706547499519766,-1.2184705569895626,-1.7333727853162653,1.0,2.0,0.0
409,3.4339872044851463,0.0,0.0,1.0,-1.0860049066326325,-1.2184705569895626,-1.4250015837142174,6.0,2.0,1.0
410,3.871201010907891,0.0,0.0,1.0,0.958408109015154,-1.2184705569895626,0.2213650040344775,9.0,2.0,0.0
411,3.2188758248682006,0.0,0.0,1.0,0.6263207156104375,-1.2184705569895626,0.36166395819599506,2.0,1.0,1.0
412,4.007333185232471,0.0,0.0,0.0,0.6989648329177193,-1.2184705569895626,0.42788995925565587,7.0,2.0,1.0
413,3.258096538021482,0.0,0.0,0.0,-1.8539570038810396,0.553408329024127,-0.9331924909226116,6.0,2.0,0.0
414,3.6888794541139363,0.0,0.0,0.0,0.37725517055690005,-1.2184705569895626,-0.8208097484700161,0.0,2.0,0.0
415,3.713572066704308,1.0,0.0,1.0,-1.8539570038810396,1.2244261761129105,-0.4756577413038797,8.0,2.0,0.0
416,3.4011973816621555,0.0,0.0,0.0,0.10743416341556782,-1.2184705569895626,0.6446459267512956,10.0,2.0,0.0
417,3.8501476017100584,1.0,0.0,1.0,-1.9888675074517057,0.8238907802935957,0.46111553847571307,4.0,2.0,1.0
418,3.713572066704308,1.0,0.0,1.0,0.719720295005514,0.38704550242974833,0.6630092063276639,6.0,1.0,0.0
419,3.4657359027997265,0.0,0.0,1.0,-0.36994146460371224,0.2907879140271622,1.1903570009567466,3.0,2.0,0.0
420,3.4965075614664802,0.0,0.0,0.0,-1.127515830808222,1.139257478801907,0.21456299087763084,7.0,1.0,0.0
421,4.143134726391533,1.0,0.0,1.0,-1.7190465003103734,0.6765403632628934,1.1754004655600023,9.0,2.0,0.0
422,3.4965075614664802,0.0,0.0,1.0,-0.41145238877930185,0.7251742241272202,1.106663829308254,3.0,1.0,0.0
423,3.6375861597263857,1.0,0.0,0.0,-1.843579272837142,1.0661146356866473,0.18294324452697286,5.0,2.0,1.0
424,3.5263605246161616,1.0,0.0,1.0,-0.03785407119899569,1.0016811304069835,-1.2406262032617963,5.0,1.0,0.0
425,3.7376696182833684,0.0,1.0,1.0,-0.3180528093842253,0.45678601028126786,-0.08484816404927405,5.0,1.0,1.0
426,3.6888794541139363,0.0,0.0,0.0,-0.19352003685745658,0.8499755641287986,1.2269345563449658,9.0,2.0,0.0
427,4.060443010546419,0.0,1.0,0.0,0.7819866812688984,0.5376102857077378,-1.7330671276522978,1.0,1.0,1.0
428,3.713572066704308,0.0,1.0,1.0,0.2631001290740287,0.3075816807790902,-0.6517661077595278,7.0,1.0,1.0
429,3.58351893845611,0.0,0.0,1.0,0.9791635711029488,1.5398068041820667,-1.3571394969788264,2.0,1.0,0.0
430,4.356708826689592,0.0,1.0,1.0,1.1970959230247942,1.1685069948170208,1.5598545193512017,8.0,1.0,1.0
431,3.367295829986474,0.0,0.0,1.0,0.7508534881372062,0.34439606910202486,-0.06838437820376202,5.0,1.0,1.0
432,3.7376696182833684,1.0,0.0,1.0,-0.733162051140121,0.8295545077109866,-0.9775714452768275,2.0,2.0,1.0
433,3.713572066704308,1.0,0.0,1.0,0.9168971848395645,0.6118862265482445,0.5025165039400341,4.0,2.0,0.0
434,3.4657359027997265,1.0,0.0,1.0,-0.9303389409741715,0.8187237137697637,0.7456470070886237,4.0,2.0,1.0
435,3.912023005428146,0.0,1.0,0.0,0.6782093708299244,0.5565778645008802,0.4190467510049647,1.0,2.0,1.0
436,3.8066624897703196,1.0,0.0,1.0,-1.7813128865737577,0.8566908933350013,-1.6510136928802996,10.0,1.0,0.0
437,3.8501476017100584,0.0,0.0,0.0,2.058447599668278,-1.2184705569895626,1.522184211734293,3.0,2.0,1.0
438,3.970291913552122,0.0,0.0,0.0,0.667831639786027,-0.1621998035367123,-1.492181243640125,7.0,2.0,0.0
439,4.007333185232471,1.0,0.0,1.0,1.010296764234641,1.0994234178637188,-0.12335824784192975,3.0,1.0,0.0
440,3.8501476017100584,0.0,1.0,0.0,-0.6086292786133524,0.007935852617891204,-0.7993968469220951,2.0,1.0,1.0
441,3.8918202981106265,0.0,1.0,0.0,-0.1727645747696618,-1.2184705569895626,0.6280058400688876,2.0,2.0,1.0
442,3.6635616461296463,1.0,0.0,1.0,-0.733162051140121,0.9126797224351136,0.09217734926497961,1.0,1.0,0.0
443,3.6375861597263857,0.0,0.0,0.0,0.6055652535226427,-1.2184705569895626,0.26031357965223334,5.0,2.0,0.0
444,3.367295829986474,0.0,1.0,0.0,-0.8058061684474028,-1.2184705569895626,1.4818487014262818,7.0,2.0,0.0
445,3.1354942159291497,0.0,0.0,1.0,-0.3284305404281227,-1.2184705569895626,-1.179543700878558,0.0,1.0,0.0
446,3.58351893845611,1.0,0.0,1.0,-1.023738520369248,1.3206206812169596,-0.9874086494688734,2.0,2.0,0.0
447,3.332204510175204,0.0,0.0,0.0,1.8716484408781247,0.36005689823860104,-1.2086934968456426,10.0,1.0,0.0
448,3.6888794541139363,1.0,0.0,0.0,1.0829408815419228,1.1729807854965233,0.15069201431082557,5.0,2.0,1.0
449,3.713572066704308,0.0,1.0,0.0,0.9065194537956671,-1.2184705569895626,1.1579386848389654,8.0,1.0,0.0
450,3.713572066704308,0.0,0.0,0.0,0.14894508759115738,-1.2184705569895626,-1.1137904433844992,2.0,2.0,0.0
451,3.4339872044851463,0.0,1.0,0.0,-1.366203644817862,1.1066932076354896,0.77770002926329,4.0,2.0,0.0
452,3.6375861597263857,0.0,1.0,1.0,0.10743416341556782,1.2662316701853313,-0.895422036084744,4.0,1.0,0.0
453,3.4339872044851463,0.0,0.0,0.0,-0.19352003685745658,-1.2184705569895626,-1.02214495647176,6.0,2.0,0.0
454,3.6888794541139363,0.0,0.0,0.0,1.5603165095612028,0.7051851442054821,-0.7117108264379861,7.0,2.0,1.0
455,3.332204510175204,1.0,0.0,0.0,-0.5774960854816601,1.1996301168206651,1.2151420472103838,2.0,1.0,0.0
456,3.7376696182833684,0.0,0.0,1.0,-1.158649023939914,-1.2184705569895626,0.35933657850892514,3.0,2.0,0.0
457,4.276666119016055,1.0,0.0,0.0,-0.442585581910994,0.5958483386094987,0.1360842555204063,6.0,1.0,0.0
458,3.7612001156935624,0.0,1.0,1.0,0.37725517055690005,-1.2184705569895626,1.6894801443456908,5.0,2.0,0.0
459,3.6109179126442243,1.0,0.0,0.0,1.0310522263224358,1.5006991618364234,-1.2635402699238785,6.0,2.0,1.0
460,3.9512437185814275,0.0,0.0,0.0,0.03479004610828606,-1.2184705569895626,-1.4714385982324738,3.0,2.0,1.0
461,3.5263605246161616,1.0,0.0,1.0,-0.03785407119899569,0.9479829935712634,1.2385726718472372,7.0,2.0,1.0
462,3.6635616461296463,0.0,0.0,1.0,0.36687743951300267,1.0943261592540037,0.6406212603090203,0.0,1.0,1.0
463,3.828641396489095,0.0,0.0,0.0,-0.40107465773540446,1.78906556813127,0.8135741199709564,1.0,2.0,1.0
464,3.8066624897703196,0.0,1.0,0.0,-1.6152691898713996,1.653200954621271,-1.6954103816382269,0.0,2.0,0.0
465,3.7612001156935624,0.0,1.0,0.0,-0.5048519681743784,-1.2184705569895626,-0.17375229465497377,6.0,1.0,1.0
466,3.4657359027997265,0.0,0.0,0.0,0.20083374281064434,-1.2184705569895626,-1.4706492434006124,6.0,2.0,1.0
467,4.382026634673881,0.0,0.0,1.0,0.8338753364883853,-0.22881160393464356,0.06592173843691852,10.0,1.0,1.0
468,4.02535169073515,0.0,0.0,1.0,-1.4803586863007334,0.9011908768264097,1.215829342287553,8.0,2.0,1.0
469,3.7376696182833684,0.0,1.0,0.0,-0.6190070096572498,1.002813107362967,-0.18100479643943104,2.0,1.0,0.0
470,3.970291913552122,0.0,1.0,1.0,0.6263207156104375,-1.2184705569895626,0.3050693031519655,9.0,1.0,1.0
471,3.4657359027997265,0.0,1.0,1.0,0.7093425639616167,1.0447863966051008,0.6529459754216486,4.0,1.0,0.0
472,3.6888794541139363,0.0,1.0,1.0,0.34612197742520784,-1.2184705569895626,-1.4188432250920737,9.0,2.0,1.0
473,3.295836866004329,0.0,0.0,1.0,1.2697400403320758,0.2840757870188551,-1.2521172275332844,2.0,1.0,0.0
474,4.174387269895637,0.0,0.0,0.0,0.3149887842935157,0.8358466664653269,-0.5979355855606378,10.0,1.0,1.0
475,3.6375861597263857,0.0,0.0,1.0,-0.11049818850627745,-1.2184705569895626,-0.9583889057956728,6.0,2.0,0.0
476,3.258096538021482,0.0,1.0,0.0,0.9791635711029488,0.4600221514742429,-0.4958676591333755,3.0,1.0,0.0
477,4.23410650459726,1.0,0.0,1.0,-0.9822275961936585,0.3857415674467882,-1.0751038848882444,2.0,1.0,1.0
478,3.8066624897703196,1.0,0.0,1.0,-0.5048519681743784,0.512675891466416,0.1400851022243631,6.0,2.0,0.0
479,3.6635616461296463,0.0,0.0,0.0,-0.06898726433068787,-0.26471880959384414,1.1699831268262715,7.0,1.0,1.0
480,3.713572066704308,1.0,0.0,1.0,-0.152009112681867,1.2521799454911364,0.43297799445380425,9.0,1.0,1.0
481,3.7376696182833684,1.0,0.0,1.0,-0.36994146460371224,0.5942968737292329,0.23718235347803793,10.0,2.0,1.0
482,3.58351893845611,1.0,0.0,0.0,-0.20389776790135397,1.1921605099002284,-0.6208550420905146,2.0,2.0,0.0
483,3.4965075614664802,1.0,0.0,0.0,-0.21427549894525139,1.1321186589240533,1.4006527772337425,2.0,2.0,1.0
484,4.04305126783455,0.0,1.0,1.0,0.32536651533741306,-0.4033317094474716,-0.04871709835449509,7.0,3.0,0.0
485,3.5553480614894135,0.0,0.0,1.0,-0.22465322998914877,-1.2184705569895626,0.23602509670251598,9.0,2.0,1.0
486,3.2188758248682006,1.0,0.0,0.0,-1.81244607970545,0.3133907879809268,1.0826403192139895,2.0,2.0,0.0
487,3.7612001156935624,1.0,0.0,0.0,-0.494474237130481,1.4398572417161117,-0.03717530500571557,10.0,1.0,0.0
488,3.713572066704308,1.0,0.0,1.0,-1.7398019623981682,0.4931269536453847,0.30626081166798896,7.0,2.0,0.0
489,3.4965075614664802,1.0,0.0,0.0,0.9480303779712567,1.0286487602019168,1.0922845313656466,6.0,2.0,1.0
490,3.7376696182833684,0.0,0.0,0.0,0.3564997084691052,-1.2184705569895626,0.7622563193645909,10.0,1.0,1.0
491,3.6635616461296463,0.0,1.0,1.0,-0.28691961625253315,0.7653959111206332,0.6027174497099113,7.0,1.0,0.0
492,3.784189633918261,0.0,0.0,1.0,-1.2416708722910934,-1.2184705569895626,1.5672800185051974,9.0,2.0,0.0
493,4.31748811353631,0.0,0.0,0.0,0.014034584020491275,0.7232833262700544,1.0417574765247668,0.0,1.0,1.0
494,3.5553480614894135,0.0,1.0,1.0,-0.9822275961936585,-1.2184705569895626,0.3998358712512124,3.0,1.0,1.0
495,4.02535169073515,0.0,1.0,0.0,-0.06898726433068787,0.9218248794042583,-1.4489320751223485,1.0,1.0,1.0
496,3.9512437185814275,0.0,1.0,0.0,-0.8576948236668898,-1.2184705569895626,-0.4406882790521988,3.0,3.0,0.0
497,3.258096538021482,0.0,0.0,1.0,1.2074736540686914,0.036728254883452625,-1.60157486973383,0.0,1.0,1.0
498,3.6109179126442243,0.0,0.0,0.0,0.39801063264469483,0.5504312456408803,-0.3327627833990749,6.0,1.0,0.0
499,3.258096538021482,1.0,0.0,0.0,-0.494474237130481,1.3077568118320202,-0.7303180409987379,5.0,2.0,1.0
500,4.0943445622221,0.0,0.0,1.0,0.22158920489843914,1.6324151678631857,-1.379937942283378,0.0,2.0,1.0
501,3.7376696182833684,1.0,0.0,1.0,2.058447599668278,-0.2437106301919314,-1.1928203361904024,8.0,1.0,0.0
502,3.4657359027997265,0.0,0.0,0.0,0.7612312191811036,-1.2184705569895626,-0.6799033040480307,6.0,1.0,0.0
503,3.5263605246161616,0.0,0.0,1.0,-0.07936499537458526,1.5765896508557327,-0.9821417054332835,7.0,1.0,1.0
504,3.4011973816621555,0.0,1.0,1.0,0.532921136215361,-1.2184705569895626,-0.8650183134552398,9.0,2.0,0.0
505,3.713572066704308,0.0,0.0,1.0,1.3631396197271524,-1.2184705569895626,0.1618918118546995,6.0,2.0,0.0
506,3.6635616461296463,0.0,0.0,1.0,0.9999190331907436,0.6263374254298767,-0.5124641052733172,4.0,1.0,1.0
507,4.23410650459726,0.0,0.0,0.0,-0.06898726433068787,-1.2184705569895626,1.320040871296758,9.0,4.0,1.0
508,3.5263605246161616,0.0,0.0,1.0,2.058447599668278,1.0383903265290582,-1.685135381087893,7.0,1.0,0.0
509,3.4657359027997265,1.0,0.0,0.0,-1.3246927206422725,0.5078123933030572,1.7263937840709125,8.0,1.0,0.0
510,3.2188758248682006,1.0,0.0,1.0,-1.5633805346519125,0.8758696570793374,-0.35103947735732255,4.0,2.0,0.0
511,3.5263605246161616,0.0,0.0,1.0,0.19045601176674695,0.8097966264772879,-1.0602426284447735,8.0,1.0,1.0
512,3.784189633918261,0.0,0.0,1.0,-0.6086292786133524,-1.2184705569895626,-0.4185642626887906,9.0,2.0,1.0
513,3.5553480614894135,1.0,0.0,1.0,0.5951875224787453,1.1571630486630784,-1.371980584884743,4.0,2.0,1.0
514,3.6635616461296463,0.0,0.0,0.0,0.1593228186350548,1.094029315509111,-0.46019247193400203,6.0,1.0,1.0
515,3.713572066704308,0.0,0.0,0.0,1.7574933993952533,-1.2184705569895626,1.631596963165334,1.0,2.0,0.0
516,3.912023005428146,0.0,0.0,1.0,0.24234466698623391,0.9451487282141467,1.375110889221714,8.0,1.0,1.0
517,3.8066624897703196,1.0,0.0,1.0,0.429143825776387,0.7765240291364331,-0.9290247321837237,5.0,2.0,1.0
518,4.04305126783455,0.0,1.0,0.0,0.771608950225001,0.47026838418968164,-0.9456017052529234,2.0,1.0,1.0
519,3.6109179126442243,1.0,0.0,0.0,0.14894508759115738,0.8488443877222892,0.678146736962286,3.0,2.0,0.0
520,3.871201010907891,0.0,0.0,0.0,-0.8680725547107871,-1.2184705569895626,-0.946754615360869,7.0,2.0,1.0
521,3.713572066704308,0.0,0.0,1.0,-0.6916511269645315,-1.2184705569895626,0.7950175006207935,7.0,2.0,0.0
522,3.970291913552122,0.0,0.0,0.0,-0.2765418852086357,0.053906125272920144,-0.2751485740083415,2.0,1.0,1.0
523,3.8501476017100584,1.0,0.0,0.0,0.16970054967895218,1.372205047222002,1.2626356496830946,7.0,1.0,1.0
524,4.04305126783455,0.0,1.0,1.0,0.1593228186350548,1.4855146596367708,-1.4175962530977764,2.0,1.0,1.0
525,3.58351893845611,0.0,0.0,0.0,-0.5152296992182758,-1.2184705569895626,0.9112743409508197,8.0,2.0,1.0
526,3.4657359027997265,0.0,1.0,1.0,0.5017879430836688,-1.2184705569895626,0.7775435492305421,7.0,2.0,1.0
527,3.6888794541139363,0.0,0.0,0.0,-0.7435397821840184,0.8367415206671643,-0.2501300247725037,9.0,1.0,0.0
528,3.6109179126442243,1.0,0.0,1.0,-0.4737187750426862,1.8312943927654477,1.372166456605509,5.0,2.0,0.0
529,3.5553480614894135,0.0,0.0,0.0,-0.21427549894525139,0.7729625446372971,0.11234606068585212,4.0,1.0,0.0
530,4.31748811353631,1.0,0.0,0.0,-1.9784897764078082,1.7667033393493359,1.6749716634427145,1.0,2.0,1.0
531,3.6888794541139363,0.0,0.0,0.0,-0.5359851613060705,-1.2184705569895626,0.3101917639573186,5.0,2.0,0.0
532,3.8066624897703196,0.0,0.0,1.0,-0.20389776790135397,0.5069497211900672,1.4819777105199474,3.0,1.0,0.0
533,3.5263605246161616,1.0,0.0,0.0,1.591449702692895,0.4733075902120966,-1.166652528047383,3.0,2.0,1.0
534,3.5263605246161616,0.0,1.0,0.0,0.5121656741275662,0.7648118302245333,-0.04584134308599528,7.0,1.0,0.0
535,3.58351893845611,1.0,0.0,1.0,0.2838555911618235,0.5466630592676037,1.353722676745627,1.0,1.0,1.0
536,3.4011973816621555,0.0,0.0,0.0,-0.7227843200962236,-1.2184705569895626,-0.28546269456686246,0.0,1.0,1.0
537,3.4339872044851463,0.0,0.0,1.0,0.8027421433566931,-1.2184705569895626,0.8943365944727848,9.0,2.0,0.0
538,3.7376696182833684,0.0,0.0,0.0,2.058447599668278,-1.2184705569895626,-1.1406326804686615,5.0,2.0,1.0
539,3.7612001156935624,1.0,0.0,0.0,0.1593228186350548,-0.18729462789258786,-1.2937233557072083,10.0,2.0,0.0
540,3.6109179126442243,0.0,1.0,1.0,-2.165288935197961,-0.09068832013920533,-0.7562134000180729,6.0,2.0,1.0
541,3.6888794541139363,1.0,0.0,1.0,-0.05860953328679048,0.7297772234917979,-0.6717830335486348,6.0,2.0,1.0
542,3.5263605246161616,0.0,1.0,1.0,1.3423841576393576,-1.2184705569895626,-1.0062528443458867,3.0,2.0,1.0
543,3.5263605246161616,0.0,0.0,1.0,1.643338357912382,-1.2184705569895626,-0.3906023240369653,6.0,2.0,1.0
544,3.6888794541139363,0.0,1.0,0.0,-1.3558259137739646,1.1256772777477926,-0.47704884879500814,3.0,1.0,0.0
545,3.258096538021482,0.0,1.0,0.0,-0.46334104399878884,0.7215312436916491,0.2583128955002005,4.0,1.0,1.0
546,3.7612001156935624,0.0,0.0,1.0,0.5432988672592584,0.8587199660313486,1.3758816403163492,8.0,2.0,1.0
547,3.295836866004329,0.0,0.0,0.0,2.058447599668278,-0.21600713532066182,1.372396134520242,4.0,2.0,1.0
548,3.58351893845611,1.0,0.0,1.0,0.8857639917078723,0.9170399951992284,-0.6325461869372166,0.0,1.0,1.0
549,3.784189633918261,1.0,0.0,0.0,0.3149887842935157,0.5602551084539309,-0.6216080587814379,7.0,2.0,1.0
550,3.4965075614664802,1.0,0.0,1.0,-1.366203644817862,0.5432149325739607,-0.7682230686647685,5.0,1.0,0.0
551,3.6375861597263857,0.0,1.0,1.0,0.5432988672592584,-1.2184705569895626,-1.2995903137350346,4.0,2.0,0.0
552,3.9512437185814275,1.0,0.0,1.0,1.2801177713759733,0.7634217561181899,0.5993233977996102,2.0,1.0,1.0
553,3.58351893845611,0.0,0.0,0.0,0.9272749158834619,-1.2184705569895626,-1.1105516544400242,1.0,2.0,0.0
554,4.219507705176107,0.0,1.0,1.0,0.3046110532496183,-1.2184705569895626,1.1002916146413548,7.0,2.0,1.0
555,3.5263605246161616,0.0,0.0,1.0,1.6122051647806899,0.41389737277076677,1.3513330527788638,10.0,2.0,0.0
556,3.5553480614894135,0.0,0.0,1.0,-1.3350704516861698,1.3687274603077226,-0.8532096347172737,2.0,1.0,1.0
557,3.871201010907891,0.0,0.0,0.0,-0.9718498651497611,-1.2184705569895626,0.0583494957855462,9.0,2.0,0.0
558,3.6375861597263857,1.0,0.0,1.0,-1.6360246519591943,0.4964077654989992,1.2454384940841041,5.0,2.0,0.0
559,3.6635616461296463,0.0,1.0,0.0,0.6055652535226427,-1.2184705569895626,0.6252175397520239,4.0,2.0,1.0
560,3.58351893845611,0.0,1.0,0.0,1.1036963436297176,-1.2184705569895626,-0.0011436910650830573,5.0,2.0,0.0
561,3.6375861597263857,1.0,0.0,1.0,0.7819866812688984,0.40171076824068025,-1.1454327924065542,9.0,1.0,1.0
562,3.58351893845611,0.0,0.0,0.0,-0.13125365059407224,0.4309034452431521,0.6722178823881725,1.0,2.0,1.0
563,3.912023005428146,0.0,1.0,1.0,-0.07936499537458526,-1.2184705569895626,0.7764600119371151,10.0,2.0,1.0
564,3.6888794541139363,1.0,0.0,1.0,1.4980501232978185,0.1640923138606277,0.08083480715789916,5.0,2.0,0.0
565,4.174387269895637,0.0,0.0,1.0,-0.3803191956476097,0.08745138976455835,-1.1220522413801803,0.0,2.0,1.0
566,3.9512437185814275,1.0,0.0,0.0,-0.40107465773540446,1.1393415364966584,-0.8137029469827172,7.0,1.0,1.0
567,3.784189633918261,0.0,0.0,1.0,2.058447599668278,-1.2184705569895626,1.2765262083234192,7.0,2.0,1.0
568,3.6109179126442243,0.0,0.0,0.0,-0.8473170926229924,-1.2184705569895626,-0.14452738827217015,3.0,2.0,0.0
569,3.6109179126442243,0.0,0.0,0.0,0.6782093708299244,0.3741867565614413,-0.10704224869401294,2.0,2.0,0.0
570,4.2626798770413155,0.0,1.0,0.0,1.4150282749466394,-1.2184705569895626,-1.0226955923203294,1.0,2.0,1.0
571,3.6375861597263857,0.0,0.0,0.0,0.5017879430836688,-1.2184705569895626,-1.4498826043879405,7.0,2.0,0.0
572,3.4011973816621555,0.0,1.0,1.0,0.6470761776982322,-1.2184705569895626,0.5000625492931415,9.0,2.0,0.0
573,4.007333185232471,0.0,1.0,0.0,-2.3832212871198064,-1.2184705569895626,-1.6215604995163873,4.0,2.0,1.0
574,3.4657359027997265,0.0,0.0,1.0,0.8961417227517697,0.10522438863286435,-1.0164346523433843,9.0,1.0,0.0
575,4.219507705176107,0.0,1.0,0.0,1.2386068472003837,-1.2184705569895626,-0.8556239477558703,8.0,2.0,1.0
576,3.7376696182833684,0.0,1.0,1.0,-0.23503096103304616,1.1855556565214134,-1.6255670838215448,10.0,1.0,0.0
577,3.828641396489095,1.0,0.0,0.0,1.0414299573663333,0.4695120250468152,-0.18530434613923336,3.0,2.0,1.0
578,3.4657359027997265,0.0,0.0,1.0,0.667831639786027,0.5359822882977748,-0.8506911755235484,8.0,2.0,1.0
579,3.4339872044851463,0.0,1.0,0.0,0.958408109015154,0.7674890277748863,0.726409004129195,1.0,1.0,1.0
580,3.4657359027997265,0.0,1.0,1.0,-0.1727645747696618,-1.2184705569895626,0.6076804747485646,1.0,2.0,0.0
581,3.091042453358316,0.0,0.0,1.0,0.9687858400590514,0.989612206649549,1.3353647870370537,4.0,1.0,1.0
582,3.6375861597263857,0.0,0.0,0.0,-0.23503096103304616,0.3753634041780639,-1.3091178613289431,10.0,3.0,1.0
583,3.4339872044851463,1.0,0.0,1.0,-0.152009112681867,0.7378406780119152,0.03712350094340758,1.0,1.0,0.0
584,3.784189633918261,0.0,0.0,0.0,0.429143825776387,1.2206683968827934,-1.5854819415659303,4.0,1.0,0.0
585,3.4011973816621555,0.0,0.0,1.0,-1.4388477621251439,-1.2184705569895626,-1.3025488295541876,10.0,2.0,1.0
586,3.784189633918261,1.0,0.0,1.0,2.058447599668278,0.8518318782486954,-1.4115665558358919,5.0,2.0,1.0
587,3.044522437723423,0.0,0.0,1.0,-1.1690267549838116,0.11780438317438675,0.8053745662549686,0.0,1.0,1.0
588,3.5553480614894135,0.0,1.0,1.0,-2.393599018163704,0.2341002052364037,-1.5346958253375016,6.0,1.0,1.0
589,3.8066624897703196,0.0,1.0,1.0,-1.708668769266476,-0.2307294002541299,-0.8231425180248806,6.0,1.0,1.0
590,3.970291913552122,0.0,0.0,1.0,0.37725517055690005,-1.2184705569895626,1.2449252395766914,1.0,2.0,1.0
591,3.295836866004329,1.0,0.0,0.0,-0.733162051140121,0.4642756309385502,1.4620226812771275,3.0,1.0,1.0
592,3.258096538021482,1.0,0.0,0.0,-0.017098609111200903,0.6120810802901726,-1.305847080911107,2.0,1.0,1.0
593,3.6635616461296463,0.0,0.0,0.0,-0.41145238877930185,-1.2184705569895626,-1.5860482254177743,1.0,2.0,1.0
594,3.6888794541139363,0.0,0.0,0.0,-0.3076750783403279,0.11775522943669402,-1.0701312971809234,9.0,2.0,0.0
595,3.8066624897703196,1.0,0.0,0.0,-0.07936499537458526,0.47905825730234436,0.8397088934403961,8.0,2.0,0.0
596,3.4011973816621555,1.0,0.0,1.0,0.9895413021468462,0.6664444737386385,1.3034273862199173,7.0,1.0,1.0
597,3.871201010907891,0.0,0.0,1.0,-1.6256469209152968,0.9859653835765032,-0.5104695064558911,10.0,1.0,0.0
598,3.4965075614664802,0.0,0.0,1.0,1.3216286955515628,0.07406700311174023,-0.24557871608668044,10.0,1.0,0.0
599,3.8918202981106265,1.0,0.0,0.0,-0.8265616305351976,1.2284567826037058,-1.0783125948930907,3.0,1.0,0.0
600,3.6888794541139363,1.0,0.0,0.0,0.1593228186350548,0.12269558034954009,0.3116951893386192,4.0,2.0,0.0
601,3.58351893845611,0.0,1.0,0.0,0.2838555911618235,0.6897628788121045,0.36127414904774985,8.0,1.0,0.0
602,3.6635616461296463,0.0,1.0,1.0,0.719720295005514,-1.2184705569895626,-0.8153738059990583,7.0,1.0,1.0
603,3.5263605246161616,0.0,0.0,0.0,-0.21427549894525139,-1.2184705569895626,0.2945811420236884,8.0,2.0,0.0
604,3.7376696182833684,1.0,0.0,1.0,-0.6605179338328393,0.884436176888804,-1.623851541062519,2.0,2.0,1.0
605,3.367295829986474,0.0,1.0,0.0,-0.13125365059407224,0.34805618129633586,1.3525348194303675,8.0,1.0,1.0
606,3.8918202981106265,1.0,0.0,0.0,0.5744320603909505,0.46407213126230495,1.3894279428846288,7.0,1.0,1.0
607,4.04305126783455,0.0,1.0,1.0,1.4980501232978185,0.290263073792125,0.3604832294155611,6.0,1.0,0.0
608,3.332204510175204,0.0,0.0,0.0,1.4254060059905367,-0.15851167211081757,-0.36465358793979297,8.0,1.0,1.0
609,3.6635616461296463,0.0,0.0,0.0,-1.6879133071786812,0.6594571178212315,-0.2642671263977579,5.0,1.0,0.0
610,3.4011973816621555,0.0,0.0,0.0,-0.40107465773540446,1.7549187707650025,-0.40318123226945696,6.0,2.0,1.0
611,3.6109179126442243,0.0,0.0,0.0,-0.8161838994913002,-1.2184705569895626,-0.7567706428013584,1.0,1.0,1.0
612,3.367295829986474,0.0,0.0,1.0,0.36687743951300267,0.5125841484967162,-1.269576400253776,7.0,1.0,1.0
613,3.258096538021482,0.0,1.0,1.0,-0.1831423058135592,-1.2184705569895626,-1.6031097649883834,9.0,2.0,1.0
614,3.6109179126442243,0.0,0.0,1.0,-0.6501402027889419,0.6137545489102487,-1.2774955069777392,8.0,1.0,0.0
615,3.4339872044851463,1.0,0.0,1.0,-0.1623868437257644,1.0516845713111238,0.16090181484751465,8.0,2.0,1.0
616,3.912023005428146,1.0,0.0,1.0,-0.2661641541647383,1.5320227414283127,1.5084838632671085,9.0,2.0,0.0
617,3.7612001156935624,0.0,0.0,0.0,0.5744320603909505,-1.2184705569895626,0.9130279605178144,10.0,2.0,1.0
618,3.8918202981106265,0.0,1.0,0.0,0.6263207156104375,-1.2184705569895626,1.439686547535994,8.0,2.0,0.0
619,3.828641396489095,0.0,0.0,1.0,-1.2105376791594011,-1.2184705569895626,0.4386133620331639,2.0,2.0,0.0
620,3.5263605246161616,0.0,1.0,0.0,-0.1623868437257644,-1.2184705569895626,-0.14176777596131002,0.0,1.0,0.0
621,3.4011973816621555,1.0,0.0,0.0,-0.1831423058135592,0.8635378328746999,-0.5317146266353656,8.0,2.0,1.0
622,3.5263605246161616,0.0,0.0,1.0,0.6263207156104375,1.2443331196586345,-0.3695571505660019,3.0,1.0,0.0
623,3.5553480614894135,0.0,1.0,1.0,0.33574424638131045,0.3926832920441872,1.561887890443409,9.0,2.0,1.0
624,3.6888794541139363,0.0,1.0,0.0,-0.22465322998914877,0.9507490521132108,0.7032892531574011,7.0,1.0,0.0
625,3.258096538021482,1.0,0.0,1.0,-0.9718498651497611,0.5645628651725632,1.6836044929827116,10.0,2.0,0.0
626,3.4657359027997265,1.0,0.0,0.0,1.7574933993952533,-0.11487195908397733,-1.3037618975413898,2.0,1.0,1.0
627,3.5553480614894135,1.0,0.0,0.0,0.20083374281064434,-0.621794295798139,0.9821005072398615,6.0,2.0,0.0
628,3.784189633918261,0.0,0.0,0.0,0.2942333222057209,-1.2184705569895626,-0.7245018520482027,4.0,2.0,1.0
629,3.332204510175204,0.0,1.0,0.0,0.014034584020491275,0.5067404575576102,-1.1656348862344126,6.0,2.0,1.0
630,3.7612001156935624,1.0,0.0,1.0,1.2697400403320758,0.8980852251976674,1.0855233768840171,2.0,2.0,1.0
631,3.091042453358316,0.0,0.0,1.0,0.6055652535226427,0.5288240951226547,-0.7691741195304694,4.0,2.0,1.0
632,3.5263605246161616,0.0,0.0,0.0,0.2838555911618235,-1.2184705569895626,-0.5359060312458689,1.0,2.0,0.0
633,3.4657359027997265,0.0,0.0,1.0,2.058447599668278,-1.2184705569895626,1.360270670649313,8.0,2.0,0.0
634,3.8066624897703196,0.0,1.0,1.0,-0.14163138163796962,0.024580236838004338,0.18977429342322938,9.0,2.0,1.0
635,3.332204510175204,0.0,0.0,0.0,-0.9510944030619662,-1.2184705569895626,0.5474747821488234,5.0,2.0,0.0
636,3.9512437185814275,0.0,0.0,0.0,0.9168971848395645,-1.2184705569895626,1.364828412403149,4.0,2.0,1.0
637,3.295836866004329,0.0,1.0,0.0,-0.8680725547107871,-1.2184705569895626,1.1486314263578254,6.0,2.0,0.0
638,3.9889840465642745,0.0,0.0,0.0,-0.442585581910994,-1.2184705569895626,0.41357638292680254,6.0,2.0,1.0
639,3.258096538021482,0.0,1.0,1.0,1.4669169301661262,0.3972555503089702,-1.5622196198976326,3.0,1.0,0.0
640,3.6375861597263857,0.0,1.0,0.0,-1.1690267549838116,0.8777331761444985,-1.708144031236436,1.0,2.0,0.0
641,3.1780538303479458,0.0,1.0,0.0,0.1593228186350548,0.960636158334693,1.2038189781740452,6.0,2.0,0.0
642,3.4657359027997265,1.0,0.0,1.0,-0.42183011982319923,0.5088720005866069,1.444079289788633,0.0,2.0,1.0
643,3.58351893845611,0.0,0.0,0.0,-1.553002803608015,-1.2184705569895626,-0.3444789650510167,6.0,2.0,1.0
644,3.871201010907891,0.0,1.0,0.0,0.481032480995874,-1.2184705569895626,-0.8731147642163175,6.0,1.0,0.0
645,3.6888794541139363,0.0,0.0,1.0,0.36687743951300267,-1.2184705569895626,-1.279364052435452,7.0,2.0,0.0
646,3.6375861597263857,0.0,0.0,0.0,1.0206744952785385,-1.2184705569895626,0.30455726571147396,6.0,1.0,1.0
647,3.58351893845611,0.0,0.0,0.0,0.5744320603909505,-1.2184705569895626,-0.5220806726191889,9.0,2.0,1.0
648,3.784189633918261,0.0,1.0,1.0,0.19045601176674695,0.3472794881968345,0.34415749373227306,1.0,1.0,0.0
649,3.9889840465642745,1.0,0.0,1.0,-1.1067603687204273,0.6135316759367369,1.3938370286073545,5.0,1.0,0.0
650,3.828641396489095,0.0,0.0,1.0,-0.24540869207694355,-1.2184705569895626,-0.06204832781109794,9.0,2.0,1.0
651,3.8066624897703196,0.0,0.0,1.0,-0.1623868437257644,-1.2184705569895626,-0.2437068671616098,2.0,2.0,0.0
652,4.143134726391533,0.0,1.0,1.0,-0.6708956648767367,0.7234426356153448,-1.6283376497346973,7.0,1.0,1.0
653,3.332204510175204,0.0,0.0,0.0,-0.4322078508670966,1.3362738250785868,0.051293811108945,9.0,1.0,1.0
654,3.4339872044851463,0.0,0.0,0.0,0.875386260663975,-1.2184705569895626,-1.1518835948232333,9.0,2.0,0.0
655,3.5553480614894135,0.0,0.0,1.0,0.771608950225001,-1.2184705569895626,-1.5006379462099286,9.0,2.0,0.0
656,3.871201010907891,1.0,0.0,1.0,0.23196693594233653,0.4931352793599125,-1.7100153585613975,6.0,1.0,1.0
657,4.110873864173311,0.0,0.0,1.0,-0.017098609111200903,-1.2184705569895626,0.04337053158410826,8.0,2.0,1.0
658,3.4657359027997265,1.0,0.0,1.0,1.5291833164295108,1.2566189923234754,-0.20562171359121614,9.0,1.0,1.0
659,3.6888794541139363,0.0,0.0,1.0,-0.6190070096572498,-1.2184705569895626,-0.3016058702119444,7.0,2.0,0.0
660,3.4965075614664802,0.0,1.0,1.0,-1.0444939824570427,-1.2184705569895626,-0.8173605808148471,4.0,2.0,0.0
661,3.6109179126442243,1.0,0.0,1.0,0.003656852976593882,1.1984957382162602,-0.4882371711364805,9.0,1.0,0.0
662,3.713572066704308,0.0,0.0,0.0,1.2593623092881785,-1.2184705569895626,-0.5412147032901917,10.0,2.0,1.0
663,3.6635616461296463,1.0,0.0,0.0,-2.0615116247589875,0.7128263889331061,0.5088504679322616,8.0,1.0,0.0
664,3.4339872044851463,0.0,0.0,1.0,0.04516777715218345,-1.2184705569895626,-1.4487841145580502,3.0,2.0,1.0
665,3.6375861597263857,0.0,1.0,1.0,-0.6397624717450445,1.501843307144409,0.4837821928193504,6.0,1.0,1.0
666,3.4011973816621555,0.0,0.0,1.0,-1.0029830582814532,0.8428489126029468,-0.9210825011882542,4.0,1.0,1.0
667,4.127134385045092,0.0,0.0,1.0,-1.2728040654227855,-1.2184705569895626,1.5811382379387544,1.0,2.0,1.0
668,3.7376696182833684,1.0,0.0,0.0,-0.6086292786133524,0.6980945174059522,0.16260014480293802,4.0,2.0,1.0
669,3.6888794541139363,0.0,0.0,1.0,0.06592323923997824,-1.2184705569895626,-0.9050264327614018,7.0,2.0,0.0
670,3.4965075614664802,0.0,1.0,1.0,0.20083374281064434,0.7654956595850713,0.8033537135653813,6.0,2.0,1.0
671,3.6109179126442243,0.0,1.0,0.0,0.4602770189080792,-1.2184705569895626,-0.3152672725376453,7.0,2.0,1.0
672,3.5553480614894135,0.0,0.0,1.0,-0.6501402027889419,-1.2184705569895626,1.3468693729113799,6.0,2.0,1.0
673,4.127134385045092,0.0,0.0,1.0,-0.4737187750426862,0.5133755717065358,-1.5958890808105846,5.0,2.0,1.0
674,3.8918202981106265,1.0,0.0,1.0,-0.5256074302621732,1.4014198193899516,-1.0191161985045736,9.0,1.0,1.0
675,3.4965075614664802,0.0,0.0,1.0,0.16970054967895218,-1.2184705569895626,-1.73264984756497,7.0,2.0,1.0
676,3.5263605246161616,1.0,0.0,1.0,1.6640938200001767,0.8173930404343779,0.08610227279359853,2.0,2.0,1.0
677,3.7376696182833684,1.0,0.0,0.0,-2.445487673383191,0.7379068033984529,-0.03702803990822951,10.0,2.0,0.0
678,3.9512437185814275,0.0,1.0,1.0,-1.0548717135009402,-1.2184705569895626,0.9299455384582951,5.0,2.0,0.0
679,3.332204510175204,0.0,0.0,0.0,0.6263207156104375,0.9111433078849559,0.4586231592874456,2.0,1.0,0.0
680,3.7612001156935624,1.0,0.0,0.0,0.18007828072284957,0.4446451971810839,0.8376937783520093,1.0,1.0,0.0
681,3.4011973816621555,0.0,1.0,1.0,-0.7746729753157106,-1.2184705569895626,1.1908672997302077,2.0,1.0,1.0
682,3.4339872044851463,0.0,1.0,0.0,-0.5671183544377627,0.6927630180201972,1.4308348198168535,2.0,1.0,1.0
683,3.9318256327243257,0.0,0.0,1.0,-0.4529633129548914,-1.2184705569895626,-0.11931636859605237,6.0,1.0,0.0
684,3.6109179126442243,1.0,0.0,0.0,-1.8747124659688343,0.22353903635796396,-0.07066968214869311,5.0,2.0,1.0
685,3.6888794541139363,1.0,0.0,1.0,0.8027421433566931,0.8215832764902534,1.4699718669407194,6.0,1.0,1.0
686,3.58351893845611,0.0,0.0,1.0,0.39801063264469483,0.5858070465593583,1.330619616977326,6.0,1.0,0.0
687,3.784189633918261,0.0,1.0,1.0,0.34612197742520784,0.3408746120765798,-0.9819028125832884,4.0,2.0,0.0
688,4.04305126783455,0.0,0.0,0.0,0.07630097028387564,0.763453617987248,-0.016121959799708645,9.0,1.0,0.0
689,3.295836866004329,0.0,0.0,0.0,0.9999190331907436,0.02686884767376441,1.4364540177928293,1.0,1.0,1.0
690,3.784189633918261,1.0,0.0,1.0,-0.3906969266915071,1.034815873128446,1.150258123231591,8.0,1.0,1.0
691,3.58351893845611,0.0,1.0,1.0,-2.476620866514883,-1.2184705569895626,-0.6860510568012882,2.0,2.0,1.0
692,3.6109179126442243,0.0,1.0,0.0,-1.0963826376765298,0.15304617211094712,0.5971751008166851,7.0,1.0,0.0
693,3.4657359027997265,0.0,1.0,1.0,0.4395215568202844,-1.2184705569895626,-1.1273188376823642,5.0,1.0,0.0
694,3.9889840465642745,0.0,0.0,1.0,0.14894508759115738,-0.1834129236039233,0.4796667679580816,5.0,1.0,0.0
695,3.9318256327243257,0.0,0.0,1.0,1.456539199122229,-1.2184705569895626,1.6390330681882157,9.0,4.0,1.0
696,3.4011973816621555,0.0,1.0,0.0,0.20083374281064434,-1.2184705569895626,-1.5366794705526352,6.0,2.0,0.0
697,3.58351893845611,1.0,0.0,0.0,0.09705643237167041,1.1947943176691003,0.2299484554308072,5.0,2.0,1.0
698,3.332204510175204,0.0,0.0,0.0,-0.46334104399878884,-1.2184705569895626,-0.6421841398875638,2.0,2.0,0.0
699,3.6635616461296463,1.0,0.0,1.0,-1.0548717135009402,0.4369277401435521,-0.16609763918635415,2.0,1.0,1.0
700,3.9318256327243257,0.0,1.0,0.0,-0.5359851613060705,0.2975182935634725,-0.8683316912153244,6.0,1.0,1.0
701,3.332204510175204,1.0,0.0,1.0,-1.5633805346519125,0.30788636990882656,0.5506961844229928,4.0,2.0,0.0
702,4.110873864173311,0.0,0.0,0.0,1.010296764234641,-1.2184705569895626,-1.4335763417753942,6.0,1.0,0.0
703,3.713572066704308,1.0,0.0,1.0,2.058447599668278,1.4406689988825663,-0.9740902861482966,4.0,2.0,1.0
704,4.02535169073515,1.0,0.0,0.0,-1.0652494445448377,0.9845184704575187,0.28021627501743446,1.0,2.0,1.0
705,3.7612001156935624,0.0,0.0,0.0,-0.8888280167985819,-1.2184705569895626,1.3956424604518585,6.0,1.0,0.0
706,3.6109179126442243,1.0,0.0,1.0,1.456539199122229,0.6344050428072581,-1.7136309166513883,5.0,2.0,0.0
707,3.58351893845611,1.0,0.0,0.0,-0.28691961625253315,1.6683627212158667,1.0980831597791731,0.0,2.0,0.0
708,3.5553480614894135,0.0,1.0,1.0,0.958408109015154,-1.2184705569895626,-1.2724771923275153,3.0,2.0,0.0
709,3.5553480614894135,0.0,1.0,1.0,0.055545508196080846,1.262976315804985,-1.263894088664592,5.0,1.0,0.0
710,3.4011973816621555,0.0,1.0,1.0,0.8650085296200775,-1.2184705569895626,-0.09399268329635618,10.0,2.0,1.0
711,3.4657359027997265,0.0,0.0,1.0,-1.366203644817862,0.2745446050934336,-0.4015545353956914,4.0,1.0,0.0
712,4.290459441148391,0.0,0.0,1.0,0.22158920489843914,-1.2184705569895626,0.20081430746699738,1.0,2.0,1.0
713,3.871201010907891,0.0,0.0,0.0,0.36687743951300267,-1.2184705569895626,1.3421243767183553,7.0,2.0,1.0
714,3.9512437185814275,0.0,0.0,0.0,-1.9369788522322187,0.7432330191576807,1.4059967442187848,8.0,1.0,0.0
715,3.367295829986474,0.0,1.0,1.0,0.4187660947324896,0.6859580272729268,-1.466861905008005,9.0,1.0,0.0
716,3.58351893845611,0.0,0.0,0.0,-1.9784897764078082,-1.2184705569895626,-0.8036513651458066,5.0,1.0,1.0
717,3.871201010907891,1.0,0.0,0.0,-0.6812733959206341,1.2968474039324682,-0.6076542126612016,5.0,2.0,1.0
718,3.5263605246161616,0.0,0.0,1.0,-0.152009112681867,0.8990787070946795,-0.4493216301923047,0.0,2.0,1.0
719,4.2626798770413155,0.0,0.0,0.0,-0.3284305404281227,0.18931554635210437,-1.1663157482435689,3.0,2.0,0.0
720,3.6888794541139363,0.0,0.0,1.0,0.5121656741275662,-1.2184705569895626,-0.31129737410683195,2.0,2.0,1.0
721,3.6109179126442243,0.0,1.0,1.0,0.055545508196080846,-1.2184705569895626,0.4074590568465791,8.0,2.0,1.0
722,3.713572066704308,1.0,0.0,1.0,-0.5982515475694549,1.216679899294321,-0.29422349000030634,0.0,2.0,1.0
723,3.6375861597263857,0.0,0.0,1.0,-1.7709351555298602,1.2200617404915317,1.297930764269594,8.0,2.0,1.0
724,3.7612001156935624,0.0,0.0,0.0,0.18007828072284957,-1.2184705569895626,0.611993933784611,9.0,2.0,0.0
725,3.784189633918261,1.0,0.0,0.0,-1.5322473415202202,0.42050222614958194,1.63885850601835,7.0,1.0,0.0
726,3.5263605246161616,0.0,1.0,1.0,0.3046110532496183,-1.2184705569895626,1.0067763652039814,10.0,1.0,0.0
727,3.367295829986474,0.0,0.0,0.0,0.8442530675322827,-1.2184705569895626,-1.5242916418267989,5.0,2.0,0.0
728,3.332204510175204,1.0,0.0,0.0,0.36687743951300267,1.2204655376461273,0.4531580072103751,9.0,2.0,0.0
729,3.6888794541139363,1.0,0.0,0.0,0.5432988672592584,0.4235553617328413,1.2438417022832637,10.0,2.0,0.0
730,3.4011973816621555,0.0,0.0,0.0,-1.6152691898713996,-1.2184705569895626,1.1192773370146534,4.0,2.0,0.0
731,3.828641396489095,0.0,0.0,0.0,-1.3869591069056568,-1.2184705569895626,-1.1168887480329068,8.0,2.0,1.0
732,3.970291913552122,0.0,1.0,1.0,1.0310522263224358,-1.2184705569895626,1.3711225609203774,8.0,2.0,1.0
733,3.8066624897703196,1.0,0.0,1.0,0.1178118944594652,0.6552731260512521,0.769340865913899,2.0,2.0,1.0
734,3.6109179126442243,0.0,0.0,0.0,-2.3728435560759094,0.34525249692911897,0.3119387765895969,5.0,1.0,0.0
735,4.219507705176107,1.0,0.0,1.0,0.03479004610828606,1.1569739588773618,1.5050576460167426,6.0,1.0,1.0
736,3.4011973816621555,0.0,1.0,1.0,0.32536651533741306,0.92224500776812,-0.7797704257480457,0.0,1.0,0.0
737,3.4011973816621555,0.0,0.0,1.0,0.18007828072284957,-1.2184705569895626,0.655726625603578,7.0,2.0,1.0
738,3.6635616461296463,0.0,0.0,1.0,-0.027476340155098297,0.7382965108823091,-0.19935260187922738,1.0,1.0,1.0
739,4.02535169073515,1.0,0.0,0.0,-0.2765418852086357,0.6831980529069807,0.6158763772637883,8.0,4.0,0.0
740,3.332204510175204,0.0,0.0,1.0,1.4254060059905367,-1.2184705569895626,0.05515678151738051,6.0,2.0,0.0
741,3.258096538021482,0.0,0.0,0.0,0.6470761776982322,-1.2184705569895626,-0.3117508184683947,4.0,2.0,0.0
742,3.044522437723423,1.0,0.0,0.0,-0.6501402027889419,0.7203528348661841,-1.6847956455501272,2.0,2.0,0.0
743,3.367295829986474,1.0,0.0,1.0,-1.6879133071786812,0.0537783575768981,1.1743364013373172,1.0,2.0,1.0
744,3.4339872044851463,1.0,0.0,1.0,0.4083883636885922,0.4023502471603687,0.9753600428958958,7.0,2.0,0.0
745,3.4657359027997265,0.0,1.0,0.0,0.2942333222057209,0.7000582652652357,0.012309940550469375,9.0,2.0,1.0
746,3.6888794541139363,1.0,0.0,0.0,0.5432988672592584,0.7771473369567503,0.27957470688316804,1.0,1.0,0.0
747,3.6375861597263857,1.0,0.0,1.0,1.695227013131869,0.5551829870976939,-1.7047230299871616,2.0,2.0,0.0
748,3.1780538303479458,1.0,0.0,0.0,0.20083374281064434,0.7659823936651544,1.0279343781652264,9.0,1.0,1.0
749,3.58351893845611,1.0,0.0,1.0,-0.2661641541647383,0.19225468369029167,-1.1754395773529878,4.0,1.0,1.0
750,3.784189633918261,0.0,1.0,1.0,-0.24540869207694355,1.7423874496314882,0.39130927426678136,3.0,1.0,0.0
751,3.6888794541139363,0.0,0.0,0.0,-0.8058061684474028,0.6870591030192206,0.051996928056092115,5.0,1.0,0.0
752,3.6888794541139363,0.0,0.0,1.0,-1.3558259137739646,-1.2184705569895626,-1.7348021434820653,7.0,2.0,1.0
753,4.143134726391533,0.0,0.0,1.0,-0.9614721341058636,0.6829404360863048,-1.3920395864159887,6.0,1.0,1.0
754,3.4011973816621555,0.0,0.0,0.0,-0.29729734729643054,-1.2184705569895626,-1.0614428302959495,1.0,2.0,0.0
755,3.5553480614894135,1.0,0.0,1.0,1.217851385112589,0.6244183482312323,-0.7404878521937247,7.0,1.0,0.0
756,3.6375861597263857,1.0,0.0,1.0,0.7404757570933088,0.29715420366277845,0.361788099021975,3.0,2.0,0.0
757,3.8501476017100584,0.0,1.0,0.0,0.5017879430836688,-0.31255356197340267,-0.9563913512442948,5.0,2.0,1.0
758,3.828641396489095,0.0,1.0,0.0,0.8027421433566931,0.23998744606688535,-0.5093976182315683,7.0,2.0,0.0
759,3.6109179126442243,1.0,0.0,1.0,-0.5463628923499679,0.8463100081980659,-1.0451642124891891,3.0,2.0,1.0
760,3.5263605246161616,0.0,0.0,0.0,1.3112509645076653,1.2115594247498656,1.3877805558732,9.0,2.0,0.0
761,4.189654742026425,1.0,0.0,1.0,-0.20389776790135397,0.8545095561287329,-0.26517818792175674,6.0,1.0,1.0
762,3.4657359027997265,0.0,0.0,0.0,-0.4322078508670966,0.507268339880648,0.7077459783567631,6.0,1.0,1.0
763,3.6109179126442243,0.0,0.0,1.0,-1.1482712928960168,-1.2184705569895626,0.42361840209504514,5.0,2.0,0.0
764,3.5263605246161616,0.0,0.0,0.0,-2.1445334731101666,-1.2184705569895626,0.3858865456652554,7.0,2.0,0.0
765,3.4339872044851463,0.0,0.0,0.0,0.8234976054444879,-1.2184705569895626,1.5491076445687817,5.0,2.0,0.0
766,3.8918202981106265,1.0,0.0,1.0,-0.6501402027889419,0.80070110357552,0.5829733207778949,5.0,1.0,1.0
767,3.6888794541139363,0.0,1.0,0.0,0.429143825776387,-1.2184705569895626,-0.3221696067821535,0.0,2.0,0.0
768,3.6888794541139363,0.0,1.0,0.0,0.6782093708299244,-1.2184705569895626,-0.12441344486275956,6.0,2.0,0.0
769,3.5553480614894135,0.0,0.0,1.0,-0.9614721341058636,0.9812810483853853,-1.5779149149156497,2.0,2.0,0.0
770,4.248495242049359,0.0,0.0,1.0,0.4187660947324896,1.2624953456811128,-0.5143293472636717,10.0,1.0,1.0
771,3.4011973816621555,0.0,0.0,1.0,0.8234976054444879,1.656129684816299,0.20131556517189975,5.0,1.0,0.0
772,3.5263605246161616,1.0,0.0,0.0,-1.075627175588735,0.3999900672016488,-1.0028881759084016,0.0,1.0,0.0
773,4.290459441148391,1.0,0.0,1.0,-1.2728040654227855,0.2900216280708205,-0.3779098808473799,5.0,1.0,1.0
774,4.04305126783455,0.0,0.0,0.0,-0.4529633129548914,0.8510330899837165,0.73129639715202,10.0,2.0,0.0
775,3.5263605246161616,1.0,0.0,1.0,-0.40107465773540446,1.2750236247266264,-0.7420644754570109,3.0,2.0,1.0
776,3.5263605246161616,1.0,0.0,0.0,0.6885871018738219,-0.08903838767365962,-0.20583191843520737,4.0,1.0,0.0
777,3.828641396489095,0.0,0.0,1.0,-1.553002803608015,-1.2184705569895626,-0.27415440420028325,0.0,1.0,0.0
778,3.367295829986474,0.0,1.0,0.0,-2.9955074187097526,1.1207098682627314,0.0031965434432336447,6.0,3.0,0.0
779,3.6888794541139363,0.0,1.0,1.0,-1.0548717135009402,0.6407285831009724,1.6553299419987968,2.0,2.0,1.0
780,3.4657359027997265,0.0,1.0,1.0,-1.2520486033349907,0.6852272857132227,-1.0261948335859776,2.0,2.0,0.0
781,3.4965075614664802,0.0,0.0,1.0,1.5188055853856133,-1.2184705569895626,-1.0901327488334585,7.0,2.0,1.0
782,3.4011973816621555,0.0,1.0,1.0,-0.027476340155098297,-0.49762010625435205,1.2703480288971276,2.0,1.0,1.0
783,3.784189633918261,0.0,0.0,1.0,-2.1237780110223716,-1.2184705569895626,-1.1571181996520556,2.0,2.0,0.0
784,3.1780538303479458,0.0,0.0,1.0,0.1593228186350548,-1.2184705569895626,-0.1540128601239396,1.0,2.0,0.0
785,3.6375861597263857,1.0,0.0,0.0,-0.6708956648767367,0.4533013785316186,1.592527376322253,6.0,1.0,0.0
786,3.6375861597263857,1.0,0.0,0.0,-1.1067603687204273,0.6188558102673326,0.6192984217132812,8.0,1.0,0.0
787,4.0943445622221,0.0,0.0,0.0,0.7923644123127958,-1.2184705569895626,1.0942224496378774,4.0,1.0,1.0
788,3.8918202981106265,1.0,0.0,1.0,0.3046110532496183,1.0184952311155466,-0.4757787525292046,5.0,2.0,0.0
789,3.784189633918261,0.0,1.0,1.0,1.2593623092881785,0.9934567654426282,1.3374847437473811,7.0,1.0,1.0
790,4.189654742026425,0.0,1.0,0.0,0.19045601176674695,-1.2184705569895626,1.3426750125669245,1.0,1.0,1.0
791,3.258096538021482,0.0,0.0,0.0,-1.2935595275105802,-1.2184705569895626,-0.06385619378944488,6.0,2.0,1.0
792,3.4657359027997265,1.0,0.0,1.0,-0.733162051140121,0.653081541811719,0.11659518904176887,6.0,1.0,0.0
793,3.6375861597263857,0.0,0.0,0.0,2.058447599668278,2.1883189640232077,-0.5400023307698018,3.0,1.0,1.0
794,3.8918202981106265,1.0,0.0,1.0,0.2527223980301313,0.07357530562491933,0.016805438024612446,3.0,1.0,0.0
795,3.295836866004329,1.0,0.0,0.0,2.058447599668278,0.7529031764717572,-0.4521556574520716,8.0,1.0,0.0
796,3.6109179126442243,0.0,0.0,1.0,-0.4840965060865836,0.8442132090162331,1.5675352548252794,7.0,1.0,0.0
797,3.784189633918261,0.0,0.0,0.0,-0.9614721341058636,-1.2184705569895626,-0.23988371222817337,1.0,1.0,1.0
798,3.784189633918261,0.0,0.0,0.0,-0.9926053272375559,-1.2184705569895626,0.4298555223336722,6.0,3.0,0.0
799,3.295836866004329,1.0,0.0,1.0,-0.8265616305351976,0.6754215153182807,-0.6955361809196515,4.0,2.0,0.0
800,3.871201010907891,1.0,0.0,1.0,1.9442925581854065,0.9736111439865988,1.1780048149050362,2.0,1.0,1.0
801,3.8918202981106265,1.0,0.0,0.0,0.2527223980301313,0.7739750796117862,-1.4841741603644165,2.0,1.0,0.0
802,3.9318256327243257,0.0,0.0,1.0,0.8650085296200775,-1.2184705569895626,0.8109908084969925,2.0,2.0,1.0
803,3.713572066704308,0.0,0.0,1.0,-0.23503096103304616,-1.2184705569895626,-1.744311087338747,9.0,1.0,0.0
804,3.8066624897703196,0.0,0.0,0.0,-1.2105376791594011,0.6136327052803331,0.6241635597981156,2.0,1.0,1.0
805,3.4965075614664802,0.0,0.0,0.0,-0.9822275961936585,0.7589271511523676,-0.5321101733848116,3.0,1.0,1.0
806,3.7612001156935624,0.0,1.0,1.0,1.6122051647806899,-1.2184705569895626,-0.4438884695885959,5.0,2.0,1.0
807,4.189654742026425,0.0,0.0,1.0,-1.469980955256836,-1.2184705569895626,-0.9103604893443705,2.0,2.0,1.0
808,3.295836866004329,0.0,0.0,1.0,-0.9095834788863767,0.12656271463778113,1.4441316236662516,7.0,2.0,0.0
809,3.1780538303479458,1.0,0.0,1.0,0.5951875224787453,-0.04464023407532118,-0.6430428675339435,8.0,2.0,0.0
810,3.9512437185814275,0.0,0.0,1.0,1.1036963436297176,0.089794758184328,0.27973031758240086,8.0,1.0,1.0
811,3.258096538021482,0.0,0.0,1.0,0.8338753364883853,0.557835047394569,1.254366027685776,0.0,1.0,0.0
812,3.871201010907891,0.0,1.0,0.0,1.2386068472003837,-0.05504801767457674,0.1294107298571159,3.0,2.0,1.0
813,3.258096538021482,0.0,0.0,0.0,0.8650085296200775,0.2500381846008168,-1.2521890344816455,3.0,1.0,0.0
814,3.6375861597263857,1.0,0.0,0.0,1.3112509645076653,0.472573806564392,0.5784289667601938,0.0,2.0,1.0
815,3.4965075614664802,0.0,1.0,0.0,-1.283181796466683,-0.12750783197877255,1.2149440130356064,0.0,1.0,1.0
816,3.58351893845611,0.0,0.0,1.0,2.0480698686243803,0.5561511716313333,0.45185365920407006,4.0,1.0,0.0
817,3.091042453358316,0.0,0.0,0.0,-0.6501402027889419,-1.2184705569895626,-0.7794418176792751,3.0,2.0,1.0
818,4.07753744390572,1.0,0.0,1.0,0.8961417227517697,0.9229262753703417,-1.252838774350955,2.0,4.0,0.0
819,3.912023005428146,0.0,0.0,0.0,-1.5322473415202202,-1.2184705569895626,-0.21923112977270406,7.0,3.0,1.0
820,3.713572066704308,0.0,0.0,0.0,-0.22465322998914877,-1.2184705569895626,-1.1471398156971302,7.0,2.0,1.0
821,3.6109179126442243,0.0,1.0,0.0,-1.2935595275105802,-1.2184705569895626,0.0321479575021344,6.0,2.0,1.0
822,3.970291913552122,1.0,0.0,1.0,0.481032480995874,0.49957890207469996,-1.2453197349107172,10.0,3.0,0.0
823,4.07753744390572,0.0,1.0,1.0,0.532921136215361,0.26944542516498166,-0.26571195870013,4.0,1.0,1.0
824,3.6109179126442243,0.0,0.0,1.0,-0.6397624717450445,-1.2184705569895626,-0.896360220814419,1.0,2.0,0.0
825,3.6375861597263857,0.0,1.0,1.0,-0.7539175132279158,-1.2184705569895626,-1.1855041991926272,4.0,2.0,1.0
826,3.784189633918261,0.0,0.0,1.0,0.32536651533741306,0.582756472734415,-1.2180424833355152,2.0,2.0,0.0
827,3.7612001156935624,1.0,0.0,0.0,0.8338753364883853,0.6850705381262486,-0.22618562402812845,2.0,2.0,0.0
828,3.784189633918261,0.0,0.0,0.0,-0.03785407119899569,1.0226225439827796,0.7517525102330389,7.0,1.0,0.0
829,3.713572066704308,0.0,1.0,1.0,1.3942728128588446,-1.2184705569895626,-1.0289864373701996,6.0,2.0,0.0
830,3.7612001156935624,0.0,1.0,0.0,0.003656852976593882,-1.2184705569895626,-1.0828293041050063,4.0,2.0,1.0
831,3.6888794541139363,0.0,1.0,0.0,0.8131198744005905,1.0245824492045887,1.2521662661587474,6.0,1.0,0.0
832,3.4965075614664802,0.0,1.0,0.0,-0.36994146460371224,-1.2184705569895626,-0.9985135157928804,6.0,2.0,1.0
833,3.7376696182833684,1.0,0.0,0.0,-1.6775355761347839,1.017608862738132,1.3183065509338026,0.0,1.0,1.0
834,4.204692619390966,0.0,1.0,1.0,-1.4284700310812464,-1.2184705569895626,-1.4986784684665193,9.0,2.0,1.0
835,3.8066624897703196,0.0,1.0,1.0,0.5225434051714636,-1.2184705569895626,-0.7167460061584063,9.0,1.0,0.0
836,3.8066624897703196,0.0,0.0,1.0,0.2942333222057209,0.5223239536150153,-0.48857986240819823,7.0,1.0,1.0
837,3.1780538303479458,0.0,0.0,1.0,1.300873233463768,-1.2184705569895626,1.09178188272712,6.0,2.0,1.0
838,3.4011973816621555,0.0,1.0,1.0,1.3942728128588446,0.07674548154125159,-0.6169785100792408,7.0,2.0,0.0
839,3.8066624897703196,0.0,0.0,1.0,0.5432988672592584,-1.2184705569895626,0.9119927581678356,3.0,2.0,1.0
840,3.367295829986474,0.0,0.0,1.0,0.8857639917078723,-1.2184705569895626,0.10360230418930737,8.0,2.0,0.0
841,3.295836866004329,1.0,0.0,0.0,1.0829408815419228,1.2655307090660535,0.6016358249502175,5.0,1.0,1.0
842,3.58351893845611,0.0,1.0,1.0,0.5951875224787453,-1.2184705569895626,0.07912847933413523,2.0,2.0,0.0
843,4.060443010546419,0.0,1.0,0.0,1.695227013131869,-1.2184705569895626,-1.069103744965879,5.0,3.0,0.0
844,3.7376696182833684,1.0,0.0,1.0,-0.03785407119899569,0.7516690494029146,-1.6580716378240405,5.0,1.0,1.0
845,3.6888794541139363,0.0,0.0,0.0,1.4150282749466394,0.9452438334916362,0.22002466562064057,3.0,1.0,1.0
846,3.4339872044851463,0.0,0.0,1.0,-0.42183011982319923,-1.2184705569895626,0.8424954550902293,9.0,2.0,1.0
847,3.2188758248682006,0.0,0.0,0.0,0.02441231506438867,1.10443149526205,0.5154066335709911,8.0,1.0,1.0
848,3.6635616461296463,0.0,1.0,1.0,1.8924039029659194,-1.2184705569895626,-0.5902084276768452,8.0,2.0,1.0
849,3.9889840465642745,0.0,1.0,0.0,0.1178118944594652,1.1863837448971342,0.8847377615306244,6.0,1.0,1.0
850,3.4657359027997265,0.0,1.0,0.0,-1.4077145689934516,-1.2184705569895626,-0.928666219042028,7.0,1.0,0.0
851,3.6635616461296463,0.0,0.0,1.0,0.3046110532496183,1.242778292470579,0.015447539073766984,6.0,1.0,0.0
852,3.332204510175204,1.0,0.0,0.0,0.04516777715218345,1.1976682902801186,-1.4506145832077941,3.0,2.0,0.0
853,3.044522437723423,0.0,0.0,0.0,0.03479004610828606,0.9333681623771819,-1.2588253526704825,7.0,1.0,0.0
854,3.7376696182833684,1.0,0.0,1.0,-0.7539175132279158,1.051082077777126,-1.5861817550457193,0.0,1.0,1.0
855,3.713572066704308,0.0,0.0,0.0,-0.06898726433068787,0.8565019636591793,0.04870545750059234,3.0,1.0,1.0
856,3.4011973816621555,0.0,0.0,0.0,-1.5945137277836046,-1.2184705569895626,1.5579245989473114,9.0,1.0,0.0
857,3.784189633918261,0.0,0.0,1.0,1.6122051647806899,0.4754812421434163,-1.1395788743814566,1.0,2.0,0.0
858,3.4011973816621555,1.0,0.0,0.0,-0.1623868437257644,0.339801395451975,0.5475599768333194,3.0,1.0,1.0
859,3.8066624897703196,0.0,0.0,1.0,-1.3246927206422725,0.6799369345704223,-0.318421040664327,10.0,2.0,0.0
860,3.367295829986474,0.0,0.0,1.0,0.4083883636885922,-1.2184705569895626,-0.1315454570220011,1.0,2.0,0.0
861,3.2188758248682006,0.0,1.0,0.0,2.058447599668278,-1.2184705569895626,-0.5455662391342068,1.0,2.0,1.0
862,4.02535169073515,0.0,0.0,0.0,0.5744320603909505,-1.2184705569895626,-0.8001660332164025,1.0,2.0,1.0
863,3.6635616461296463,1.0,0.0,0.0,-0.6708956648767367,0.8969401192303137,-1.1944811109379665,0.0,2.0,0.0
864,4.110873864173311,1.0,0.0,0.0,1.0829408815419228,0.6376016368562264,-0.1200914663582635,3.0,1.0,0.0
865,3.5553480614894135,0.0,0.0,0.0,-0.6605179338328393,0.7153028086754248,0.5441720102576248,3.0,1.0,1.0
866,3.871201010907891,0.0,0.0,1.0,0.5744320603909505,-1.2184705569895626,1.2843881129020784,3.0,2.0,0.0
867,3.8501476017100584,1.0,0.0,0.0,1.0518076884102305,0.6053362908633336,-0.14102188780521197,9.0,3.0,0.0
868,3.828641396489095,0.0,0.0,0.0,-0.24540869207694355,-1.2184705569895626,1.625162851952148,8.0,2.0,0.0
869,3.58351893845611,1.0,0.0,1.0,0.2838555911618235,0.8703799691175554,-1.0969271118553707,1.0,2.0,1.0
870,3.784189633918261,1.0,0.0,0.0,-0.42183011982319923,0.8183884436501273,-1.4347139516134713,9.0,2.0,1.0
871,3.367295829986474,1.0,0.0,0.0,-0.3076750783403279,1.0730963877577375,-0.32526095676243916,1.0,2.0,0.0
872,3.367295829986474,0.0,1.0,1.0,0.4602770189080792,-1.2184705569895626,1.3262931179385506,8.0,1.0,0.0
873,3.295836866004329,0.0,1.0,1.0,-0.2661641541647383,-1.2184705569895626,1.5820030509197407,8.0,2.0,0.0
874,3.6635616461296463,0.0,0.0,0.0,-1.3765813758617593,0.788163698266005,1.5264519438274369,7.0,1.0,0.0
875,3.295836866004329,0.0,1.0,0.0,0.2838555911618235,0.007235692048087179,1.466895643363599,3.0,1.0,1.0
876,3.8066624897703196,0.0,0.0,0.0,1.4461614680783315,-1.2184705569895626,0.4093964535187009,5.0,2.0,1.0
877,4.07753744390572,0.0,0.0,1.0,0.1281896255033626,0.36130463464849877,-0.6875334443115196,5.0,1.0,1.0
878,3.58351893845611,0.0,0.0,0.0,0.667831639786027,0.587700025845156,-1.4358432158498018,8.0,1.0,1.0
879,3.4657359027997265,0.0,1.0,1.0,0.8027421433566931,1.421274246890193,-1.5798206678478157,8.0,2.0,1.0
880,3.8501476017100584,1.0,0.0,1.0,-2.6219091011294466,0.8254158270412253,0.6878756221983299,2.0,1.0,0.0
881,3.258096538021482,1.0,0.0,0.0,1.695227013131869,0.94560151899654,0.6196567609882736,8.0,1.0,1.0
882,3.1354942159291497,0.0,1.0,1.0,0.3564997084691052,-1.2184705569895626,0.728511226435811,8.0,2.0,0.0
883,3.828641396489095,0.0,0.0,1.0,-0.5671183544377627,-1.2184705569895626,1.170560364280408,7.0,2.0,0.0
884,3.4965075614664802,1.0,0.0,1.0,-1.4803586863007334,1.5139884432117514,-1.3698103806972333,9.0,1.0,1.0
885,3.8066624897703196,0.0,0.0,1.0,1.6640938200001767,0.6235801729321414,1.1233026989237405,4.0,2.0,0.0
886,3.9889840465642745,0.0,1.0,1.0,-0.7954284374035054,0.14091576615392276,-1.293837586131114,1.0,2.0,1.0
887,3.828641396489095,0.0,0.0,1.0,1.695227013131869,-1.2184705569895626,-0.8266676654292839,7.0,1.0,1.0
888,3.58351893845611,1.0,0.0,1.0,0.20083374281064434,1.1007010948239373,1.3662621172365255,1.0,1.0,1.0
889,4.060443010546419,0.0,0.0,0.0,-0.29729734729643054,-0.07397636954350188,-0.2783597181470308,7.0,2.0,1.0
890,3.58351893845611,1.0,0.0,1.0,-0.7435397821840184,0.9635296643528726,-1.314985514823582,10.0,2.0,1.0
891,3.9512437185814275,0.0,0.0,1.0,1.404650543902742,-0.2876383809194525,0.732100878387047,0.0,1.0,1.0
892,3.58351893845611,1.0,0.0,0.0,-0.6605179338328393,0.43163210537422436,1.381105291542879,1.0,1.0,0.0
893,4.07753744390572,1.0,0.0,1.0,-0.3803191956476097,-0.06072711564186484,-0.2563525402080741,3.0,1.0,1.0
894,3.5553480614894135,0.0,0.0,0.0,-0.6293847407011471,0.3206221513779545,-1.207664727563677,3.0,1.0,0.0
895,3.58351893845611,0.0,1.0,1.0,0.1178118944594652,-1.2184705569895626,-0.6571526720868185,5.0,2.0,1.0
896,3.4657359027997265,1.0,0.0,1.0,-0.006720878067303511,0.9911750393323426,0.5125842553803288,7.0,2.0,0.0
897,3.6635616461296463,0.0,0.0,1.0,-0.2661641541647383,1.0402732188914858,-0.8282267281555619,7.0,1.0,0.0
898,3.8501476017100584,0.0,1.0,1.0,1.4357837370344342,1.701366013713728,0.6752146488819973,8.0,1.0,0.0
899,3.912023005428146,0.0,0.0,1.0,0.8961417227517697,0.4910359184197637,0.40107536697727864,6.0,1.0,0.0
900,3.4339872044851463,0.0,1.0,1.0,0.5225434051714636,-1.2184705569895626,0.7842436764993999,2.0,2.0,1.0
901,3.6635616461296463,0.0,0.0,0.0,-1.2728040654227855,-1.2184705569895626,0.7990489478644875,2.0,1.0,0.0
902,3.5263605246161616,1.0,0.0,1.0,-0.29729734729643054,0.06244590672996116,0.0634323149826029,2.0,1.0,1.0
903,3.9512437185814275,0.0,0.0,0.0,-0.9926053272375559,-0.23613006711442297,1.7104895012758252,8.0,1.0,0.0
904,3.6888794541139363,0.0,0.0,0.0,-0.46334104399878884,-1.2184705569895626,0.5617605398051881,10.0,3.0,0.0
905,3.1354942159291497,0.0,0.0,0.0,-1.0133607893253507,-1.2184705569895626,0.7344011348684404,8.0,2.0,1.0
906,3.4965075614664802,0.0,1.0,1.0,-1.1378935618521193,0.8941144998075139,1.0311385676357936,2.0,1.0,1.0
907,3.091042453358316,0.0,0.0,0.0,0.9895413021468462,0.07882947193150319,1.1692758370782512,4.0,2.0,0.0
908,3.58351893845611,0.0,0.0,1.0,-0.3076750783403279,-1.2184705569895626,0.5449194632140508,8.0,2.0,1.0
909,3.4965075614664802,0.0,0.0,1.0,0.02441231506438867,-1.2184705569895626,0.6514312487046493,6.0,2.0,1.0
910,3.7376696182833684,1.0,0.0,1.0,-1.0029830582814532,0.5950974232030543,1.4770993585656815,10.0,2.0,1.0
911,3.4657359027997265,0.0,0.0,0.0,0.19045601176674695,-1.2184705569895626,-0.4203481350621161,9.0,1.0,1.0
912,3.1354942159291497,0.0,0.0,0.0,0.10743416341556782,-1.2184705569895626,-0.9745861539854043,9.0,2.0,1.0
913,3.6109179126442243,0.0,0.0,1.0,-0.5774960854816601,-1.2184705569895626,-1.5363539920845197,2.0,2.0,1.0
914,3.828641396489095,0.0,0.0,1.0,0.04516777715218345,0.8287650058199039,-0.23165512277277528,5.0,1.0,0.0
915,3.8501476017100584,1.0,0.0,0.0,0.5640543293470531,0.4661189761569711,0.14375821019306456,4.0,1.0,0.0
916,3.9318256327243257,0.0,0.0,1.0,-0.20389776790135397,-1.2184705569895626,-0.7387319723595906,2.0,2.0,0.0
917,3.6888794541139363,0.0,1.0,1.0,-1.1690267549838116,-1.2184705569895626,-0.9083031246471421,2.0,2.0,1.0
918,3.8918202981106265,0.0,0.0,0.0,0.1593228186350548,-1.2184705569895626,0.8376393580739541,2.0,2.0,1.0
919,3.367295829986474,1.0,0.0,0.0,-1.2935595275105802,0.7637376529405596,0.9634892937449397,2.0,2.0,1.0
920,3.295836866004329,0.0,0.0,0.0,-0.19352003685745658,0.7714046753612408,-0.7009387409836231,8.0,1.0,1.0
921,3.6375861597263857,0.0,0.0,1.0,-2.1445334731101666,-1.2184705569895626,1.3836503523421717,3.0,2.0,1.0
922,3.6375861597263857,1.0,0.0,0.0,0.4395215568202844,0.3540974478455806,1.4243711512641481,8.0,2.0,0.0
923,3.713572066704308,0.0,0.0,1.0,-1.8228238107493473,-1.2184705569895626,-1.3508719500671653,6.0,1.0,1.0
924,3.828641396489095,1.0,0.0,0.0,1.1970959230247942,0.9069274542459184,-1.2831781663003294,7.0,2.0,0.0
925,3.7612001156935624,0.0,1.0,0.0,-1.4388477621251439,-1.2184705569895626,-0.4743090572882961,10.0,2.0,1.0
926,4.276666119016055,0.0,0.0,0.0,1.5810719716489976,-1.2184705569895626,0.8269912395788676,8.0,2.0,1.0
927,3.58351893845611,0.0,0.0,0.0,-1.0860049066326325,-1.2184705569895626,0.5712640937940753,4.0,1.0,1.0
928,3.2188758248682006,0.0,0.0,0.0,-0.34918600251591747,0.8427264285334523,-1.1002924757596682,7.0,1.0,1.0
929,3.4339872044851463,1.0,0.0,1.0,0.10743416341556782,0.6273832632624767,0.8546701232381225,5.0,2.0,1.0
930,3.258096538021482,0.0,1.0,0.0,-1.314314989598375,-1.2184705569895626,-0.540192367076239,10.0,2.0,0.0
931,3.8918202981106265,0.0,0.0,1.0,0.09705643237167041,0.7079803427482763,-0.06899099913071458,3.0,1.0,0.0
932,3.295836866004329,0.0,0.0,1.0,1.8093820546147403,1.0657001111691025,-0.6980050881030067,5.0,1.0,0.0
933,3.4965075614664802,1.0,0.0,0.0,-0.6708956648767367,0.790028658320219,0.5230517263709425,3.0,2.0,1.0
934,3.6109179126442243,0.0,1.0,0.0,-0.1623868437257644,-1.2184705569895626,-0.9961990022418363,1.0,1.0,0.0
935,3.7376696182833684,0.0,1.0,1.0,-0.22465322998914877,0.5028952583249521,-0.9436514424447757,7.0,1.0,1.0
936,3.367295829986474,0.0,1.0,1.0,-0.048231802242893085,1.1766777229666299,0.03292861899884335,6.0,2.0,0.0
937,3.9512437185814275,0.0,0.0,0.0,1.1452072678053071,0.37121223493651095,-0.2582382984693888,3.0,1.0,1.0
938,3.4011973816621555,1.0,0.0,0.0,1.3112509645076653,0.7545550302560402,1.4046656207402097,7.0,1.0,0.0
939,3.9318256327243257,0.0,0.0,1.0,-0.3906969266915071,0.9767076693513393,0.46483611205434827,4.0,1.0,0.0
940,3.6635616461296463,0.0,0.0,1.0,-0.733162051140121,-1.2184705569895626,-0.9433150103743678,1.0,2.0,0.0
941,3.58351893845611,0.0,0.0,1.0,-0.23503096103304616,1.538147265122835,1.0318307309806483,1.0,1.0,1.0
942,3.7612001156935624,0.0,0.0,0.0,0.19045601176674695,0.5801020107891185,-0.603742211842505,6.0,1.0,1.0
943,3.7376696182833684,0.0,0.0,0.0,0.03479004610828606,-1.2184705569895626,-1.11071769714144,5.0,1.0,0.0
944,3.6635616461296463,1.0,0.0,0.0,-0.6086292786133524,0.8549432938336492,0.9326206515514711,4.0,1.0,1.0
945,4.343805421853684,0.0,0.0,1.0,1.2697400403320758,0.5829401187837095,0.7424436869515716,4.0,1.0,1.0
946,3.784189633918261,0.0,0.0,0.0,0.2838555911618235,-1.2184705569895626,0.2556748160147744,4.0,3.0,0.0
947,3.6888794541139363,0.0,0.0,1.0,0.13856735654726,-0.4767843652091005,0.6325397620844053,10.0,1.0,0.0
948,3.4965075614664802,0.0,0.0,1.0,0.6574539087421296,1.5883730986708031,1.5060323427540587,8.0,1.0,0.0
949,3.5263605246161616,0.0,0.0,0.0,-2.3832212871198064,-1.2184705569895626,0.038668306600034966,2.0,2.0,0.0
950,3.295836866004329,0.0,1.0,1.0,0.5121656741275662,0.12005200587708745,-0.7169609054033801,5.0,1.0,1.0
951,3.5263605246161616,0.0,1.0,1.0,0.04516777715218345,-1.2184705569895626,0.28296302119226857,4.0,2.0,0.0
952,3.4657359027997265,0.0,0.0,1.0,-0.733162051140121,-1.2184705569895626,-0.1980459936057828,3.0,2.0,0.0
953,3.6635616461296463,0.0,1.0,1.0,-0.3284305404281227,-1.2184705569895626,-1.0852055403356344,0.0,2.0,1.0
954,3.295836866004329,0.0,1.0,0.0,0.958408109015154,1.4441232097522105,1.4128956011292322,5.0,1.0,1.0
955,3.6888794541139363,0.0,1.0,1.0,-0.442585581910994,1.014161856813752,-1.5856161666606874,2.0,2.0,0.0
956,4.02535169073515,0.0,0.0,1.0,0.02441231506438867,0.18226158471847545,-1.688806924256267,3.0,1.0,1.0
957,3.367295829986474,0.0,0.0,0.0,-1.4180923000373489,-1.2184705569895626,-0.10935415424451113,9.0,2.0,0.0
958,3.4965075614664802,0.0,0.0,0.0,0.6574539087421296,-1.2184705569895626,-0.6871872757057408,10.0,2.0,0.0
959,3.4657359027997265,1.0,0.0,0.0,-0.4840965060865836,0.6707075597966314,1.4460055589917589,1.0,1.0,1.0
960,3.6888794541139363,0.0,1.0,0.0,0.27347786011792613,-1.2184705569895626,1.4767415408907978,6.0,1.0,1.0
961,3.713572066704308,0.0,0.0,1.0,0.6470761776982322,-0.47362827896350745,-0.06509638498232326,9.0,1.0,1.0
962,3.7612001156935624,0.0,0.0,0.0,0.1178118944594652,0.09809181304090636,-0.5054567555401648,1.0,2.0,0.0
963,3.7612001156935624,1.0,0.0,1.0,-0.29729734729643054,1.172490208778966,0.00700561517372282,1.0,2.0,0.0
964,3.367295829986474,1.0,0.0,0.0,1.0310522263224358,0.909904537629165,-0.935417115388177,10.0,2.0,1.0
965,3.6109179126442243,0.0,0.0,1.0,-1.314314989598375,0.6168435491099353,1.1798380654220288,2.0,1.0,1.0
966,3.332204510175204,0.0,0.0,0.0,0.3149887842935157,0.34889643802405856,1.1425422666834968,1.0,1.0,0.0
967,3.5263605246161616,1.0,0.0,1.0,0.8546307985761801,0.733246324581655,-0.671149811016115,5.0,1.0,0.0
968,3.4339872044851463,0.0,1.0,0.0,-1.314314989598375,-1.2184705569895626,0.847846202876691,5.0,2.0,1.0
969,3.6375861597263857,0.0,0.0,1.0,-0.9407166720180689,0.38972702294726,0.02194963216784691,1.0,2.0,1.0
970,3.8501476017100584,0.0,1.0,1.0,-0.4322078508670966,0.25290415171709696,-0.8004303106050433,5.0,1.0,0.0
971,3.332204510175204,1.0,0.0,1.0,0.1593228186350548,0.9915607440688297,1.1455454662453342,2.0,1.0,0.0
972,3.5553480614894135,0.0,0.0,1.0,-2.1549112041540637,1.0922189529290114,0.2127566896996113,2.0,1.0,0.0
973,3.713572066704308,0.0,0.0,1.0,0.719720295005514,-1.2184705569895626,0.7727223994215808,3.0,1.0,1.0
974,3.871201010907891,0.0,0.0,0.0,0.5848097914348479,0.8083465111604079,0.5615682432316114,0.0,2.0,1.0
975,3.828641396489095,0.0,0.0,0.0,0.532921136215361,-1.2184705569895626,0.5472480599680419,5.0,2.0,0.0
976,3.4965075614664802,0.0,0.0,1.0,0.33574424638131045,0.38662169153830733,-0.5708322006884892,9.0,2.0,1.0
977,4.007333185232471,0.0,0.0,1.0,0.5640543293470531,0.661932256684392,1.491907759531424,9.0,1.0,1.0
978,3.8066624897703196,0.0,0.0,0.0,-0.7020288580084288,0.3133288254516531,0.10664271122559857,5.0,2.0,1.0
979,3.9512437185814275,1.0,0.0,1.0,-1.1482712928960168,0.22849507804049662,1.3810319197941907,7.0,2.0,0.0
980,3.8501476017100584,0.0,1.0,1.0,-0.3388082714720201,-0.21937712838565981,0.5575400994552754,8.0,1.0,1.0
981,3.7612001156935624,0.0,0.0,1.0,-2.891730108270779,-1.2184705569895626,-0.3937197540227089,7.0,1.0,0.0
982,3.6109179126442243,0.0,0.0,1.0,0.19045601176674695,-1.2184705569895626,-0.710415693366943,7.0,2.0,0.0
983,3.6888794541139363,0.0,0.0,1.0,-0.7124065890523262,0.8517388543998374,-0.4750679854471231,1.0,2.0,0.0
984,3.970291913552122,0.0,0.0,1.0,-0.4840965060865836,-1.2184705569895626,1.2782890428256757,7.0,2.0,1.0
985,3.8066624897703196,0.0,1.0,1.0,0.6989648329177193,-1.2184705569895626,-0.26876992627342944,4.0,1.0,0.0
986,3.258096538021482,0.0,1.0,1.0,1.6225828958245871,-1.2184705569895626,-1.343136272714923,7.0,2.0,1.0
987,3.8066624897703196,0.0,0.0,0.0,-3.037018342885342,0.8429073527145359,0.8089047557937601,6.0,1.0,0.0
988,3.258096538021482,0.0,0.0,0.0,0.4602770189080792,0.8060004208724273,0.37334658357424777,8.0,1.0,0.0
989,3.091042453358316,0.0,0.0,0.0,0.24234466698623391,0.3565826736321114,-1.4296761638925053,8.0,1.0,0.0
990,3.58351893845611,0.0,0.0,0.0,-0.048231802242893085,0.5854668130329842,0.3851669113813183,6.0,1.0,1.0
991,3.6375861597263857,0.0,0.0,1.0,0.5951875224787453,-1.2184705569895626,1.02677799072322,7.0,1.0,0.0
992,3.6109179126442243,0.0,1.0,0.0,0.5432988672592584,1.5916150038199894,0.8972978921591868,2.0,2.0,0.0
993,3.5263605246161616,0.0,0.0,0.0,0.8650085296200775,-1.2184705569895626,0.8527014305594511,4.0,2.0,0.0
994,3.4965075614664802,0.0,1.0,1.0,-0.6605179338328393,0.5284777774202796,-1.6593377351556737,3.0,1.0,1.0
995,3.6888794541139363,0.0,1.0,0.0,0.8234976054444879,0.811981966430925,-0.4447572815037527,2.0,1.0,1.0
996,3.4657359027997265,0.0,0.0,0.0,-1.2105376791594011,0.5724393113355958,-1.1153966239873043,7.0,2.0,1.0
997,3.4965075614664802,0.0,0.0,1.0,-0.442585581910994,-0.06772567925190522,0.8953024240082451,7.0,1.0,1.0
998,3.4657359027997265,0.0,0.0,1.0,-0.7435397821840184,-1.2184705569895626,-0.633171237734693,2.0,2.0,1.0
999,3.1354942159291497,1.0,0.0,0.0,-1.231293141247196,0.6346990045740453,-0.9837245878978795,10.0,1.0,0.0
1000,3.4965075614664802,0.0,1.0,0.0,-0.3388082714720201,1.5899551445409688,1.258119288204585,4.0,2.0,1.0
1001,3.5553480614894135,1.0,0.0,0.0,-0.08974272641848266,1.3501095615247454,1.5317973017461033,7.0,1.0,1.0
1002,3.5263605246161616,0.0,0.0,1.0,-0.9407166720180689,-1.2184705569895626,1.2735579559688959,6.0,2.0,0.0
1003,3.7376696182833684,1.0,0.0,1.0,-0.34918600251591747,-0.6148115830676802,1.6577180011652324,8.0,1.0,1.0
1004,3.6375861597263857,0.0,0.0,1.0,0.6470761776982322,1.1586318968376454,0.8841064515318383,9.0,2.0,1.0
1005,3.7376696182833684,0.0,1.0,0.0,1.1244518057175124,-1.2184705569895626,0.01842883143101994,6.0,2.0,0.0
1006,3.6375861597263857,1.0,0.0,1.0,1.2282291161564862,1.047841133287308,1.3891174169529754,5.0,2.0,1.0
1007,3.7376696182833684,1.0,0.0,0.0,-1.1897822170716064,0.9959507972733709,0.11006075674092104,3.0,1.0,0.0
1008,3.295836866004329,0.0,1.0,0.0,-0.5671183544377627,-1.2184705569895626,0.17077031504611023,7.0,2.0,0.0
1009,3.6109179126442243,0.0,0.0,0.0,0.6055652535226427,0.6401661170406654,-0.7272788510293682,4.0,1.0,0.0
1010,3.8066624897703196,0.0,1.0,0.0,0.5432988672592584,1.2417276513411362,1.0138431773495782,9.0,1.0,0.0
1011,3.6635616461296463,0.0,0.0,1.0,1.7678711304391508,0.8355744796442277,-1.5870783856333646,6.0,3.0,0.0
1012,3.4657359027997265,0.0,0.0,0.0,-1.127515830808222,1.1459404658093675,-1.4565253556447904,2.0,1.0,1.0
1013,3.6375861597263857,1.0,0.0,0.0,1.8405152477464324,0.4379905496249971,-1.7267948863396543,3.0,1.0,0.0
1014,3.713572066704308,0.0,0.0,0.0,-0.42183011982319923,0.39563459773437676,0.815903933791869,8.0,2.0,0.0
1015,3.713572066704308,0.0,0.0,0.0,0.9480303779712567,-1.2184705569895626,-1.254456777889568,6.0,1.0,0.0
1016,3.6635616461296463,0.0,0.0,0.0,1.217851385112589,-1.2184705569895626,-0.4321043060557602,2.0,2.0,0.0
1017,3.6635616461296463,0.0,1.0,1.0,0.5432988672592584,0.4897060456338516,1.2752289888519397,6.0,1.0,0.0
1018,3.5553480614894135,0.0,0.0,1.0,0.6574539087421296,0.771926793728067,-0.04604633192889513,4.0,1.0,0.0
1019,3.7376696182833684,1.0,0.0,1.0,-0.10012045746238005,1.3077046160063268,-0.5728332325739283,4.0,1.0,0.0
1020,3.871201010907891,1.0,0.0,0.0,1.1036963436297176,0.3109497525253511,-0.4718187645004654,9.0,1.0,0.0
1021,3.6635616461296463,0.0,0.0,1.0,-0.9303389409741715,-1.2184705569895626,0.2654755081991793,5.0,1.0,0.0
1022,3.4011973816621555,0.0,0.0,0.0,-0.12087591955017483,-1.2184705569895626,-0.9654301595359206,4.0,2.0,0.0
1023,3.912023005428146,1.0,0.0,0.0,-1.4388477621251439,1.5290355711216959,0.44844656729103977,5.0,1.0,0.0
1024,3.5263605246161616,0.0,1.0,1.0,-1.708668769266476,1.1148062962229839,-1.026951327610962,8.0,1.0,0.0
1025,3.5553480614894135,0.0,0.0,1.0,0.49141021203977137,0.6623190821901426,1.474322359584516,2.0,1.0,0.0
1026,4.07753744390572,1.0,0.0,1.0,-0.9718498651497611,1.063690731989811,-0.20237144944433988,2.0,1.0,1.0
1027,3.2188758248682006,0.0,0.0,1.0,1.3112509645076653,-1.2184705569895626,1.084544159612422,4.0,2.0,1.0
1028,3.58351893845611,0.0,0.0,1.0,-1.4077145689934516,-0.2999263350129248,0.022054647656491174,10.0,1.0,1.0
1029,3.58351893845611,0.0,0.0,0.0,1.2697400403320758,0.7255616900725497,-1.3219245349424347,3.0,1.0,1.0
1030,3.58351893845611,0.0,0.0,1.0,-1.2001599481155036,-1.2184705569895626,-0.618930859287825,8.0,2.0,0.0
1031,3.7612001156935624,1.0,0.0,0.0,-0.5152296992182758,1.3179079392699689,0.5469006742953415,6.0,1.0,1.0
1032,3.4011973816621555,0.0,0.0,1.0,0.9272749158834619,-1.2184705569895626,0.2705927530034407,8.0,2.0,1.0
1033,3.1780538303479458,0.0,1.0,0.0,2.058447599668278,1.0719791409120725,-0.6511365364277723,9.0,1.0,1.0
1034,3.784189633918261,1.0,0.0,1.0,0.8857639917078723,0.3242491208240492,-1.568651296976976,8.0,1.0,0.0
1035,3.6888794541139363,0.0,0.0,1.0,-0.8473170926229924,0.8577527421570776,-0.34562839782490135,10.0,2.0,0.0
1036,3.4965075614664802,0.0,0.0,0.0,-0.7227843200962236,-1.2184705569895626,-0.7087237964795325,4.0,2.0,0.0
1037,3.367295829986474,0.0,1.0,0.0,-1.2001599481155036,-1.2184705569895626,0.6218579134489269,4.0,1.0,1.0
1038,4.1588830833596715,0.0,0.0,1.0,0.4706547499519766,1.1570482498685322,0.32045007330415937,7.0,1.0,0.0
1039,4.143134726391533,0.0,0.0,0.0,-1.1794044860277089,-0.01682194040950543,-1.4387342713881701,3.0,1.0,0.0
1040,3.58351893845611,1.0,0.0,1.0,0.8234976054444879,0.8287414696653735,0.6720367132835913,2.0,2.0,0.0
1041,3.5263605246161616,0.0,0.0,0.0,-0.10012045746238005,0.1361766733787955,-0.7019315198580568,4.0,2.0,1.0
1042,4.356708826689592,0.0,1.0,1.0,0.1593228186350548,-1.2184705569895626,-1.142797494788377,2.0,1.0,1.0
1043,3.6109179126442243,0.0,0.0,1.0,1.1970959230247942,1.0099421605372403,0.4076982974299805,3.0,1.0,0.0
1044,3.784189633918261,0.0,0.0,1.0,-0.2765418852086357,0.7404946596275274,-0.5079461789944801,4.0,1.0,0.0
1045,3.6635616461296463,1.0,0.0,0.0,-0.6086292786133524,1.065625820177932,0.6068959881843882,5.0,2.0,1.0
1046,4.290459441148391,1.0,0.0,0.0,0.03479004610828606,0.9924864994803567,-0.008882498017980106,5.0,2.0,1.0
1047,3.4011973816621555,0.0,0.0,0.0,0.5640543293470531,0.5838003892482778,-1.010111815820152,5.0,1.0,0.0
1048,3.4965075614664802,0.0,0.0,1.0,0.5536765983031557,-1.2184705569895626,0.5067466808253182,3.0,2.0,0.0
1049,3.5263605246161616,0.0,0.0,1.0,-0.017098609111200903,0.3516466456864243,-0.8348957332845729,0.0,1.0,0.0
1050,4.02535169073515,0.0,0.0,1.0,2.058447599668278,-1.2184705569895626,-1.7297455781571696,6.0,1.0,0.0
1051,3.6635616461296463,0.0,0.0,0.0,0.4395215568202844,1.918504811454485,-0.2592083008057226,5.0,1.0,1.0
1052,3.6635616461296463,1.0,0.0,1.0,0.2838555911618235,0.5516303086427699,-0.9372912245803873,7.0,2.0,0.0
1053,4.248495242049359,0.0,0.0,1.0,2.0480698686243803,-0.06574191765577618,0.6717279260189687,7.0,1.0,1.0
1054,3.8501476017100584,1.0,0.0,1.0,-0.6293847407011471,0.85125836460565,1.0966301557417575,4.0,1.0,0.0
1055,3.828641396489095,0.0,1.0,1.0,0.7508534881372062,0.12466797414314075,-1.1529010627695004,5.0,1.0,1.0
1056,3.5553480614894135,0.0,0.0,1.0,1.6018274337367924,0.6061185878091518,-1.187601900964964,5.0,1.0,1.0
1057,4.174387269895637,0.0,0.0,0.0,-0.6605179338328393,-1.2184705569895626,1.552149094805291,3.0,1.0,1.0
1058,3.4965075614664802,0.0,1.0,0.0,-1.3246927206422725,-1.2184705569895626,0.5638603279779613,6.0,1.0,1.0
1059,3.6888794541139363,0.0,1.0,1.0,-0.6293847407011471,-1.2184705569895626,-1.0091058230762864,8.0,2.0,0.0
1060,3.5553480614894135,1.0,0.0,1.0,1.2593623092881785,0.8146008839795841,-1.1059314945397922,10.0,1.0,0.0
1061,4.110873864173311,0.0,0.0,1.0,1.539561047473408,0.19916758850663333,0.5439738022161442,6.0,2.0,1.0
1062,3.2188758248682006,1.0,0.0,1.0,-1.2416708722910934,1.0671822484649354,-1.1509942666371162,8.0,1.0,0.0
1063,3.6888794541139363,0.0,1.0,1.0,0.5536765983031557,0.915171993057014,-0.3888596580722633,6.0,1.0,1.0
1064,4.219507705176107,0.0,1.0,0.0,1.6225828958245871,0.776132880663524,1.2077321960596632,10.0,1.0,1.0
1065,3.8066624897703196,1.0,0.0,1.0,-1.158649023939914,1.4091415993946421,-1.5354255438902158,3.0,2.0,1.0
1066,3.713572066704308,1.0,0.0,0.0,-0.11049818850627745,0.5441262780949588,1.0317571853652572,2.0,1.0,0.0
1067,3.6109179126442243,0.0,0.0,1.0,0.14894508759115738,0.7054963978409036,-1.1602088541655289,4.0,2.0,0.0
1068,3.713572066704308,0.0,0.0,1.0,0.1593228186350548,-1.2184705569895626,-0.06539282771102899,9.0,1.0,1.0
1069,3.332204510175204,0.0,0.0,1.0,-0.1727645747696618,0.815082494543035,1.0689091963403645,3.0,1.0,0.0
1070,3.6888794541139363,1.0,0.0,0.0,0.8027421433566931,0.8871868648808542,1.6218931147345297,1.0,1.0,1.0
1071,3.713572066704308,0.0,0.0,1.0,-0.5359851613060705,1.0412691024369198,-0.5672828858123615,1.0,1.0,1.0
1072,4.110873864173311,0.0,0.0,1.0,-0.152009112681867,-1.2184705569895626,-0.526072999854696,3.0,2.0,1.0
1073,3.5263605246161616,1.0,0.0,1.0,-0.4529633129548914,0.42702158084459274,-0.516831115253904,1.0,2.0,0.0
1074,3.828641396489095,0.0,1.0,0.0,-2.134155742066269,0.7859722741363667,0.4838635624363794,10.0,1.0,1.0
1075,3.4965075614664802,0.0,0.0,1.0,0.02441231506438867,0.7261545770128617,1.5584931430662956,9.0,1.0,0.0
1076,3.5553480614894135,0.0,1.0,0.0,0.429143825776387,0.503608387796232,0.9423585778560741,10.0,2.0,0.0
1077,4.07753744390572,0.0,0.0,1.0,2.058447599668278,1.289685047900084,-1.295864698022011,8.0,1.0,0.0
1078,3.4011973816621555,1.0,0.0,1.0,-1.2728040654227855,0.9551717677362835,0.2152904491632053,4.0,1.0,0.0
1079,3.6375861597263857,1.0,0.0,0.0,-0.13125365059407224,1.2030711986789386,-0.8831322681794297,5.0,1.0,1.0
1080,3.784189633918261,1.0,0.0,0.0,-0.048231802242893085,0.7463585244133736,-0.23351862609609944,3.0,2.0,1.0
1081,3.6375861597263857,0.0,1.0,0.0,-1.2416708722910934,-1.2184705569895626,-1.6285998407229016,5.0,2.0,1.0
1082,3.713572066704308,0.0,0.0,1.0,2.058447599668278,-1.2184705569895626,0.6355486992474437,6.0,1.0,0.0
1083,3.58351893845611,0.0,1.0,0.0,1.0414299573663333,-1.2184705569895626,-0.9753183066719612,2.0,1.0,0.0
1084,3.6109179126442243,0.0,1.0,1.0,-0.06898726433068787,-0.25951075493695247,-0.9811584892275177,4.0,2.0,0.0
1085,3.367295829986474,0.0,1.0,1.0,0.44989928786418176,0.31891842198776804,-0.7378694196457438,0.0,1.0,1.0
1086,3.6888794541139363,1.0,0.0,1.0,0.07630097028387564,0.48285126070930967,1.6981913877687644,8.0,2.0,1.0
1087,3.4011973816621555,1.0,0.0,0.0,-0.34918600251591747,0.38767345343701376,-1.1806357576404352,10.0,2.0,1.0
1088,3.6635616461296463,0.0,1.0,1.0,-1.075627175588735,1.6323908311591817,-1.0779137446762868,0.0,2.0,0.0
1089,3.295836866004329,0.0,0.0,1.0,-1.314314989598375,1.24152815441226,-0.6473650199051426,7.0,1.0,1.0
1090,3.4965075614664802,1.0,0.0,1.0,0.5848097914348479,1.2102594925142744,1.2584336392037054,3.0,2.0,1.0
1091,3.8918202981106265,1.0,0.0,1.0,-0.1831423058135592,0.4986710789713867,0.05704149657847717,2.0,1.0,1.0
1092,3.970291913552122,1.0,0.0,0.0,-0.3388082714720201,0.7684793074740032,-1.3305457154133267,8.0,1.0,0.0
1093,4.30406509320417,0.0,0.0,0.0,-1.3350704516861698,-1.2184705569895626,0.5294694941140415,7.0,2.0,0.0
1094,3.713572066704308,0.0,0.0,1.0,-0.836939361579095,-1.2184705569895626,-0.4795591362536901,5.0,2.0,0.0
1095,3.6375861597263857,1.0,0.0,0.0,0.14894508759115738,1.318771091712643,-0.12458035689769072,2.0,1.0,1.0
1096,4.04305126783455,0.0,1.0,1.0,-0.8161838994913002,1.257945502801597,0.26133869773343504,3.0,1.0,1.0
1097,3.7612001156935624,0.0,0.0,0.0,-0.34918600251591747,-1.2184705569895626,0.18544796825115697,2.0,4.0,0.0
1098,3.58351893845611,0.0,0.0,1.0,-0.11049818850627745,-1.2184705569895626,-0.12661598825703743,5.0,2.0,0.0
1099,3.258096538021482,0.0,0.0,1.0,0.9687858400590514,1.31115610500776,0.79300881860042,5.0,2.0,0.0
1100,3.6375861597263857,1.0,0.0,1.0,-0.21427549894525139,0.9957314467175441,0.9039611596869969,8.0,2.0,0.0
1101,3.713572066704308,0.0,0.0,0.0,0.7404757570933088,1.068810566094688,-1.0851290389862909,7.0,2.0,0.0
1102,3.8501476017100584,0.0,0.0,0.0,-1.366203644817862,0.14593168893709735,0.29449942467325346,10.0,1.0,0.0
1103,3.6635616461296463,0.0,0.0,1.0,-0.3906969266915071,0.6427890373366936,0.08188478817763734,2.0,1.0,0.0
1104,3.8066624897703196,1.0,0.0,1.0,-0.048231802242893085,0.28592761806169853,-1.1101694954267134,4.0,1.0,0.0
1105,3.784189633918261,0.0,1.0,0.0,0.8546307985761801,-0.32420347813623934,-0.0977033464729172,3.0,2.0,1.0
1106,4.0943445622221,1.0,0.0,1.0,-0.5567406233938653,0.6741952336342812,-0.6996248303086502,8.0,2.0,0.0
1107,3.1780538303479458,1.0,0.0,1.0,-0.017098609111200903,0.2851422790278798,-0.545521381524819,4.0,2.0,0.0
1108,3.5263605246161616,1.0,0.0,1.0,-0.9303389409741715,0.26509491910444727,-1.722619825199238,8.0,2.0,0.0
1109,3.5263605246161616,0.0,1.0,1.0,-1.075627175588735,-1.2184705569895626,-1.194515362678468,6.0,1.0,1.0
1110,3.6888794541139363,0.0,0.0,0.0,0.04516777715218345,-1.2184705569895626,0.7065697701106084,6.0,2.0,0.0
1111,4.02535169073515,1.0,0.0,0.0,1.062185419454128,1.3690463992180928,-1.6056666487234834,3.0,1.0,0.0
1112,3.7612001156935624,0.0,1.0,1.0,0.6366984466543348,0.5286759934699977,1.1725953001729423,0.0,1.0,1.0
1113,3.6109179126442243,1.0,0.0,0.0,2.058447599668278,1.0814145771204249,-1.3618811897044927,6.0,1.0,0.0
1114,3.6635616461296463,0.0,1.0,1.0,0.6366984466543348,0.6545074805344894,-0.4241114798497022,6.0,2.0,1.0
1115,3.1354942159291497,0.0,1.0,1.0,0.6055652535226427,-1.2184705569895626,0.11930072880797947,8.0,3.0,0.0
1116,4.143134726391533,0.0,0.0,0.0,1.4772946612100237,0.7617897559608579,1.271927781761069,9.0,3.0,0.0
1117,4.007333185232471,0.0,1.0,1.0,0.5017879430836688,0.05305289964372129,0.6833700404554099,1.0,1.0,1.0
1118,3.5263605246161616,0.0,0.0,1.0,0.2527223980301313,1.527266516894446,-0.3708863615108434,6.0,1.0,0.0
1119,3.4965075614664802,1.0,0.0,0.0,0.09705643237167041,1.1188173693066183,-0.7614493957805195,1.0,1.0,1.0
1120,3.713572066704308,1.0,0.0,0.0,-0.4529633129548914,0.7305379056018227,-0.6827195969040861,8.0,1.0,0.0
1121,3.367295829986474,1.0,0.0,0.0,1.1867181919808967,-0.2142958807654215,-1.5169671592272773,3.0,2.0,1.0
1122,3.4011973816621555,1.0,0.0,1.0,0.37725517055690005,1.0959740102909175,0.7480381958557142,9.0,2.0,0.0
1123,3.5263605246161616,0.0,1.0,0.0,1.165962729893102,1.4868225973671,0.32254395000902875,9.0,1.0,1.0
1124,3.713572066704308,0.0,0.0,0.0,1.539561047473408,-0.003346771446356238,0.5586500644875668,3.0,2.0,0.0
1125,3.5263605246161616,0.0,0.0,1.0,-1.9369788522322187,-1.2184705569895626,1.3428987790137539,8.0,2.0,0.0
1126,3.5553480614894135,0.0,1.0,0.0,-0.1727645747696618,0.3615494426775935,-1.4726179360792837,5.0,2.0,0.0
1127,3.5263605246161616,0.0,0.0,0.0,1.1140740746736149,-1.2184705569895626,-0.7623604573045183,2.0,2.0,0.0
1128,3.784189633918261,1.0,0.0,0.0,2.058447599668278,0.2584604453951009,-0.7907728845839541,8.0,2.0,0.0
1129,3.784189633918261,0.0,1.0,0.0,0.7923644123127958,-1.2184705569895626,0.3417676958988071,5.0,1.0,1.0
1130,3.2188758248682006,0.0,0.0,0.0,0.1593228186350548,-1.2184705569895626,-1.1491848358584418,4.0,2.0,1.0
1131,3.4965075614664802,0.0,1.0,1.0,0.1281896255033626,0.9222906390881274,0.5915736372444205,5.0,1.0,0.0
1132,3.58351893845611,0.0,0.0,1.0,-0.006720878067303511,-0.023674483795520885,0.5045611763679394,7.0,3.0,0.0
1133,3.367295829986474,1.0,0.0,0.0,-2.0615116247589875,1.0228542230005033,0.6331436011441092,3.0,1.0,0.0
1134,3.8501476017100584,1.0,0.0,1.0,0.8650085296200775,0.4842173183314382,0.24237088363055098,2.0,1.0,0.0
1135,3.8066624897703196,0.0,0.0,1.0,0.6366984466543348,-0.20275083658365523,-0.6268918678872242,1.0,1.0,0.0
1136,3.4339872044851463,0.0,0.0,1.0,-0.05860953328679048,0.3508424136850235,-1.5243615362414265,5.0,1.0,1.0
1137,3.1780538303479458,1.0,0.0,1.0,-0.25578642312084093,1.7314719575559352,0.04638642341526889,5.0,1.0,0.0
1138,3.4011973816621555,0.0,0.0,1.0,0.02441231506438867,0.25382974701872907,-1.101717313391189,2.0,1.0,0.0
1139,3.713572066704308,1.0,0.0,0.0,1.7056047441757665,0.526779491766515,-0.36252476402760975,9.0,1.0,1.0
1140,3.784189633918261,1.0,0.0,0.0,0.4187660947324896,0.6802539521620555,1.05728968457532,10.0,1.0,1.0
1141,3.5553480614894135,0.0,0.0,1.0,1.0829408815419228,0.432794983539897,-0.18033888696673755,1.0,1.0,1.0
1142,3.7612001156935624,0.0,0.0,1.0,-1.5633805346519125,0.6168888602101537,-0.15650697797923746,9.0,1.0,1.0
1143,3.828641396489095,0.0,0.0,1.0,1.2801177713759733,-1.2184705569895626,0.520650627201778,8.0,1.0,0.0
1144,3.713572066704308,1.0,0.0,0.0,-0.03785407119899569,1.0226460801373098,-1.7345573391641664,5.0,1.0,1.0
1145,3.367295829986474,1.0,0.0,1.0,0.08667870132777303,0.677266621745544,-1.4977288085344427,1.0,2.0,0.0
1146,3.6635616461296463,1.0,0.0,0.0,-1.656780114046989,-0.3047485248234347,1.5394769940199626,8.0,2.0,0.0
1147,3.912023005428146,1.0,0.0,0.0,0.32536651533741306,0.5234871520004777,0.7012372783279671,7.0,2.0,0.0
1148,3.7376696182833684,0.0,0.0,1.0,1.2593623092881785,-1.2184705569895626,-1.31280435703378,4.0,2.0,1.0
1149,3.332204510175204,1.0,0.0,1.0,-0.28691961625253315,0.2972464269621626,-1.6684382661268835,9.0,2.0,1.0
1150,3.9512437185814275,0.0,1.0,0.0,-0.6397624717450445,1.2626402451358743,1.5908973759811293,3.0,3.0,1.0
1151,4.04305126783455,1.0,0.0,0.0,0.1593228186350548,0.9824647408373778,0.5288242747790112,8.0,1.0,0.0
1152,3.4965075614664802,1.0,0.0,0.0,0.9895413021468462,-0.13780818183864144,-0.4009526088697214,5.0,2.0,1.0
1153,3.7612001156935624,0.0,1.0,0.0,0.20083374281064434,-1.2184705569895626,0.4871404281888228,3.0,2.0,1.0
1154,3.4657359027997265,0.0,1.0,0.0,0.7819866812688984,0.3345488302443389,-0.4141026692217428,10.0,2.0,0.0
1155,3.713572066704308,0.0,0.0,0.0,1.5706942406051003,1.4317758548877804,-1.5318214610026262,6.0,1.0,0.0
1156,3.58351893845611,0.0,0.0,0.0,2.058447599668278,0.08938663806257384,-1.731839107128633,6.0,1.0,0.0
1157,3.295836866004329,0.0,0.0,0.0,0.6470761776982322,0.22138155552601563,-0.9428440054757968,9.0,1.0,0.0
1158,3.8066624897703196,1.0,0.0,1.0,1.1867181919808967,0.6519764633180559,1.6901921284946935,3.0,1.0,0.0
1159,3.2188758248682006,1.0,0.0,1.0,1.591449702692895,1.0746449706598973,1.4883760051923047,6.0,2.0,0.0
1160,4.1588830833596715,1.0,0.0,1.0,0.13856735654726,0.4541907889970341,-1.308623906025569,7.0,1.0,1.0
1161,3.8918202981106265,1.0,0.0,0.0,-0.5256074302621732,0.7153799816447011,-0.6344502012023522,8.0,1.0,0.0
1162,3.912023005428146,1.0,0.0,1.0,0.4187660947324896,0.551391104459992,0.12243172039656122,6.0,2.0,1.0
1163,3.4657359027997265,0.0,0.0,0.0,0.4395215568202844,-1.2184705569895626,1.052919023393969,10.0,2.0,0.0
1164,3.4339872044851463,0.0,0.0,0.0,-1.0548717135009402,-1.2184705569895626,-0.19499150336654458,4.0,2.0,0.0
1165,3.4657359027997265,0.0,1.0,1.0,0.6574539087421296,-1.2184705569895626,0.8613234803638584,7.0,1.0,1.0
1166,3.4965075614664802,0.0,0.0,1.0,-1.6152691898713996,0.8284676817453268,-0.5904876576019487,4.0,1.0,0.0
1167,3.4339872044851463,1.0,0.0,0.0,0.18007828072284957,1.0210315319585073,1.536365475502123,7.0,1.0,0.0
1168,4.174387269895637,0.0,1.0,0.0,0.5848097914348479,-1.2184705569895626,0.2101836363611274,5.0,3.0,1.0
1169,3.258096538021482,0.0,0.0,1.0,-0.46334104399878884,-1.2184705569895626,1.505988702211592,3.0,2.0,0.0
1170,3.4657359027997265,0.0,0.0,0.0,0.08667870132777303,1.540633931898419,-0.956143591192444,6.0,1.0,1.0
1171,4.343805421853684,0.0,0.0,0.0,0.4706547499519766,-1.2184705569895626,1.5359586274169788,7.0,2.0,1.0
1172,3.6375861597263857,0.0,0.0,1.0,-2.28982170772473,0.7150818570206502,0.2884759866126789,0.0,1.0,1.0
1173,3.6888794541139363,0.0,1.0,1.0,2.058447599668278,2.080032479336878,-1.0024536830174717,6.0,2.0,1.0
1174,3.58351893845611,0.0,0.0,0.0,-1.231293141247196,-1.2184705569895626,1.52079171330954,8.0,2.0,1.0
1175,3.6375861597263857,1.0,0.0,0.0,-1.521869610476323,1.3411086635707832,0.43252089889147727,6.0,2.0,1.0
1176,3.6375861597263857,0.0,0.0,1.0,-0.11049818850627745,-1.2184705569895626,-0.4378483403245282,7.0,2.0,0.0
1177,3.7612001156935624,0.0,0.0,1.0,-0.03785407119899569,-1.2184705569895626,-1.4108961258289188,4.0,2.0,0.0
1178,3.4011973816621555,0.0,0.0,0.0,1.3216286955515628,-0.4757502153988181,0.47827200926618896,3.0,3.0,0.0
1179,3.332204510175204,0.0,0.0,0.0,-0.7124065890523262,-1.2184705569895626,1.0898333585860027,4.0,3.0,0.0
1180,3.784189633918261,1.0,0.0,0.0,-0.12087591955017483,0.29861056326555424,1.4530921919415036,9.0,1.0,0.0
1181,4.30406509320417,0.0,0.0,1.0,0.5744320603909505,-0.15256823270727377,-0.6548252923997486,6.0,1.0,1.0
1182,3.828641396489095,1.0,0.0,1.0,0.003656852976593882,1.2059365253556396,0.2590985991312976,2.0,1.0,1.0
1183,3.713572066704308,0.0,0.0,0.0,0.7508534881372062,0.5436100837942388,-0.23438222201016456,6.0,1.0,1.0
1184,3.58351893845611,0.0,0.0,1.0,1.1036963436297176,-1.2184705569895626,-0.39084278168728787,7.0,2.0,0.0
1185,3.8066624897703196,1.0,0.0,1.0,-0.7435397821840184,1.0773623557938363,0.8077808814252246,9.0,1.0,0.0
1186,4.110873864173311,0.0,0.0,0.0,-0.6812733959206341,-0.4656234246648737,-0.6466116554808132,3.0,2.0,1.0
1187,3.4965075614664802,0.0,0.0,1.0,-0.13125365059407224,-1.2184705569895626,0.1896724075352402,9.0,2.0,0.0
1188,3.6635616461296463,0.0,1.0,1.0,1.010296764234641,0.8530043630080543,-1.5105878160255533,9.0,1.0,1.0
1189,3.6888794541139363,1.0,0.0,1.0,0.6470761776982322,1.1813764680482766,-0.6360901119455498,3.0,2.0,0.0
1190,3.4657359027997265,0.0,1.0,0.0,-0.07936499537458526,0.15857540721673585,-0.46089176381368197,5.0,1.0,1.0
1191,3.9889840465642745,0.0,0.0,0.0,-0.42183011982319923,-1.2184705569895626,0.9747680267719999,7.0,2.0,1.0
1192,3.828641396489095,1.0,0.0,1.0,0.9480303779712567,1.0979544095792566,-1.3547493514119542,10.0,3.0,0.0
1193,3.6109179126442243,0.0,0.0,0.0,-0.4737187750426862,-1.2184705569895626,0.959921027398179,10.0,2.0,1.0
1194,3.5263605246161616,0.0,0.0,1.0,0.09705643237167041,-1.2184705569895626,-0.2826460539774009,9.0,2.0,1.0
1195,3.4657359027997265,0.0,0.0,0.0,-1.4907364173446307,-1.2184705569895626,-1.6397045331802054,7.0,2.0,1.0
1196,3.7612001156935624,1.0,0.0,1.0,1.352761888683255,0.8057729047119674,-1.0536529065323548,7.0,1.0,0.0
1197,3.4657359027997265,0.0,1.0,1.0,-1.81244607970545,-1.2184705569895626,1.4540451553409386,9.0,2.0,1.0
1198,3.332204510175204,0.0,0.0,0.0,-0.7124065890523262,0.7894128756649558,0.18000646204570148,1.0,1.0,1.0
1199,3.4965075614664802,1.0,0.0,1.0,-0.41145238877930185,0.4870317300616043,1.3328772761164718,9.0,2.0,0.0
1200,3.4339872044851463,0.0,0.0,0.0,-1.469980955256836,-1.2184705569895626,0.5237244166450553,0.0,2.0,1.0
1201,3.6888794541139363,0.0,1.0,1.0,-1.158649023939914,-1.2184705569895626,0.1388868129069206,1.0,1.0,1.0
1202,4.02535169073515,0.0,0.0,1.0,-0.28691961625253315,0.6835325224771432,-0.09404918997484847,7.0,1.0,1.0
1203,3.4339872044851463,0.0,0.0,0.0,-2.1445334731101666,-1.2184705569895626,0.4782707921992677,3.0,2.0,1.0
1204,3.295836866004329,0.0,0.0,1.0,0.37725517055690005,-1.2184705569895626,0.06962753334579407,1.0,2.0,1.0
1205,3.6635616461296463,0.0,0.0,0.0,0.771608950225001,0.8129336596454039,0.48023722461079904,5.0,1.0,0.0
1206,3.4339872044851463,0.0,0.0,0.0,-0.9926053272375559,-1.2184705569895626,1.499024819154203,7.0,2.0,1.0
1207,3.4657359027997265,0.0,0.0,0.0,1.6848492820879715,0.1868543370497882,1.5315076398188172,6.0,1.0,0.0
1208,3.5263605246161616,0.0,0.0,0.0,-0.9095834788863767,0.9581635812298487,-0.6478497602732549,4.0,1.0,0.0
1209,3.7376696182833684,0.0,1.0,1.0,1.5603165095612028,-1.2184705569895626,0.5945373690646649,5.0,2.0,1.0
1210,3.7376696182833684,0.0,0.0,0.0,0.13856735654726,0.32094685424453645,0.6364682802398922,8.0,1.0,0.0
1211,3.4011973816621555,0.0,1.0,0.0,1.3423841576393576,0.3627730024933819,0.2046645856061101,6.0,1.0,0.0
1212,3.828641396489095,0.0,0.0,1.0,1.6225828958245871,0.6808578866851063,0.8119778497702251,7.0,2.0,0.0
1213,3.6888794541139363,1.0,0.0,1.0,0.8442530675322827,0.24715156330811192,-0.1155916222165441,5.0,1.0,1.0
1214,3.6375861597263857,1.0,0.0,1.0,1.5603165095612028,0.6319068481192515,0.33645989318799957,9.0,1.0,1.0
1215,3.8066624897703196,0.0,0.0,0.0,-0.9510944030619662,1.0750231502313303,-0.03077475006621865,5.0,1.0,0.0
1216,3.6888794541139363,0.0,0.0,1.0,-0.027476340155098297,0.5923148733419463,-0.6971367977879592,3.0,1.0,1.0
1217,3.295836866004329,0.0,1.0,1.0,-0.7227843200962236,-0.16417315798968174,-1.221971349224408,4.0,2.0,0.0
1218,3.4965075614664802,1.0,0.0,1.0,0.2942333222057209,1.5907215906072052,-0.4013081662774651,7.0,1.0,1.0
1219,4.060443010546419,0.0,1.0,0.0,-1.3765813758617593,0.687403179183069,-1.2267947593005097,2.0,2.0,1.0
1220,3.6375861597263857,0.0,0.0,0.0,0.9168971848395645,-1.2184705569895626,-1.2675385086272895,5.0,2.0,1.0
1221,3.8066624897703196,0.0,1.0,1.0,1.6537160889562794,-1.2184705569895626,-0.3823599991120261,3.0,2.0,1.0
1222,3.1354942159291497,0.0,1.0,1.0,-1.1171380997643245,-0.15400682011173047,0.17188636541300867,3.0,1.0,1.0
1223,3.6109179126442243,0.0,1.0,0.0,-0.006720878067303511,-1.2184705569895626,-0.15263514036894635,8.0,2.0,0.0
1224,3.295836866004329,0.0,1.0,1.0,1.591449702692895,-1.2184705569895626,-1.3107669870074028,2.0,2.0,1.0
1225,4.02535169073515,0.0,0.0,0.0,-1.1067603687204273,-1.2184705569895626,-1.5716944858805157,5.0,1.0,0.0
1226,4.189654742026425,1.0,0.0,1.0,-0.4737187750426862,0.8038237268531073,-1.6094772852543,10.0,3.0,0.0
1227,3.6375861597263857,0.0,0.0,1.0,0.5017879430836688,0.9458868348290096,1.0473570275632975,1.0,1.0,0.0
1228,4.0943445622221,1.0,0.0,0.0,1.456539199122229,0.4084024011824576,1.0614197142396453,9.0,1.0,0.0
1229,3.8066624897703196,1.0,0.0,0.0,0.5640543293470531,1.7584876203192976,-0.6088443302436006,2.0,2.0,0.0
1230,3.6888794541139363,0.0,0.0,1.0,0.3564997084691052,-1.2184705569895626,0.9491842368845358,4.0,2.0,0.0
1231,3.2188758248682006,0.0,0.0,0.0,1.165962729893102,-1.2184705569895626,-0.20354226782269996,0.0,2.0,0.0
1232,3.6375861597263857,0.0,0.0,0.0,0.2631001290740287,-1.2184705569895626,-1.0810864642736013,3.0,2.0,1.0
1233,4.007333185232471,0.0,0.0,0.0,0.8546307985761801,-1.2184705569895626,0.5281070746289168,3.0,1.0,0.0
1234,3.8501476017100584,0.0,0.0,1.0,-1.3869591069056568,-1.2184705569895626,-0.4158109095792404,3.0,2.0,0.0
1235,3.6109179126442243,1.0,0.0,1.0,-1.5011141483885282,0.6742576764932394,0.324761098206363,9.0,3.0,0.0
1236,3.4965075614664802,1.0,0.0,1.0,0.5640543293470531,0.19607522599915628,0.06520853722099429,5.0,2.0,1.0
1237,3.58351893845611,1.0,0.0,1.0,0.003656852976593882,0.4469211593351577,-0.7862845156446363,7.0,2.0,1.0
1238,3.970291913552122,0.0,1.0,1.0,1.2593623092881785,-1.2184705569895626,-0.7492524726946357,2.0,2.0,0.0
1239,3.6109179126442243,1.0,0.0,1.0,1.1763404609369994,0.2595125275135967,-0.4782504415798087,8.0,2.0,1.0
1240,3.5263605246161616,0.0,0.0,1.0,-2.3313326319003194,-1.2184705569895626,-1.5052047290323236,8.0,1.0,1.0
1241,3.828641396489095,1.0,0.0,1.0,-1.1067603687204273,0.283302936556828,1.076060507703645,6.0,2.0,1.0
1242,3.7376696182833684,0.0,0.0,0.0,0.6159429845665401,1.11520977315779,0.017800129432779824,3.0,1.0,1.0
1243,4.110873864173311,0.0,0.0,1.0,0.4395215568202844,-1.2184705569895626,-0.753578624000005,9.0,1.0,1.0
1244,3.8918202981106265,0.0,0.0,0.0,-1.2105376791594011,-1.2184705569895626,0.8599707974141049,9.0,1.0,0.0
1245,3.295836866004329,0.0,1.0,0.0,-0.07936499537458526,1.2385073610277426,-0.30834303108855227,4.0,2.0,1.0
1246,3.828641396489095,0.0,0.0,0.0,1.4980501232978185,0.5384188406762974,0.4077424595725559,2.0,1.0,1.0
1247,3.332204510175204,0.0,1.0,1.0,-0.4529633129548914,1.236416005582332,1.7303569017003062,4.0,1.0,1.0
1248,3.6888794541139363,0.0,0.0,1.0,-0.8784502857546845,-1.2184705569895626,1.183865861464959,5.0,2.0,0.0
1249,3.7376696182833684,0.0,1.0,1.0,1.4980501232978185,0.5031122072323577,-1.4243313275739473,8.0,1.0,0.0
1250,3.784189633918261,0.0,1.0,0.0,0.4602770189080792,-1.2184705569895626,-0.5915800620972318,4.0,2.0,1.0
1251,3.7376696182833684,0.0,1.0,0.0,-0.3803191956476097,0.5269391213315949,1.670314296068029,9.0,1.0,0.0
1252,3.1780538303479458,0.0,0.0,1.0,-0.03785407119899569,1.477340088849687,0.5954140049814592,9.0,1.0,0.0
1253,3.8918202981106265,0.0,1.0,1.0,-0.9095834788863767,0.909009363207538,-0.3681022339948527,5.0,1.0,0.0
1254,3.091042453358316,0.0,0.0,1.0,0.6574539087421296,0.005844337062585893,1.2706253462884975,6.0,1.0,1.0
1255,3.8501476017100584,0.0,0.0,0.0,0.38763290160079744,-0.3856416475046533,-0.4770491965284143,7.0,2.0,1.0
1256,3.5263605246161616,0.0,0.0,1.0,0.08667870132777303,-0.05313598531130203,1.4017255347915802,0.0,1.0,0.0
1257,3.6635616461296463,0.0,0.0,0.0,-0.9614721341058636,0.3048055353137728,-0.24090674390893824,8.0,1.0,1.0
1258,3.1354942159291497,0.0,0.0,0.0,0.27347786011792613,1.5810972247230313,-1.2567472978355907,4.0,1.0,1.0
1259,4.0943445622221,0.0,1.0,0.0,-0.3180528093842253,-1.2184705569895626,1.233286776341014,2.0,2.0,1.0
1260,3.58351893845611,1.0,0.0,0.0,-0.017098609111200903,1.4390723830119772,-1.3205024791781625,3.0,2.0,1.0
1261,3.58351893845611,0.0,1.0,1.0,-1.2209154102032984,-1.2184705569895626,-1.5802768940766272,4.0,2.0,0.0
1262,3.6888794541139363,0.0,1.0,0.0,-1.2728040654227855,0.10670188274174887,0.3910983739559778,2.0,1.0,1.0
1263,3.871201010907891,0.0,0.0,1.0,0.014034584020491275,-1.2184705569895626,-0.8647323027287174,6.0,1.0,0.0
1264,3.332204510175204,0.0,0.0,1.0,0.2942333222057209,-1.2184705569895626,-1.1818942048371341,3.0,1.0,0.0
1265,4.0943445622221,0.0,0.0,0.0,-1.1378935618521193,-0.11542914151775699,-1.6087230514964554,2.0,2.0,0.0
1266,3.8918202981106265,0.0,1.0,1.0,0.5744320603909505,0.19756761032825398,0.33855168349243236,8.0,1.0,1.0
1267,3.713572066704308,1.0,0.0,1.0,-0.24540869207694355,1.6918201016779886,0.4985919847187177,5.0,2.0,1.0
1268,3.367295829986474,1.0,0.0,1.0,1.8405152477464324,0.9014728303510894,0.07750821552838258,3.0,3.0,0.0
1269,3.367295829986474,0.0,0.0,0.0,0.9687858400590514,-1.2184705569895626,0.938148047908235,6.0,2.0,0.0
1270,3.9318256327243257,0.0,1.0,1.0,-1.0029830582814532,0.8319127663509692,-0.6616704244989525,7.0,2.0,1.0
1271,3.828641396489095,0.0,0.0,0.0,-1.4077145689934516,-1.2184705569895626,-0.08967279119229693,4.0,1.0,0.0
1272,3.713572066704308,1.0,0.0,0.0,-1.7190465003103734,-0.07624512675231135,-0.42143688835663506,9.0,1.0,0.0
1273,4.007333185232471,1.0,0.0,0.0,0.49141021203977137,0.5588984973155934,0.9645168459599841,3.0,1.0,1.0
1274,3.367295829986474,0.0,1.0,1.0,-1.2935595275105802,0.837281731452099,-0.3566235542592816,6.0,2.0,0.0
1275,3.9889840465642745,0.0,0.0,0.0,1.4254060059905367,1.3156166065659973,-1.6585996710012132,1.0,1.0,1.0
1276,3.6888794541139363,1.0,0.0,1.0,-1.656780114046989,0.7761248751687858,0.8372259030540931,10.0,2.0,0.0
1277,3.5553480614894135,0.0,0.0,1.0,0.7300980260494114,-1.2184705569895626,0.5740417882420525,8.0,2.0,1.0
1278,3.713572066704308,0.0,0.0,0.0,0.13856735654726,-1.2184705569895626,1.0678326137150589,6.0,1.0,1.0
1279,3.258096538021482,1.0,0.0,0.0,-1.0963826376765298,0.9083924597830113,0.5427426520918247,3.0,1.0,0.0
1280,3.6635616461296463,0.0,0.0,0.0,-0.8265616305351976,-1.2184705569895626,0.5683933806599639,7.0,2.0,1.0
1281,3.367295829986474,1.0,0.0,1.0,0.6989648329177193,0.47981973996184313,1.4511266288634874,3.0,2.0,1.0
1282,4.04305126783455,0.0,0.0,0.0,-0.5982515475694549,-1.2184705569895626,-1.2903593827365354,7.0,1.0,0.0
1283,3.713572066704308,0.0,0.0,0.0,0.5225434051714636,0.43945523494230065,-1.5772973403864048,1.0,1.0,0.0
1284,3.713572066704308,0.0,1.0,1.0,1.1036963436297176,-1.2184705569895626,-0.07534756579433906,3.0,2.0,0.0
1285,3.5553480614894135,1.0,0.0,0.0,1.1244518057175124,-0.2897785698827663,-0.17534786938889266,6.0,1.0,0.0
1286,3.4657359027997265,0.0,0.0,0.0,0.27347786011792613,-1.2184705569895626,0.5218671725230412,1.0,2.0,1.0
1287,3.4339872044851463,0.0,0.0,1.0,-1.1067603687204273,-1.2184705569895626,1.214913412495869,3.0,2.0,0.0
1288,3.4011973816621555,1.0,0.0,0.0,-0.42183011982319923,0.044570437529005906,-1.2779828553463974,4.0,2.0,1.0
1289,3.5553480614894135,0.0,0.0,0.0,-0.9199612099302741,-1.2184705569895626,-1.1109101675817201,6.0,2.0,0.0
1290,3.332204510175204,0.0,0.0,1.0,-1.9681120453639107,1.6140899499678376,-0.3450214291645426,4.0,1.0,0.0
1291,3.1780538303479458,0.0,0.0,1.0,1.09331861258582,0.07319936759201293,-0.11196389345733952,2.0,2.0,0.0
1292,3.4965075614664802,0.0,0.0,0.0,1.6018274337367924,-0.1975539896193971,0.9764667044608292,3.0,1.0,0.0
1293,3.6375861597263857,0.0,1.0,1.0,-0.12087591955017483,1.311656128209109,-0.3326626361781163,5.0,1.0,0.0
1294,3.6635616461296463,0.0,0.0,0.0,0.7093425639616167,-1.2184705569895626,-0.7685181204598498,10.0,2.0,1.0
1295,3.6888794541139363,0.0,0.0,0.0,2.058447599668278,0.05056030880203148,1.5035896894428642,7.0,1.0,1.0
1296,3.713572066704308,0.0,1.0,1.0,0.22158920489843914,0.728933604456285,-1.689509519603305,1.0,1.0,1.0
1297,3.4657359027997265,0.0,0.0,0.0,-0.6501402027889419,0.5529103872514102,0.8308667283899229,10.0,1.0,0.0
1298,4.110873864173311,0.0,0.0,1.0,-2.217177590417448,0.03664964092512332,-0.8868364982879778,7.0,1.0,1.0
1299,3.8501476017100584,1.0,0.0,0.0,0.5536765983031557,0.6310880461174271,-0.4153047836066525,4.0,1.0,0.0
1300,3.4011973816621555,1.0,0.0,0.0,1.6744715510440742,0.4796453802864448,1.5221263141221766,5.0,1.0,0.0
1301,3.6375861597263857,1.0,0.0,1.0,0.3046110532496183,-0.046796914357795656,-1.3064128431628417,8.0,2.0,1.0
1302,3.912023005428146,1.0,0.0,1.0,-0.10012045746238005,0.7138735076448643,-1.3154940749300126,4.0,1.0,0.0
1303,3.4657359027997265,0.0,0.0,0.0,-0.41145238877930185,0.6706622486964131,-0.8050276939671756,8.0,1.0,1.0
1304,3.5263605246161616,0.0,0.0,1.0,-0.6812733959206341,-1.2184705569895626,-1.6248933503472136,9.0,1.0,0.0
1305,4.060443010546419,0.0,0.0,0.0,-1.81244607970545,0.6071607431141723,-0.5088056021076721,9.0,2.0,1.0
1306,3.5263605246161616,0.0,0.0,1.0,0.5121656741275662,1.1433159444143917,1.5679408858435027,9.0,1.0,0.0
1307,3.4339872044851463,0.0,0.0,1.0,0.20083374281064434,-1.2184705569895626,0.028280640426122564,2.0,1.0,1.0
1308,3.7376696182833684,1.0,0.0,1.0,-0.08974272641848266,0.8283986743806834,1.2506600589101975,2.0,1.0,0.0
1309,3.6375861597263857,0.0,0.0,0.0,1.0310522263224358,1.7213658209984157,-0.8814407190254253,9.0,2.0,0.0
1310,3.4657359027997265,0.0,0.0,0.0,-0.12087591955017483,1.0047768552222505,-0.9004646920733955,9.0,1.0,0.0
1311,3.332204510175204,0.0,0.0,0.0,2.058447599668278,-0.5194574948012489,-1.6935625263181777,7.0,2.0,1.0
1312,3.6888794541139363,0.0,0.0,1.0,-1.8332015417932448,-1.2184705569895626,-0.7551272547240997,6.0,1.0,1.0
1313,3.58351893845611,1.0,0.0,0.0,-0.5671183544377627,0.880586814798882,1.6069000673301448,8.0,1.0,1.0
1314,3.713572066704308,1.0,0.0,1.0,-0.8784502857546845,0.7391169139830812,0.6628050868182791,7.0,1.0,0.0
1315,3.5553480614894135,0.0,0.0,0.0,0.9895413021468462,-1.2184705569895626,-0.8636218160963167,10.0,2.0,1.0
1316,3.871201010907891,1.0,0.0,0.0,0.20083374281064434,0.6164490383292363,0.9173734110272225,7.0,2.0,0.0
1317,3.784189633918261,1.0,0.0,0.0,-0.5152296992182758,0.6010421434857564,0.2553243007414193,2.0,4.0,0.0
1318,3.5263605246161616,0.0,0.0,0.0,-1.947356583276116,1.143049521549504,0.0002823636333592249,10.0,2.0,0.0
1319,3.58351893845611,1.0,0.0,0.0,0.7508534881372062,1.5351466455850584,1.162851462400436,0.0,2.0,1.0
1320,3.4657359027997265,0.0,0.0,0.0,-0.46334104399878884,0.42303820677275294,1.1538041346403602,1.0,1.0,1.0
1321,4.07753744390572,1.0,0.0,0.0,0.4395215568202844,1.0744987903259775,0.0382032131693677,1.0,1.0,0.0
1322,3.58351893845611,0.0,0.0,1.0,-1.9577343143200134,0.4027567661831752,0.3074371937808469,2.0,1.0,1.0
1323,3.5553480614894135,0.0,1.0,1.0,-0.5463628923499679,0.40675150805754334,1.6969207699028517,2.0,1.0,0.0
1324,3.4657359027997265,1.0,0.0,1.0,-2.559642714866062,0.9157890565914356,-0.47780569055339867,5.0,2.0,1.0
1325,3.6109179126442243,0.0,0.0,1.0,0.9791635711029488,0.8174394723038595,0.9609414510783982,9.0,1.0,1.0
1326,3.4657359027997265,0.0,0.0,1.0,0.429143825776387,-1.2184705569895626,1.42291797336003,1.0,2.0,1.0
1327,3.713572066704308,0.0,0.0,0.0,-0.3388082714720201,-1.2184705569895626,0.8113063765630338,10.0,1.0,1.0
1328,3.367295829986474,1.0,0.0,0.0,-1.1794044860277089,1.4131827731384918,-1.6470796109903152,6.0,1.0,1.0
1329,3.8501476017100584,0.0,0.0,1.0,-1.1482712928960168,-1.2184705569895626,-0.2951321173904622,6.0,2.0,1.0
1330,4.007333185232471,0.0,1.0,1.0,-0.07936499537458526,-1.2184705569895626,-0.2748644758155527,6.0,1.0,1.0
1331,3.6109179126442243,0.0,1.0,1.0,-0.9303389409741715,-1.2184705569895626,1.4328694079759818,5.0,1.0,1.0
1332,3.6109179126442243,0.0,0.0,1.0,1.1452072678053071,0.6956025670038414,-1.0038653067795604,5.0,1.0,1.0
1333,3.8501476017100584,1.0,0.0,1.0,1.010296764234641,0.03256988069663537,-0.4687500171915767,10.0,2.0,1.0
1334,3.295836866004329,0.0,0.0,1.0,-1.4803586863007334,-1.2184705569895626,-1.6387538300479105,10.0,2.0,1.0
1335,3.295836866004329,1.0,0.0,1.0,-1.0133607893253507,0.7247094251027195,-1.5941651924498124,4.0,1.0,1.0
1336,3.713572066704308,0.0,1.0,0.0,0.38763290160079744,1.2512513081015038,0.31101641372989974,5.0,1.0,1.0
1337,4.110873864173311,0.0,0.0,1.0,-0.6190070096572498,-1.2184705569895626,-1.5094634200569084,9.0,4.0,1.0
1338,3.8501476017100584,0.0,1.0,1.0,-1.0133607893253507,-1.2184705569895626,-0.7495457858226864,4.0,2.0,1.0
1339,3.4011973816621555,1.0,0.0,0.0,-0.8680725547107871,0.8497811907165548,0.07279277667487732,2.0,2.0,1.0
1340,4.143134726391533,0.0,1.0,1.0,0.4706547499519766,-1.2184705569895626,0.49998656954390713,7.0,1.0,0.0
1341,3.713572066704308,0.0,0.0,0.0,-0.7954284374035054,1.0155802703714685,1.4059400636735897,1.0,1.0,0.0
1342,3.6635616461296463,0.0,0.0,0.0,-0.7227843200962236,0.9586879411352016,-0.4146432208015351,9.0,4.0,1.0
1343,3.8501476017100584,0.0,1.0,0.0,1.4357837370344342,-1.2184705569895626,-1.4909327068455,9.0,1.0,0.0
1344,3.828641396489095,0.0,1.0,0.0,-0.4322078508670966,-1.2184705569895626,-1.0806589260507937,3.0,1.0,0.0
1345,4.0943445622221,0.0,0.0,1.0,-0.19352003685745658,-1.2184705569895626,0.6405715344319474,5.0,1.0,1.0
1346,3.7612001156935624,1.0,0.0,1.0,-0.19352003685745658,0.7995708878283793,-1.5410570864021083,3.0,1.0,1.0
1347,3.4339872044851463,0.0,0.0,0.0,0.6263207156104375,0.215659227887141,1.3419362529456518,1.0,1.0,1.0
1348,3.4657359027997265,0.0,1.0,1.0,-0.05860953328679048,-1.2184705569895626,1.2238501610328025,2.0,1.0,1.0
1349,3.713572066704308,1.0,0.0,0.0,-0.34918600251591747,1.0279734166658012,1.0464570935082942,0.0,1.0,0.0
1350,3.1780538303479458,1.0,0.0,0.0,0.21121147385454175,0.5546113947733855,-0.3416965762020566,10.0,1.0,0.0
1351,3.4339872044851463,1.0,0.0,1.0,0.4602770189080792,0.6072257477314466,1.621920237940206,4.0,1.0,1.0
1352,3.4657359027997265,1.0,0.0,0.0,-1.0133607893253507,0.9505525972723348,0.11550869601438943,6.0,1.0,0.0
1353,3.5553480614894135,1.0,0.0,0.0,-0.3284305404281227,0.4186782542284276,0.3519201204234886,8.0,1.0,0.0
1354,3.784189633918261,0.0,0.0,0.0,-1.2728040654227855,0.7639438744850161,-0.38193819849041893,0.0,1.0,1.0
1355,3.4339872044851463,1.0,0.0,0.0,-1.7916906176176552,1.0865412959507759,-1.0180121449401858,7.0,2.0,0.0
1356,3.332204510175204,0.0,1.0,0.0,-0.03785407119899569,-1.2184705569895626,1.0889122127932267,7.0,2.0,1.0
1357,3.4657359027997265,0.0,0.0,0.0,0.6055652535226427,-1.2184705569895626,0.20616714165389566,3.0,2.0,1.0
1358,3.6375861597263857,0.0,1.0,1.0,0.37725517055690005,0.9936463355580291,0.23463346761127815,7.0,2.0,1.0
1359,3.6109179126442243,1.0,0.0,1.0,1.0829408815419228,0.9720832152608636,1.2102975992632132,2.0,1.0,1.0
1360,4.07753744390572,0.0,1.0,1.0,0.2838555911618235,0.5319732966427726,-1.6795899025940115,9.0,1.0,1.0
1361,3.6109179126442243,0.0,1.0,1.0,-0.6916511269645315,-1.2184705569895626,1.388974324656363,10.0,2.0,1.0
1362,3.8501476017100584,0.0,0.0,1.0,0.2631001290740287,-0.3052399020904662,1.010160680578912,2.0,1.0,1.0
1363,4.143134726391533,0.0,0.0,1.0,1.0725631504980253,0.8262341487133654,0.7293082314026068,1.0,2.0,1.0
1364,3.8501476017100584,0.0,0.0,0.0,0.04516777715218345,0.5972099131545738,0.6679571049631512,5.0,2.0,1.0
1365,3.4657359027997265,0.0,0.0,0.0,-2.3209549008564223,-1.2184705569895626,-0.7988107422661029,2.0,2.0,0.0
1366,3.7376696182833684,0.0,0.0,1.0,2.058447599668278,0.9656977124378754,-0.740446645785101,3.0,1.0,1.0
1367,3.7612001156935624,1.0,0.0,1.0,-0.20389776790135397,-0.25825533325210587,0.830068332489503,6.0,2.0,1.0
1368,3.4657359027997265,0.0,1.0,1.0,0.36687743951300267,-1.2184705569895626,-0.9076396493082912,3.0,2.0,0.0
1369,3.8066624897703196,0.0,0.0,0.0,-0.25578642312084093,-1.2184705569895626,-0.30360046902937055,5.0,2.0,0.0
1370,3.6375861597263857,0.0,0.0,1.0,1.4461614680783315,1.4039612437495443,-0.4276905259320521,2.0,2.0,0.0
1371,3.9318256327243257,0.0,1.0,0.0,-0.4322078508670966,0.871836328720331,1.4661636645437455,5.0,3.0,0.0
1372,3.9318256327243257,0.0,0.0,1.0,-1.3246927206422725,-1.2184705569895626,-1.1925638828033989,4.0,2.0,1.0
1373,3.7376696182833684,0.0,0.0,1.0,-0.027476340155098297,-1.2184705569895626,0.5239600060276924,0.0,2.0,1.0
1374,3.58351893845611,0.0,0.0,1.0,-1.4077145689934516,0.44809076211641063,0.3344275652960109,10.0,2.0,0.0
1375,3.58351893845611,0.0,0.0,0.0,-0.9199612099302741,1.7207122524079879,-0.598528123284643,2.0,1.0,1.0
1376,3.713572066704308,1.0,0.0,0.0,-0.8992057478424793,0.22243379775440633,0.35908655818993485,1.0,2.0,1.0
1377,3.6635616461296463,0.0,1.0,1.0,-1.2728040654227855,0.38010665981045494,-0.17691336518318365,7.0,2.0,0.0
1378,3.6109179126442243,0.0,1.0,0.0,-1.8020683486615525,0.26035726731837305,-0.9652834160385437,3.0,2.0,0.0
1379,3.332204510175204,0.0,0.0,0.0,-0.9822275961936585,-1.2184705569895626,-1.6679683044285307,2.0,2.0,1.0
1380,3.4011973816621555,1.0,0.0,0.0,-0.19352003685745658,0.46178832372338763,-0.04775822348715663,8.0,1.0,1.0
1381,3.091042453358316,0.0,0.0,0.0,-0.152009112681867,0.7943061542687408,1.2977615919675232,10.0,1.0,0.0
1382,4.248495242049359,0.0,0.0,1.0,0.3149887842935157,-1.2184705569895626,0.8549528304972867,6.0,2.0,1.0
1383,3.6109179126442243,1.0,0.0,0.0,0.9272749158834619,0.8257387686989648,-0.45502880472002544,0.0,2.0,0.0
1384,4.060443010546419,0.0,0.0,0.0,-1.8332015417932448,-1.2184705569895626,-0.19442295924756048,1.0,2.0,0.0
1385,3.5553480614894135,1.0,0.0,1.0,0.07630097028387564,0.9344404183424181,1.3631505987186858,9.0,2.0,0.0
1386,4.2626798770413155,0.0,0.0,0.0,1.456539199122229,-1.2184705569895626,1.2485190643288004,3.0,2.0,1.0
1387,3.1354942159291497,0.0,0.0,1.0,0.4602770189080792,1.1796074138210264,1.696967540045973,9.0,1.0,1.0
1388,3.784189633918261,0.0,0.0,0.0,1.3320064265954603,-1.2184705569895626,-1.4731033719142081,0.0,1.0,1.0
1389,3.58351893845611,0.0,0.0,1.0,-0.5982515475694549,-1.2184705569895626,0.053018916536638705,2.0,2.0,0.0
1390,4.290459441148391,0.0,0.0,0.0,0.6470761776982322,-1.2184705569895626,-0.23815704200015225,3.0,1.0,1.0
1391,3.4011973816621555,0.0,0.0,0.0,-0.048231802242893085,0.35482466698760007,1.1177309665576984,0.0,2.0,0.0
1392,3.828641396489095,0.0,0.0,1.0,0.8546307985761801,-1.2184705569895626,-0.014570199474958979,2.0,2.0,0.0
1393,3.6375861597263857,0.0,0.0,0.0,-0.3906969266915071,-0.015239254099760907,0.5448179250594678,8.0,4.0,1.0
1394,3.295836866004329,1.0,0.0,0.0,-0.5256074302621732,0.4709240342087412,-0.8756048831374452,7.0,2.0,0.0
1395,3.258096538021482,0.0,0.0,0.0,-1.314314989598375,-1.2184705569895626,-0.1889000834250762,6.0,2.0,0.0
1396,3.6109179126442243,0.0,1.0,1.0,-0.5878738165255575,0.1547667130400837,-1.3149281388115743,6.0,1.0,1.0
1397,3.5263605246161616,0.0,1.0,1.0,-0.28691961625253315,-1.2184705569895626,-0.4151865542485763,6.0,2.0,0.0
1398,3.5553480614894135,0.0,0.0,0.0,0.8338753364883853,0.7402887583028606,1.5222822725548153,8.0,2.0,0.0
1399,3.6375861597263857,0.0,0.0,0.0,-0.5256074302621732,-1.2184705569895626,-1.3861121227754998,5.0,1.0,0.0
1400,4.143134726391533,0.0,0.0,0.0,-0.4840965060865836,0.5598048794298536,0.4386604799096915,4.0,2.0,1.0
1401,3.713572066704308,0.0,0.0,0.0,-1.0548717135009402,0.6124653440376068,-0.8069563973041445,7.0,1.0,0.0
1402,3.5263605246161616,0.0,1.0,1.0,-0.5152296992182758,-1.2184705569895626,-0.6327522189803348,5.0,2.0,1.0
1403,3.4339872044851463,0.0,1.0,1.0,1.2282291161564862,-1.2184705569895626,-0.862230013138376,8.0,2.0,1.0
1404,3.6109179126442243,0.0,1.0,0.0,-0.8680725547107871,1.2409873031877459,-0.8058285240014385,10.0,1.0,1.0
1405,3.9512437185814275,0.0,0.0,0.0,1.1244518057175124,0.3977861545002189,1.3767375860954798,2.0,1.0,0.0
1406,3.5553480614894135,0.0,0.0,0.0,-1.6152691898713996,0.42623191884361555,1.3981233644377244,1.0,2.0,0.0
1407,3.828641396489095,1.0,0.0,1.0,1.7159824752196637,0.4019656631931449,-0.2124680627573414,9.0,1.0,0.0
1408,3.58351893845611,0.0,0.0,0.0,-0.5152296992182758,-1.2184705569895626,-1.2063092627466743,5.0,2.0,0.0
1409,3.871201010907891,0.0,0.0,0.0,0.10743416341556782,-1.2184705569895626,0.5035433606882662,6.0,2.0,1.0
1410,3.7612001156935624,1.0,0.0,1.0,1.4357837370344342,0.15590669549080513,1.6995720632577098,1.0,1.0,0.0
1411,3.5553480614894135,1.0,0.0,0.0,-1.8228238107493473,0.5732461050953128,1.6828648640279231,8.0,1.0,1.0
1412,3.332204510175204,0.0,0.0,1.0,0.4187660947324896,0.7916696246316579,-1.60880303017986,1.0,1.0,0.0
1413,3.7376696182833684,0.0,0.0,0.0,0.6055652535226427,1.2803173381772166,-1.5725792935323535,2.0,1.0,1.0
1414,4.204692619390966,0.0,0.0,1.0,-0.8576948236668898,-1.2184705569895626,0.5277360430846014,2.0,1.0,0.0
1415,3.4657359027997265,0.0,0.0,0.0,1.591449702692895,-1.2184705569895626,-1.6627423929348613,4.0,2.0,0.0
1416,4.110873864173311,0.0,0.0,1.0,0.2838555911618235,-1.2184705569895626,-0.8528229551696835,8.0,2.0,1.0
1417,3.6375861597263857,1.0,0.0,0.0,-0.35956373355981486,0.6463522830446718,1.3021477272854456,4.0,2.0,0.0
1418,4.110873864173311,0.0,0.0,0.0,0.9168971848395645,0.5111658950488944,-1.2944527265265162,5.0,2.0,0.0
1419,3.4965075614664802,0.0,0.0,0.0,0.08667870132777303,0.6174918340738359,-0.27516648227875595,0.0,1.0,0.0
1420,3.4657359027997265,0.0,0.0,0.0,-0.36994146460371224,0.9716589240397383,-0.7143294328526701,3.0,1.0,0.0
1421,3.332204510175204,0.0,0.0,1.0,-1.4596032242129386,-1.2184705569895626,-0.8926652056411327,8.0,2.0,1.0
1422,3.2188758248682006,1.0,0.0,1.0,-0.05860953328679048,0.26091412953236315,-1.417604772566226,0.0,1.0,1.0
1423,3.295836866004329,0.0,1.0,0.0,-0.2661641541647383,1.160929153607723,0.07077644451956953,8.0,3.0,1.0
1424,3.2188758248682006,0.0,0.0,0.0,-0.733162051140121,0.31071022812278365,-0.9506386236403741,3.0,1.0,1.0
1425,3.4965075614664802,0.0,0.0,1.0,-0.785050706359608,-1.2184705569895626,-1.665128017967454,7.0,2.0,0.0
1426,3.8918202981106265,1.0,0.0,1.0,-1.127515830808222,0.3970462866765132,-1.1670032171874412,1.0,1.0,0.0
1427,3.828641396489095,1.0,0.0,0.0,0.003656852976593882,0.5559872190990949,0.9206633167823949,9.0,1.0,1.0
1428,3.713572066704308,1.0,0.0,1.0,0.055545508196080846,0.36927266367133676,0.3286543214211299,7.0,1.0,1.0
1429,3.5553480614894135,0.0,1.0,0.0,-0.14163138163796962,-1.2184705569895626,-1.6775528803010407,7.0,2.0,0.0
1430,3.4965075614664802,0.0,0.0,0.0,-0.9199612099302741,1.1563769090797857,1.585194548120985,0.0,1.0,0.0
1431,3.4339872044851463,0.0,0.0,0.0,-0.35956373355981486,-1.2184705569895626,-0.13577928510804935,8.0,1.0,1.0
1432,3.6888794541139363,0.0,0.0,0.0,0.06592323923997824,-1.2184705569895626,0.8188907898836199,4.0,1.0,1.0
1433,3.4965075614664802,1.0,0.0,1.0,2.058447599668278,0.8413108969538414,-0.8000495425253569,2.0,2.0,0.0
1434,3.713572066704308,0.0,0.0,0.0,-0.20389776790135397,1.0170692923927762,-0.11698325130778166,9.0,1.0,0.0
1435,3.9318256327243257,0.0,0.0,0.0,1.1036963436297176,0.31560254606720023,-0.5648442314353377,2.0,3.0,1.0
1436,3.4965075614664802,1.0,0.0,1.0,-1.0860049066326325,1.274870399557337,-0.5675235173293871,8.0,1.0,0.0
1437,3.6375861597263857,0.0,0.0,1.0,1.4254060059905367,-1.2184705569895626,0.37298893976606723,3.0,1.0,0.0
1438,3.6109179126442243,0.0,1.0,0.0,-0.28691961625253315,-1.2184705569895626,0.19428926396811433,0.0,2.0,0.0
1439,3.6888794541139363,0.0,1.0,1.0,0.23196693594233653,0.7059450257660331,-0.00522190845189849,6.0,1.0,0.0
1440,3.8501476017100584,1.0,0.0,0.0,-1.1897822170716064,0.39427638549709154,0.7028817096054444,5.0,1.0,1.0
1441,3.784189633918261,0.0,1.0,1.0,0.4706547499519766,0.8345605036806857,1.5309945591781071,10.0,1.0,0.0
1442,3.58351893845611,1.0,0.0,1.0,-2.2275553214613457,0.8117763853260478,1.055407577514769,6.0,2.0,1.0
1443,3.6375861597263857,1.0,0.0,0.0,-1.3246927206422725,0.8226196678390624,1.3770834069678528,9.0,2.0,0.0
1444,3.828641396489095,0.0,1.0,0.0,-1.2520486033349907,0.8068486830948884,1.1181404226433884,1.0,2.0,1.0
1445,3.5553480614894135,1.0,0.0,1.0,0.7508534881372062,0.6745999914482452,0.9859274872407654,6.0,2.0,0.0
1446,3.367295829986474,0.0,1.0,1.0,-0.9407166720180689,0.761960753328466,-0.5195542155571229,6.0,1.0,1.0
1447,3.4011973816621555,1.0,0.0,0.0,0.7093425639616167,0.48239158520144143,-0.5307691395041626,7.0,1.0,1.0
1448,3.4011973816621555,0.0,0.0,1.0,2.058447599668278,-1.2184705569895626,0.9139407607088437,1.0,2.0,0.0
1449,3.8501476017100584,0.0,0.0,0.0,0.481032480995874,-1.2184705569895626,0.44389438927170144,0.0,2.0,1.0
1450,3.8918202981106265,1.0,0.0,0.0,-0.1727645747696618,0.08733595053043322,1.5905861545826643,4.0,2.0,0.0
1451,3.7612001156935624,0.0,0.0,1.0,0.4602770189080792,-1.2184705569895626,0.45069448989481453,4.0,1.0,0.0
1452,2.995732273553991,0.0,0.0,1.0,0.8234976054444879,-1.2184705569895626,0.8893368835597876,6.0,2.0,1.0
1453,3.6109179126442243,0.0,1.0,1.0,-1.7398019623981682,-1.2184705569895626,1.4901278860922686,8.0,2.0,0.0
1454,3.912023005428146,0.0,1.0,0.0,-0.03785407119899569,-1.2184705569895626,1.032846286393182,10.0,2.0,1.0
1455,3.332204510175204,0.0,1.0,1.0,-1.6360246519591943,-1.2184705569895626,-1.3566236344708675,2.0,2.0,0.0
1456,3.713572066704308,0.0,0.0,1.0,-0.785050706359608,-1.2184705569895626,0.20922945589477146,9.0,2.0,0.0
1457,3.8066624897703196,1.0,0.0,0.0,1.010296764234641,-0.07372019371187909,0.8806784956144417,0.0,2.0,0.0
1458,3.784189633918261,0.0,0.0,1.0,-0.9407166720180689,-1.2184705569895626,-1.4241139941951309,4.0,4.0,0.0
1459,4.248495242049359,0.0,0.0,1.0,0.719720295005514,0.5175080080904013,1.355935304408682,2.0,1.0,1.0
1460,4.0943445622221,0.0,0.0,1.0,-0.4529633129548914,-1.2184705569895626,-0.5178037255907836,1.0,1.0,0.0
1461,3.4339872044851463,1.0,0.0,1.0,-0.20389776790135397,-0.2791375061668392,-0.3783473294722616,1.0,1.0,1.0
1462,3.8501476017100584,0.0,0.0,1.0,-0.14163138163796962,1.0208190661281553,-1.0686542995384865,9.0,1.0,0.0
1463,3.6109179126442243,1.0,0.0,1.0,0.5640543293470531,-0.2806880103877362,-1.0372414545644617,9.0,2.0,0.0
1464,3.5553480614894135,0.0,0.0,1.0,0.1178118944594652,-1.2184705569895626,0.23737047725074134,10.0,1.0,1.0
1465,3.7376696182833684,0.0,0.0,0.0,-1.0341162514131454,0.7724854171508995,0.612079650069216,9.0,1.0,0.0
1466,3.2188758248682006,0.0,0.0,0.0,-0.9822275961936585,-1.2184705569895626,-1.3894656637439895,4.0,1.0,0.0
1467,3.4339872044851463,1.0,0.0,1.0,-2.974751956621958,0.8270945792878286,-0.32849400810571305,0.0,1.0,0.0
1468,3.6109179126442243,0.0,0.0,0.0,-0.14163138163796962,-1.2184705569895626,1.1095515813792645,6.0,1.0,0.0
1469,3.5263605246161616,1.0,0.0,1.0,0.1281896255033626,0.33917712697228936,0.7476622960437128,7.0,2.0,0.0
1470,3.6635616461296463,0.0,0.0,1.0,-0.05860953328679048,-1.2184705569895626,-1.719591936565567,7.0,2.0,0.0
1471,3.9318256327243257,1.0,0.0,1.0,-0.24540869207694355,0.738516021548031,-1.4989660439933692,4.0,1.0,1.0
1472,3.5263605246161616,0.0,0.0,0.0,0.6574539087421296,0.14611149234891754,-0.5623568943814589,3.0,1.0,1.0
1473,3.5553480614894135,0.0,1.0,0.0,-1.3558259137739646,-0.08599613956324385,-1.3941904913994598,7.0,1.0,1.0
1474,3.6375861597263857,0.0,1.0,1.0,0.6159429845665401,-1.2184705569895626,-0.286052972023728,2.0,2.0,0.0
1475,3.5553480614894135,0.0,1.0,0.0,0.5121656741275662,0.510402010740974,0.32936352370288396,6.0,1.0,1.0
1476,3.6635616461296463,1.0,0.0,0.0,1.0518076884102305,0.6598573925581421,0.3753789114662364,1.0,1.0,0.0
1477,3.258096538021482,1.0,0.0,1.0,-0.14163138163796962,1.151883584993122,0.24847516970804515,4.0,2.0,1.0
1478,3.091042453358316,0.0,0.0,0.0,-0.40107465773540446,0.47273743887684105,-1.1105001898959206,7.0,1.0,1.0
1479,3.1780538303479458,0.0,1.0,1.0,-0.494474237130481,0.7761357626416299,-1.6198124436838905,9.0,1.0,1.0
1480,3.4011973816621555,0.0,0.0,0.0,-1.366203644817862,0.3177480186570412,-1.664510269571506,8.0,1.0,0.0
1481,3.4965075614664802,1.0,0.0,1.0,0.958408109015154,0.32029488675305634,-0.35848740531601164,4.0,1.0,1.0
1482,3.6109179126442243,1.0,0.0,1.0,-0.6916511269645315,1.1199499867021805,-0.24353021859130772,5.0,2.0,0.0
1483,3.9318256327243257,1.0,0.0,1.0,-0.19352003685745658,0.19534224290092553,1.660529078020196,7.0,1.0,1.0
1484,3.6375861597263857,1.0,0.0,1.0,-0.42183011982319923,0.6632164981502963,1.0542059847299687,1.0,2.0,1.0
1485,3.7376696182833684,1.0,0.0,0.0,-0.048231802242893085,0.15697991211540993,1.5426963098936954,1.0,3.0,0.0
1486,3.58351893845611,0.0,0.0,1.0,1.0518076884102305,-1.2184705569895626,1.4676519635218803,3.0,2.0,1.0
1487,3.7612001156935624,0.0,1.0,0.0,1.2074736540686914,-1.2184705569895626,1.057312982713529,3.0,1.0,0.0
1488,3.7376696182833684,0.0,1.0,0.0,-1.4388477621251439,0.4968674410068672,1.045204731646202,9.0,2.0,1.0
1489,3.6375861597263857,1.0,0.0,0.0,-0.006720878067303511,0.6674808650874474,-0.42760272324701015,10.0,2.0,1.0
1490,3.713572066704308,0.0,1.0,1.0,0.055545508196080846,-1.2184705569895626,-0.824833893312182,10.0,2.0,1.0
1491,3.5263605246161616,0.0,0.0,1.0,-1.5945137277836046,1.953528370604481,-0.5349346379759106,1.0,1.0,0.0
1492,3.7376696182833684,0.0,0.0,1.0,-1.4180923000373489,-1.2184705569895626,1.4713095973540105,8.0,2.0,1.0
1493,4.127134385045092,0.0,0.0,1.0,0.5536765983031557,-1.2184705569895626,1.580142503330369,4.0,2.0,1.0
1494,3.4011973816621555,0.0,0.0,1.0,-0.6190070096572498,-1.2184705569895626,-0.16055928922729815,7.0,2.0,1.0
1495,3.258096538021482,1.0,0.0,0.0,0.27347786011792613,0.013865202350695903,0.5402113267620735,10.0,2.0,1.0
1496,3.6375861597263857,0.0,1.0,0.0,-0.8058061684474028,-1.2184705569895626,-1.1852320978023492,7.0,2.0,0.0
1497,3.258096538021482,0.0,0.0,0.0,0.6159429845665401,1.8246828147710525,-0.8534403558322253,5.0,1.0,0.0
1498,3.5263605246161616,0.0,1.0,0.0,-1.3039372585544777,0.6169432975743736,0.16835669747432608,8.0,2.0,0.0
1499,3.784189633918261,1.0,0.0,0.0,-0.733162051140121,0.274707436856409,0.7059746243860572,5.0,3.0,0.0
1500,2.995732273553991,0.0,1.0,1.0,1.0829408815419228,0.8673486084799837,0.5755683378948598,4.0,1.0,1.0
1501,3.6888794541139363,0.0,1.0,0.0,0.23196693594233653,-1.2184705569895626,-1.579691311020744,6.0,2.0,1.0
1502,3.7612001156935624,0.0,0.0,1.0,-0.4529633129548914,1.400095870670146,-1.0704006167039528,10.0,1.0,0.0
1503,3.1354942159291497,0.0,1.0,0.0,-0.6605179338328393,-0.14288126385424674,1.0971590582524455,9.0,1.0,1.0
1504,3.295836866004329,0.0,0.0,1.0,-0.03785407119899569,1.3901014908191716,-0.03586956606578607,9.0,1.0,0.0
1505,3.4339872044851463,0.0,1.0,1.0,-0.36994146460371224,-1.2184705569895626,1.6635082839770126,5.0,2.0,1.0
1506,3.367295829986474,0.0,1.0,1.0,-0.7642952442718132,-1.2184705569895626,-1.6253789600488413,4.0,2.0,0.0
1507,3.8066624897703196,1.0,0.0,0.0,-1.1067603687204273,0.8235140417112154,0.1385255178979761,2.0,1.0,0.0
1508,3.9318256327243257,1.0,0.0,1.0,1.0310522263224358,0.33280843568825147,-0.40380610920023013,2.0,1.0,0.0
1509,3.713572066704308,0.0,0.0,1.0,2.058447599668278,0.3400389985358053,-0.20196425362578935,6.0,1.0,1.0
1510,3.6109179126442243,0.0,0.0,1.0,0.44989928786418176,1.3678326061058852,0.008860599028597276,4.0,1.0,0.0
1511,3.6635616461296463,0.0,0.0,0.0,-1.2105376791594011,-1.2184705569895626,0.6292123011213739,8.0,2.0,0.0
1512,3.4339872044851463,0.0,0.0,1.0,0.7300980260494114,-1.2184705569895626,1.1465683240593962,5.0,2.0,0.0
1513,3.784189633918261,0.0,0.0,1.0,0.6366984466543348,0.1647851093752727,0.5141210631686158,5.0,1.0,1.0
1514,3.091042453358316,0.0,0.0,0.0,-2.103022548934577,-1.2184705569895626,1.3094358717440293,7.0,2.0,0.0
1515,3.912023005428146,0.0,0.0,0.0,-0.20389776790135397,1.4707784651424587,0.6914664912164873,5.0,1.0,0.0
1516,3.8066624897703196,0.0,1.0,1.0,-2.020000700583398,-1.2184705569895626,1.4876221191678658,7.0,2.0,0.0
1517,3.6375861597263857,0.0,0.0,1.0,0.532921136215361,1.1793685298580379,-1.3874891470636808,1.0,1.0,0.0
1518,3.8501476017100584,1.0,0.0,0.0,-1.5011141483885282,0.42722155810315343,-0.5234710846435052,8.0,1.0,1.0
1519,3.044522437723423,1.0,0.0,1.0,-1.2105376791594011,0.941002042049647,0.3198151121046091,9.0,1.0,1.0
1520,3.8501476017100584,0.0,1.0,1.0,-0.9926053272375559,0.8912168309320703,0.14029947986922772,3.0,1.0,1.0
1521,3.8066624897703196,1.0,0.0,0.0,0.20083374281064434,0.13838122651980456,-1.143300665027013,0.0,2.0,1.0
1522,3.9512437185814275,0.0,1.0,0.0,0.6055652535226427,0.2810698838545509,0.7123183249136559,4.0,1.0,1.0
1523,3.1780538303479458,0.0,0.0,0.0,-0.28691961625253315,-1.2184705569895626,0.5561526431649106,5.0,2.0,0.0
1524,3.6888794541139363,1.0,0.0,0.0,-1.0860049066326325,-0.024112384357701216,-0.2553192503918289,6.0,3.0,1.0
1525,3.912023005428146,0.0,0.0,1.0,-0.8992057478424793,-1.2184705569895626,-0.18815906353666362,7.0,2.0,1.0
1526,3.4965075614664802,0.0,0.0,0.0,0.24234466698623391,1.2738530612860048,-0.048206799581033896,2.0,1.0,0.0
1527,3.7612001156935624,0.0,0.0,0.0,-0.11049818850627745,-1.2184705569895626,0.36003413172157467,6.0,2.0,0.0
1528,3.58351893845611,1.0,0.0,0.0,-0.25578642312084093,0.988691734864549,1.2490222345674362,2.0,1.0,1.0
1529,3.8501476017100584,0.0,0.0,0.0,0.7923644123127958,0.5380233692362297,-1.393618469946415,2.0,1.0,0.0
1530,3.5263605246161616,0.0,0.0,0.0,-0.6916511269645315,1.2280894905051165,-0.6466387786864894,4.0,1.0,0.0
1531,3.4339872044851463,0.0,1.0,1.0,-0.14163138163796962,0.971969377125686,0.10800043630974082,9.0,2.0,1.0
1532,3.6635616461296463,1.0,0.0,1.0,-1.231293141247196,-0.09189698973478054,0.06534206684893927,4.0,2.0,1.0
1533,3.6109179126442243,1.0,0.0,1.0,1.09331861258582,-0.17215703789210135,-0.6240362811562786,1.0,1.0,0.0
1534,3.4011973816621555,0.0,0.0,0.0,0.5225434051714636,1.1706635149896005,-1.5786797545423807,6.0,1.0,1.0
1535,3.6635616461296463,0.0,0.0,0.0,-0.28691961625253315,-1.2184705569895626,1.099455837399778,3.0,2.0,1.0
1536,3.332204510175204,0.0,1.0,1.0,0.07630097028387564,-1.2184705569895626,-0.01894138225641913,4.0,2.0,0.0
1537,3.6375861597263857,1.0,0.0,1.0,-0.6916511269645315,1.2231544232187983,-0.009110611132386055,6.0,1.0,1.0
1538,3.7376696182833684,0.0,1.0,1.0,-1.023738520369248,1.1027154374099664,-1.4098219773374563,6.0,1.0,1.0
1539,3.58351893845611,0.0,0.0,1.0,-1.4907364173446307,0.17277683466253574,-0.7138353036825931,1.0,1.0,0.0
1540,3.5553480614894135,0.0,1.0,1.0,-0.1831423058135592,-1.2184705569895626,-0.6682691874799299,1.0,2.0,0.0
1541,3.1780538303479458,1.0,0.0,0.0,-0.2661641541647383,0.15684061650696507,0.16189615852227585,6.0,1.0,0.0
1542,3.58351893845611,0.0,0.0,0.0,-0.8576948236668898,0.2855158154123648,1.4659908410409106,4.0,1.0,0.0
1543,3.4011973816621555,0.0,1.0,1.0,-0.13125365059407224,0.9179489390718053,-0.04255995679927262,4.0,2.0,0.0
1544,3.4011973816621555,1.0,0.0,1.0,-0.36994146460371224,1.172267175695559,0.7009408355992616,8.0,1.0,0.0
1545,3.4339872044851463,0.0,0.0,1.0,-0.35956373355981486,0.8950724373078882,0.7390917107834096,3.0,1.0,0.0
1546,4.382026634673881,0.0,0.0,0.0,-0.35956373355981486,-1.2184705569895626,1.0459454038012088,7.0,1.0,1.0
1547,4.127134385045092,1.0,0.0,1.0,-0.46334104399878884,1.4157134701351357,-1.1239531260446607,2.0,2.0,1.0
1548,4.127134385045092,0.0,0.0,0.0,-1.2001599481155036,-0.1747095098344331,-0.6280552099973531,8.0,1.0,1.0
1549,3.5263605246161616,0.0,0.0,0.0,1.1036963436297176,-1.2184705569895626,-0.3031334630649697,7.0,2.0,0.0
1550,3.871201010907891,0.0,0.0,0.0,1.6537160889562794,0.7567306035060968,1.244260547170919,3.0,2.0,0.0
1551,4.174387269895637,0.0,0.0,1.0,0.10743416341556782,0.3641867728641503,-1.0032312149135254,0.0,1.0,1.0
1552,3.828641396489095,1.0,0.0,0.0,0.13856735654726,1.2704001312955189,-0.8442852307162569,5.0,2.0,0.0
1553,3.970291913552122,1.0,0.0,0.0,1.0206744952785385,0.5021914152275683,0.4486089587916914,6.0,1.0,0.0
1554,3.6888794541139363,0.0,0.0,1.0,-0.4840965060865836,-1.2184705569895626,1.720570292718849,3.0,2.0,0.0
1555,3.044522437723423,0.0,1.0,0.0,-0.5256074302621732,0.7420208271444204,-0.23714357298805536,9.0,2.0,0.0
1556,3.4965075614664802,0.0,0.0,0.0,-0.5567406233938653,0.5612553149665231,1.163950126097029,4.0,1.0,1.0
1557,3.713572066704308,0.0,0.0,1.0,-2.0407561626711925,-1.2184705569895626,0.5136726609414416,1.0,3.0,1.0
1558,4.2626798770413155,1.0,0.0,1.0,0.1593228186350548,0.020090275059130202,-1.3830979696113697,3.0,2.0,1.0
1559,3.4657359027997265,1.0,0.0,1.0,0.7508534881372062,0.9937086183070921,-1.5215224668472709,9.0,1.0,0.0
1560,3.6375861597263857,0.0,0.0,0.0,-0.1831423058135592,-0.39258369232184187,1.45842155412349,7.0,2.0,1.0
1561,3.5263605246161616,0.0,0.0,1.0,1.352761888683255,1.84800362149294,1.1584296844083875,7.0,1.0,1.0
1562,4.1588830833596715,0.0,1.0,0.0,-0.006720878067303511,0.862456450645462,-1.5404721988130374,8.0,1.0,1.0
1563,4.3694478524670215,1.0,0.0,1.0,-0.027476340155098297,-0.12418571177230894,0.7325953552905302,4.0,2.0,1.0
1564,3.6888794541139363,0.0,0.0,0.0,0.5536765983031557,1.1732456072624635,-0.07573181120808645,5.0,2.0,0.0
1565,3.784189633918261,0.0,1.0,0.0,0.2631001290740287,0.9144314847937294,-0.07814351624613727,3.0,2.0,1.0
1566,4.04305126783455,1.0,0.0,0.0,-1.9266011211883212,0.5734814666406165,1.6900333881948058,2.0,3.0,0.0
1567,4.07753744390572,1.0,0.0,1.0,0.2838555911618235,0.7965209544430149,-0.23338335780112407,8.0,2.0,1.0
1568,3.784189633918261,1.0,0.0,0.0,0.8857639917078723,0.7915071130884722,0.6620621543961331,1.0,1.0,0.0
1569,3.6888794541139363,1.0,0.0,1.0,-0.5463628923499679,1.8072364400880656,1.3163587222594977,2.0,2.0,1.0
1570,3.1354942159291497,0.0,0.0,1.0,-1.3350704516861698,0.756876623730122,0.42554397583135917,8.0,1.0,1.0
1571,3.58351893845611,0.0,1.0,1.0,1.3423841576393576,0.07506913094306988,0.278155780719551,4.0,1.0,0.0
1572,3.5263605246161616,0.0,0.0,0.0,-1.1171380997643245,-1.2184705569895626,0.4117467836105737,6.0,2.0,1.0
1573,3.332204510175204,0.0,1.0,0.0,-0.13125365059407224,0.9239045468273513,-1.6374764313805787,8.0,2.0,0.0
1574,3.5263605246161616,0.0,0.0,0.0,-0.5152296992182758,-1.2184705569895626,0.21728904691480183,8.0,2.0,1.0
1575,3.7376696182833684,0.0,0.0,1.0,-0.35956373355981486,-1.2184705569895626,-1.494116901645216,7.0,2.0,1.0
1576,4.276666119016055,0.0,1.0,1.0,0.1593228186350548,0.9792103471163994,-0.1042888955844627,4.0,1.0,1.0
1577,3.5263605246161616,0.0,0.0,1.0,0.04516777715218345,1.0023340585578322,-1.1004917270013672,7.0,2.0,0.0
1578,3.7612001156935624,0.0,0.0,1.0,2.058447599668278,-1.2184705569895626,-0.9782688246227739,0.0,2.0,0.0
1579,3.6635616461296463,0.0,1.0,1.0,1.539561047473408,-1.2184705569895626,-0.849823232941907,1.0,2.0,0.0
1580,3.7612001156935624,0.0,0.0,0.0,-1.9058456591005264,-1.2184705569895626,0.43247691061560484,5.0,2.0,0.0
1581,3.5263605246161616,1.0,0.0,1.0,-0.8992057478424793,0.8688550824798206,0.09060437720245745,8.0,2.0,0.0
1582,3.6375861597263857,0.0,0.0,0.0,-0.7746729753157106,-1.2184705569895626,-0.3572943319996608,4.0,1.0,1.0
1583,3.4657359027997265,0.0,0.0,1.0,-0.3076750783403279,0.48286791213836505,-1.7013354111448735,5.0,1.0,1.0
1584,3.9512437185814275,1.0,0.0,0.0,-0.35956373355981486,1.4597470535030959,-0.12155959679884462,10.0,1.0,0.0
1585,3.6635616461296463,0.0,1.0,1.0,0.36687743951300267,-0.10675710928764078,-0.5885589542649795,8.0,2.0,1.0
1586,3.1780538303479458,0.0,0.0,1.0,0.8131198744005905,-1.2184705569895626,1.4405419717150159,8.0,2.0,0.0
1587,3.4657359027997265,0.0,0.0,1.0,1.4254060059905367,1.5910922450135843,1.2588229267518412,4.0,1.0,1.0
1588,3.5553480614894135,0.0,0.0,0.0,0.7508534881372062,-1.2184705569895626,0.32047267597555634,2.0,2.0,1.0
1589,3.4965075614664802,0.0,0.0,1.0,-1.3039372585544777,0.7915498624303743,-0.23723902580803138,7.0,1.0,0.0
1590,3.6109179126442243,1.0,0.0,0.0,0.1281896255033626,0.8174993534045014,-0.38755826579991015,2.0,2.0,0.0
1591,3.58351893845611,0.0,0.0,0.0,2.058447599668278,-1.2184705569895626,-0.33797061275562684,5.0,1.0,1.0
1592,3.332204510175204,0.0,0.0,1.0,0.875386260663975,-0.39354034894305834,1.5943660167070404,5.0,1.0,1.0
1593,4.31748811353631,0.0,0.0,0.0,0.003656852976593882,-1.2184705569895626,-1.7298718053835864,5.0,2.0,1.0
1594,3.8918202981106265,0.0,1.0,0.0,1.6329606268684846,-1.2184705569895626,1.0526856942784717,2.0,1.0,0.0
1595,3.6888794541139363,0.0,0.0,0.0,-0.006720878067303511,-1.2184705569895626,-1.3258179320239045,6.0,1.0,0.0
1596,3.9318256327243257,0.0,0.0,1.0,0.18007828072284957,1.9998926737105251,1.0014932515650075,9.0,1.0,0.0
1597,3.258096538021482,1.0,0.0,0.0,-0.22465322998914877,0.05691378964606654,-0.12009094475815435,7.0,1.0,0.0
1598,3.6375861597263857,0.0,1.0,1.0,-1.2624263343788882,-1.2184705569895626,1.1199289894176965,4.0,2.0,1.0
1599,3.6888794541139363,0.0,1.0,0.0,1.0206744952785385,-1.2184705569895626,-1.4112231690973618,6.0,2.0,0.0
1600,3.4657359027997265,0.0,1.0,0.0,0.20083374281064434,-1.2184705569895626,-0.3679240206242232,4.0,2.0,1.0
1601,3.7612001156935624,0.0,0.0,0.0,1.456539199122229,-1.2184705569895626,-0.1350457414878679,2.0,2.0,0.0
1602,3.6109179126442243,0.0,1.0,0.0,0.39801063264469483,0.2506995985760879,0.6146822607472192,10.0,1.0,1.0
1603,3.6635616461296463,1.0,0.0,0.0,-2.1445334731101666,0.6934596561723164,1.3096521619226271,6.0,2.0,0.0
1604,3.2188758248682006,0.0,0.0,1.0,1.010296764234641,-1.2184705569895626,-0.9131524408619985,1.0,3.0,1.0
1605,3.5263605246161616,1.0,0.0,1.0,1.6329606268684846,1.152048338074834,1.7173148125708808,8.0,1.0,0.0
1606,3.367295829986474,0.0,0.0,1.0,-0.5671183544377627,-1.2184705569895626,-0.3776961986693274,2.0,3.0,1.0
1607,3.2188758248682006,0.0,1.0,1.0,-0.5048519681743784,1.425730425481272,-1.3661230156588813,1.0,2.0,0.0
1608,3.367295829986474,0.0,1.0,1.0,-0.8161838994913002,-1.2184705569895626,-0.3959163859490828,8.0,2.0,0.0
1609,3.6109179126442243,0.0,0.0,0.0,-0.06898726433068787,-1.2184705569895626,-1.5358459535781983,8.0,2.0,1.0
1610,3.970291913552122,0.0,1.0,1.0,-0.785050706359608,0.39142530860102437,-1.4567792010312477,2.0,2.0,1.0
1611,3.713572066704308,0.0,1.0,1.0,0.2631001290740287,-1.2184705569895626,-0.19966382327769272,5.0,2.0,0.0
1612,3.6635616461296463,0.0,1.0,1.0,1.217851385112589,-1.2184705569895626,0.06889451132572179,6.0,2.0,0.0
1613,3.7612001156935624,0.0,1.0,0.0,0.9272749158834619,0.7197658719919785,-1.0659543235067737,9.0,2.0,0.0
1614,3.58351893845611,0.0,0.0,1.0,-0.21427549894525139,0.8502371836968435,-0.37007405627417894,8.0,1.0,1.0
1615,3.6109179126442243,1.0,0.0,0.0,-0.9614721341058636,0.45238731114240954,-0.8040853364366274,1.0,2.0,1.0
1616,3.58351893845611,0.0,1.0,1.0,-1.8954679280566291,-1.2184705569895626,1.4962808548466175,5.0,2.0,0.0
1617,3.58351893845611,1.0,0.0,1.0,-1.604891458827502,0.5435967946729733,-0.13116903560989107,7.0,2.0,1.0
1618,3.6888794541139363,0.0,1.0,1.0,0.2838555911618235,-1.2184705569895626,-1.5328997822949622,6.0,2.0,0.0
1619,3.258096538021482,0.0,0.0,0.0,0.6885871018738219,0.521795110632609,-0.6502670290458032,4.0,1.0,0.0
1620,3.6109179126442243,0.0,0.0,1.0,1.352761888683255,1.1638873440233877,1.6560827848230169,1.0,2.0,1.0
1621,3.58351893845611,0.0,0.0,0.0,-1.6775355761347839,0.5066980284354978,-1.6777079694001642,7.0,1.0,1.0
1622,3.044522437723423,0.0,1.0,1.0,-0.027476340155098297,-1.2184705569895626,-0.7323569758254426,5.0,2.0,1.0
1623,3.4339872044851463,0.0,0.0,1.0,-0.06898726433068787,0.7947394116439729,1.617133166005043,1.0,1.0,1.0
1624,3.5263605246161616,1.0,0.0,0.0,1.487672392253921,0.4555219426621041,0.35507997388477724,9.0,1.0,1.0
1625,3.9889840465642745,0.0,0.0,1.0,-0.494474237130481,1.094376914090644,1.5746702227184728,8.0,1.0,0.0
1626,3.7376696182833684,0.0,0.0,0.0,1.9961812134048933,0.003482395895023531,0.7084005864937583,10.0,1.0,1.0
1627,3.6888794541139363,0.0,1.0,1.0,1.1452072678053071,0.0827926721566028,-1.4206929929458565,2.0,1.0,1.0
1628,3.6375861597263857,0.0,1.0,0.0,-0.7954284374035054,-1.2184705569895626,-1.2225779701513608,0.0,2.0,0.0
1629,3.5553480614894135,0.0,0.0,1.0,0.36687743951300267,0.8352680293056489,1.5762986582592688,5.0,1.0,0.0
1630,3.58351893845611,0.0,1.0,1.0,0.32536651533741306,-0.23904566829808005,-0.30392194856331595,9.0,1.0,0.0
1631,3.58351893845611,1.0,0.0,1.0,0.37725517055690005,0.5680065087891526,1.1429065174263928,5.0,1.0,0.0
1632,3.828641396489095,0.0,0.0,0.0,-0.2765418852086357,-1.2184705569895626,1.4612255024436285,3.0,1.0,1.0
1633,3.4339872044851463,0.0,0.0,1.0,0.18007828072284957,0.30463661937479647,-1.401922517550938,7.0,1.0,0.0
1634,4.110873864173311,0.0,0.0,0.0,0.9376526469273593,-1.2184705569895626,-1.517328280369519,4.0,1.0,1.0
1635,3.5553480614894135,0.0,0.0,1.0,0.8131198744005905,-1.2184705569895626,0.4548478176973488,1.0,2.0,1.0
1636,4.02535169073515,1.0,0.0,0.0,-1.7398019623981682,1.1727639966990124,0.6448477859935406,8.0,3.0,0.0
1637,4.127134385045092,0.0,1.0,1.0,-0.017098609111200903,1.2307101692626183,-0.3035816914254408,1.0,1.0,1.0
1638,3.5263605246161616,0.0,1.0,1.0,0.21121147385454175,-1.2184705569895626,1.4310396347930503,2.0,2.0,1.0
1639,3.2188758248682006,0.0,0.0,0.0,-1.1690267549838116,-1.2184705569895626,1.6991954679788968,3.0,2.0,1.0
1640,3.713572066704308,0.0,0.0,0.0,-0.9926053272375559,0.860722460485165,-1.4333284078568405,9.0,1.0,0.0
1641,3.58351893845611,1.0,0.0,0.0,-0.8161838994913002,2.093703302591429,0.044420512603846427,9.0,2.0,1.0
1642,3.332204510175204,0.0,0.0,0.0,-1.3869591069056568,0.9238236913304951,0.7456148417485589,1.0,1.0,1.0
1643,3.4339872044851463,0.0,0.0,1.0,-0.3803191956476097,-1.2184705569895626,-1.6908213438778414,8.0,2.0,0.0
1644,3.7612001156935624,0.0,0.0,1.0,-1.3039372585544777,-1.2184705569895626,1.1832451573350589,1.0,1.0,1.0
1645,3.58351893845611,0.0,0.0,0.0,0.6885871018738219,1.4701740502897236,-0.9981104927752031,2.0,1.0,0.0
1646,4.394449154672439,0.0,1.0,1.0,1.6329606268684846,-1.2184705569895626,-1.1521666498158039,8.0,2.0,1.0
1647,4.219507705176107,0.0,0.0,1.0,-0.5671183544377627,-1.2184705569895626,0.14282385053085692,2.0,2.0,1.0
1648,4.330733340286331,0.0,1.0,1.0,0.055545508196080846,0.8033003276071229,-0.15226706455858252,7.0,1.0,1.0
1649,3.8918202981106265,0.0,0.0,0.0,0.771608950225001,-1.2184705569895626,0.23626346795240175,4.0,1.0,0.0
1650,3.6888794541139363,0.0,0.0,0.0,-1.231293141247196,-1.2184705569895626,-0.46529076526763047,2.0,1.0,1.0
1651,3.7376696182833684,0.0,0.0,1.0,0.9065194537956671,-1.2184705569895626,0.7554675200771765,5.0,2.0,0.0
1652,4.143134726391533,1.0,0.0,1.0,-1.0029830582814532,0.6999234527338443,-0.9897221198196992,4.0,1.0,1.0
1653,3.58351893845611,0.0,1.0,1.0,1.487672392253921,-1.2184705569895626,1.160109410626584,8.0,2.0,0.0
1654,3.784189633918261,0.0,1.0,1.0,0.7819866812688984,0.3410507329608205,0.1214238151189619,2.0,1.0,1.0
1655,3.4657359027997265,0.0,0.0,1.0,-0.11049818850627745,0.5826855440510345,-1.1857655208473163,9.0,1.0,1.0
1656,3.9512437185814275,0.0,1.0,0.0,0.13856735654726,-1.2184705569895626,-1.0693290762130359,8.0,1.0,1.0
1657,3.58351893845611,0.0,0.0,0.0,-0.7746729753157106,0.5132058552180858,0.08652476888201756,4.0,1.0,0.0
1658,3.8918202981106265,1.0,0.0,1.0,-1.81244607970545,0.8509498328384392,0.9998389098854567,8.0,2.0,1.0
1659,3.5553480614894135,0.0,1.0,1.0,-0.733162051140121,-1.2184705569895626,-0.3347984147584216,1.0,2.0,1.0
1660,3.58351893845611,0.0,1.0,0.0,-0.5567406233938653,-1.2184705569895626,-0.20468561526197784,8.0,3.0,1.0
1661,3.912023005428146,1.0,0.0,0.0,1.7367379373074585,0.7133651587289878,1.1428781771537952,1.0,4.0,0.0
1662,3.367295829986474,0.0,1.0,1.0,1.830137516702535,0.9392800601314576,-0.36643137497851175,8.0,1.0,0.0
1663,3.2188758248682006,0.0,1.0,1.0,0.4602770189080792,-1.2184705569895626,-1.5569375494588769,9.0,1.0,0.0
1664,3.4011973816621555,0.0,0.0,0.0,0.7508534881372062,-1.2184705569895626,-0.6207350740654078,6.0,2.0,1.0
1665,3.258096538021482,1.0,0.0,1.0,0.13856735654726,1.2410068365949072,-1.1320398402703673,5.0,2.0,0.0
1666,3.784189633918261,0.0,0.0,0.0,0.5951875224787453,-1.2184705569895626,1.1754142010295436,8.0,2.0,0.0
1667,3.4011973816621555,1.0,0.0,0.0,0.22158920489843914,0.3681762311119912,-1.5758339043468061,4.0,1.0,1.0
1668,3.713572066704308,0.0,1.0,1.0,0.4083883636885922,-1.2184705569895626,0.7855624554420584,1.0,2.0,1.0
1669,3.2188758248682006,0.0,0.0,1.0,0.5432988672592584,1.1543124520966954,1.4316843325279711,2.0,2.0,0.0
1670,3.332204510175204,0.0,0.0,1.0,-0.152009112681867,0.8459902687382217,-0.93269697081891,9.0,1.0,0.0
1671,3.4339872044851463,0.0,1.0,0.0,-0.5878738165255575,0.3935725423997078,1.354938874333484,5.0,1.0,1.0
1672,3.6888794541139363,0.0,1.0,0.0,-1.1067603687204273,-1.2184705569895626,-1.0783308508969114,6.0,1.0,0.0
1673,3.6375861597263857,1.0,0.0,0.0,0.9272749158834619,1.5168481660421356,0.1636410847541176,8.0,2.0,0.0
1674,3.784189633918261,1.0,0.0,0.0,-1.0652494445448377,0.9427834247387942,-1.640082519392643,3.0,1.0,0.0
1675,3.332204510175204,1.0,0.0,1.0,-0.25578642312084093,1.7478446352846335,-0.4069167583845547,0.0,2.0,1.0
1676,4.04305126783455,1.0,0.0,0.0,1.487672392253921,0.29214932846234265,-1.2377918282686236,9.0,1.0,0.0
1677,3.784189633918261,1.0,0.0,0.0,0.429143825776387,0.7337160870128931,-0.21622653927724206,1.0,1.0,0.0
1678,3.713572066704308,0.0,0.0,1.0,0.7508534881372062,-1.2184705569895626,0.09942028838076918,6.0,2.0,0.0
1679,3.58351893845611,1.0,0.0,1.0,0.08667870132777303,-0.2795632383770173,1.7081150037122277,8.0,1.0,1.0
1680,3.4339872044851463,1.0,0.0,0.0,-0.3906969266915071,0.8844851705166018,-0.7937823433471017,3.0,2.0,0.0
1681,3.5263605246161616,0.0,0.0,0.0,-0.12087591955017483,1.4601426850530586,0.7815370935329707,1.0,1.0,1.0
1682,4.143134726391533,1.0,0.0,0.0,1.1867181919808967,1.0666895903187459,-1.6437020764168042,7.0,1.0,1.0
1683,4.0943445622221,1.0,0.0,0.0,-0.06898726433068787,0.7295854118378701,-1.7445704964597024,8.0,2.0,0.0
1684,3.784189633918261,0.0,1.0,1.0,1.1244518057175124,1.5952286841448189,0.9894058645020474,6.0,1.0,1.0
1685,3.8066624897703196,0.0,0.0,0.0,0.5848097914348479,1.3735134652820156,-0.27055501571367646,2.0,2.0,0.0
1686,3.4965075614664802,0.0,0.0,0.0,0.10743416341556782,0.9262074074437454,-0.898988389897771,4.0,1.0,1.0
1687,3.5263605246161616,1.0,0.0,1.0,0.7508534881372062,0.4397048462682381,0.3591117688618775,5.0,2.0,0.0
1688,3.4965075614664802,0.0,1.0,0.0,0.5744320603909505,0.9083581962655315,0.6336737207217182,4.0,1.0,0.0
1689,4.2626798770413155,0.0,0.0,0.0,1.352761888683255,0.33575493808159806,0.5345693522479976,7.0,1.0,1.0
1690,3.58351893845611,0.0,1.0,1.0,0.958408109015154,-1.2184705569895626,-0.9979025481983514,7.0,2.0,1.0
1691,3.6635616461296463,0.0,1.0,0.0,2.006558944448791,0.5876318190299865,1.3770340288241856,2.0,1.0,0.0
1692,3.58351893845611,0.0,1.0,1.0,1.933914827141509,-1.2184705569895626,1.6843270830006005,0.0,2.0,1.0
1693,3.7612001156935624,1.0,0.0,0.0,-1.0860049066326325,1.0663520786605825,-0.24730451698118625,1.0,1.0,0.0
1694,3.4339872044851463,0.0,1.0,0.0,-0.23503096103304616,-0.6738786850045304,-1.4058976319828427,2.0,1.0,0.0
1695,3.828641396489095,0.0,0.0,0.0,-1.0133607893253507,-1.2184705569895626,1.4043771758798445,6.0,2.0,1.0
1696,4.127134385045092,0.0,0.0,0.0,0.36687743951300267,0.07103147961690477,0.5367974540476241,7.0,1.0,0.0
1697,3.784189633918261,0.0,1.0,0.0,-0.8680725547107871,-1.2184705569895626,0.4423082033397471,9.0,1.0,0.0
1698,3.871201010907891,0.0,1.0,1.0,0.49141021203977137,-1.2184705569895626,-1.2225237237400082,1.0,2.0,1.0
1699,3.7376696182833684,1.0,0.0,1.0,-0.9510944030619662,1.2237224931254216,-1.558742807436678,4.0,1.0,0.0
1700,3.828641396489095,0.0,0.0,1.0,0.44989928786418176,-1.2184705569895626,-1.2107673788796611,3.0,2.0,1.0
1701,3.713572066704308,0.0,0.0,1.0,0.1281896255033626,-1.2184705569895626,1.640189107896816,9.0,2.0,0.0
1702,3.9512437185814275,0.0,0.0,1.0,0.8442530675322827,1.0479964398852293,0.5173967118541377,10.0,1.0,0.0
1703,3.7376696182833684,0.0,0.0,0.0,0.6782093708299244,0.955132700921961,0.056943435757955185,3.0,1.0,1.0
1704,3.6109179126442243,0.0,1.0,1.0,0.37725517055690005,0.21887279358495446,1.3379458382438778,0.0,1.0,0.0
1705,3.8066624897703196,1.0,0.0,0.0,-0.8888280167985819,1.045947513561931,-0.5567655150779713,5.0,2.0,0.0
1706,3.295836866004329,0.0,0.0,0.0,1.3216286955515628,-1.2184705569895626,0.19950700372674046,0.0,2.0,1.0
1707,3.7612001156935624,0.0,1.0,1.0,-0.24540869207694355,-1.2184705569895626,1.26116960564295,7.0,2.0,1.0
1708,4.007333185232471,0.0,0.0,0.0,-0.03785407119899569,0.7129898611356603,-1.6431604816367933,9.0,1.0,0.0
1709,4.07753744390572,0.0,0.0,1.0,0.2631001290740287,-1.2184705569895626,1.1861031781998472,9.0,1.0,1.0
1710,3.5263605246161616,0.0,0.0,1.0,0.7093425639616167,-1.2184705569895626,0.7058951673027618,2.0,2.0,1.0
1711,3.912023005428146,0.0,1.0,0.0,-1.2105376791594011,0.627752636789698,0.19108785636479622,7.0,1.0,0.0
1712,3.7376696182833684,1.0,0.0,1.0,-0.6605179338328393,0.4805605684449174,1.7097237923155788,6.0,2.0,0.0
1713,3.6109179126442243,0.0,0.0,1.0,-1.127515830808222,-1.2184705569895626,0.7090146836889422,4.0,2.0,1.0
1714,3.828641396489095,0.0,1.0,0.0,-0.08974272641848266,1.196627575964151,0.9577457810762808,9.0,2.0,0.0
1715,3.2188758248682006,0.0,1.0,1.0,-0.017098609111200903,0.524833676215445,0.07061666101946362,8.0,1.0,0.0
1716,3.2188758248682006,0.0,0.0,1.0,1.165962729893102,0.3529858048462325,-1.2794421185851228,7.0,1.0,0.0
1717,4.31748811353631,0.0,0.0,1.0,0.10743416341556782,-1.2184705569895626,0.4025459315517025,6.0,2.0,0.0
1718,3.295836866004329,0.0,0.0,1.0,0.8338753364883853,-1.2184705569895626,0.9377217267523488,7.0,2.0,0.0
1719,3.7612001156935624,0.0,1.0,1.0,-0.4322078508670966,-1.2184705569895626,1.006189217347771,6.0,2.0,0.0
1720,3.713572066704308,0.0,0.0,1.0,0.5121656741275662,1.4992770657511276,0.9233410378761167,5.0,1.0,1.0
1721,3.6888794541139363,0.0,0.0,1.0,-0.2765418852086357,-1.2184705569895626,-0.0004909954618212646,2.0,2.0,0.0
1722,3.713572066704308,0.0,0.0,0.0,-1.3350704516861698,0.430139560935232,0.4915352568418982,2.0,1.0,0.0
1723,3.5553480614894135,0.0,0.0,0.0,-0.7746729753157106,-1.2184705569895626,-0.2851055723587911,2.0,2.0,1.0
1724,3.6635616461296463,0.0,0.0,1.0,1.5603165095612028,1.064009831010076,1.252995436465608,1.0,1.0,1.0
1725,3.58351893845611,0.0,1.0,0.0,0.7300980260494114,0.705595345755868,0.43135477491409974,1.0,1.0,0.0
1726,3.5553480614894135,0.0,0.0,1.0,0.6263207156104375,-1.2184705569895626,1.645141179333177,1.0,2.0,1.0
1727,3.2188758248682006,0.0,0.0,1.0,-0.41145238877930185,1.7068180758502405,1.2415085849949932,1.0,1.0,1.0
1728,3.713572066704308,1.0,0.0,1.0,2.058447599668278,0.29628240528578714,-1.1082402704896355,6.0,1.0,0.0
1729,3.4965075614664802,0.0,1.0,0.0,0.6989648329177193,-1.2184705569895626,-0.42018400489443386,7.0,1.0,0.0
1730,3.6888794541139363,0.0,0.0,1.0,0.24234466698623391,-1.2184705569895626,0.9162415387903462,1.0,2.0,0.0
1731,3.5263605246161616,1.0,0.0,1.0,0.7508534881372062,0.19124711212254034,1.504141716225058,4.0,1.0,1.0
1732,3.6375861597263857,1.0,0.0,1.0,-0.6812733959206341,1.4671438104214152,0.07362385951547133,8.0,2.0,1.0
1733,4.1588830833596715,0.0,0.0,1.0,-2.28982170772473,1.3590248006850087,1.174936936929663,6.0,1.0,1.0
1734,3.7376696182833684,1.0,0.0,0.0,-1.9577343143200134,0.7533069736263527,-0.5268745253557713,8.0,2.0,0.0
1735,3.58351893845611,0.0,0.0,0.0,0.5640543293470531,1.6320064073018528,-1.0127667603757742,8.0,1.0,1.0
1736,3.4011973816621555,0.0,0.0,0.0,-2.2067998593735507,1.2883609390703834,1.3938436355420705,6.0,1.0,0.0
1737,4.290459441148391,0.0,0.0,0.0,-1.6671578450908864,0.24309613978362818,-1.6238861405364267,6.0,1.0,1.0
1738,3.784189633918261,0.0,0.0,1.0,-0.8265616305351976,1.0299843969440403,-1.286278383482471,2.0,1.0,0.0
1739,3.6888794541139363,1.0,0.0,0.0,1.5291833164295108,1.4616986330103776,0.6799255672012231,7.0,2.0,1.0
1740,3.6109179126442243,1.0,0.0,1.0,-0.1623868437257644,0.32888462249726397,1.4192389539234245,6.0,1.0,0.0
1741,3.4011973816621555,0.0,0.0,1.0,-0.19352003685745658,0.8662608218549553,1.4643676215012058,10.0,1.0,0.0
1742,3.367295829986474,0.0,0.0,1.0,-1.3246927206422725,0.2797946085427537,-0.8477822117147656,1.0,1.0,1.0
1743,4.143134726391533,1.0,0.0,0.0,-1.0029830582814532,0.6199535237058363,-1.5993439860669545,10.0,1.0,1.0
1744,3.784189633918261,0.0,1.0,1.0,-0.152009112681867,1.5385614694205905,0.07543502896117657,3.0,1.0,1.0
1745,3.6888794541139363,0.0,0.0,1.0,0.8131198744005905,0.6474117302183272,0.7867174519504405,1.0,1.0,0.0
1746,3.6375861597263857,1.0,0.0,0.0,1.3216286955515628,0.837174457822607,-1.6316021709512238,2.0,1.0,1.0
1747,3.7376696182833684,0.0,1.0,0.0,-1.6360246519591943,-0.09810701211310696,1.5299372757568408,2.0,2.0,0.0
1748,3.9318256327243257,0.0,1.0,0.0,0.24234466698623391,0.9142718552286494,-1.6023769168350144,1.0,1.0,1.0
1749,3.6375861597263857,0.0,1.0,1.0,-0.5152296992182758,0.5041980725386487,0.9161286993000648,3.0,2.0,1.0
1750,3.1354942159291497,0.0,0.0,0.0,1.8405152477464324,1.1852022939836686,0.8984847062742275,7.0,1.0,0.0
1751,3.332204510175204,1.0,0.0,1.0,-0.4737187750426862,0.8673492489195628,0.8189434714946449,2.0,2.0,0.0
1752,3.5553480614894135,0.0,0.0,0.0,2.058447599668278,-1.2184705569895626,-0.8434664924115794,2.0,2.0,0.0
1753,3.970291913552122,0.0,1.0,0.0,-1.231293141247196,-1.2184705569895626,1.6288302223196487,7.0,1.0,1.0
1754,3.58351893845611,0.0,1.0,0.0,-1.2728040654227855,-1.2184705569895626,-0.7635058911442326,5.0,2.0,0.0
1755,3.784189633918261,0.0,0.0,1.0,0.875386260663975,1.601617709385492,-0.8271605775324398,4.0,1.0,1.0
1756,3.713572066704308,0.0,0.0,1.0,-0.4322078508670966,-1.2184705569895626,-0.6641480250174604,0.0,2.0,0.0
1757,3.4657359027997265,0.0,0.0,0.0,1.217851385112589,0.6684607376434046,0.8213002346545312,6.0,2.0,0.0
1758,3.4339872044851463,1.0,0.0,1.0,0.34612197742520784,0.23111335514957648,-0.6493644869902543,3.0,1.0,1.0
1759,4.143134726391533,1.0,0.0,1.0,0.8961417227517697,0.11057462087630676,-1.0026068595828614,10.0,1.0,1.0
1760,3.5553480614894135,0.0,0.0,1.0,1.062185419454128,-1.2184705569895626,-0.612209694147898,7.0,2.0,1.0
1761,3.295836866004329,1.0,0.0,0.0,-0.6190070096572498,0.4639973599414501,0.5628113901584416,4.0,2.0,0.0
1762,3.4965075614664802,0.0,1.0,1.0,1.4980501232978185,0.4270292661195414,0.3025557122259258,5.0,2.0,1.0
1763,3.5263605246161616,0.0,0.0,1.0,-0.494474237130481,1.1617148128613315,-1.0083145557106914,3.0,1.0,0.0
1764,3.5263605246161616,1.0,0.0,0.0,-0.3388082714720201,0.39045648362780594,-1.1124782713765566,3.0,2.0,1.0
1765,4.060443010546419,0.0,0.0,1.0,0.481032480995874,0.9642352686590988,-0.48477548507869156,6.0,2.0,1.0
1766,3.6375861597263857,1.0,0.0,0.0,1.0414299573663333,0.5954312523336378,0.5570037206763562,5.0,2.0,1.0
1767,3.9512437185814275,0.0,0.0,0.0,1.643338357912382,-1.2184705569895626,1.4621050940943745,5.0,2.0,1.0
1768,3.6109179126442243,0.0,0.0,0.0,-0.22465322998914877,0.5493745203354362,-0.894480547887711,2.0,1.0,1.0
1769,3.1780538303479458,0.0,0.0,0.0,-1.2209154102032984,0.4598405868535803,1.0387697510995009,5.0,1.0,1.0
1770,3.8501476017100584,0.0,1.0,0.0,0.5640543293470531,0.8254997246260818,0.8645613999748181,2.0,2.0,0.0
1771,3.4011973816621555,1.0,0.0,1.0,-1.3869591069056568,0.7983015365826882,1.040971077426857,9.0,2.0,0.0
1772,3.6888794541139363,0.0,1.0,1.0,2.058447599668278,0.914419476551622,-1.3850466676191897,6.0,1.0,1.0
1773,3.8501476017100584,0.0,0.0,1.0,0.44989928786418176,-0.4257256399885689,0.5663890453071668,7.0,1.0,0.0
1774,3.713572066704308,0.0,0.0,0.0,-0.7020288580084288,0.10150343467854314,-0.3404167434008821,4.0,1.0,0.0
1775,3.6635616461296463,0.0,0.0,0.0,-0.8784502857546845,0.7969551724776154,0.1288435766717565,1.0,2.0,1.0
1776,3.295836866004329,0.0,0.0,0.0,-0.22465322998914877,-1.2184705569895626,1.4288555212692962,5.0,2.0,0.0
1777,3.912023005428146,0.0,0.0,0.0,1.09331861258582,-1.2184705569895626,1.1136445774358394,2.0,2.0,0.0
1778,4.0943445622221,0.0,1.0,0.0,0.7093425639616167,-1.2184705569895626,1.050470284748168,6.0,2.0,1.0
1779,3.4339872044851463,0.0,0.0,1.0,-0.9199612099302741,0.23417113391978417,0.37968072143317827,7.0,1.0,0.0
1780,3.6375861597263857,1.0,0.0,1.0,0.6263207156104375,0.2862255825758548,-0.6916333950362168,7.0,2.0,0.0
1781,3.6635616461296463,0.0,1.0,1.0,1.1140740746736149,-1.2184705569895626,-1.3848987070548915,1.0,2.0,0.0
1782,3.9512437185814275,0.0,0.0,0.0,0.532921136215361,-1.2184705569895626,-0.4022706923455675,3.0,3.0,1.0
1783,3.4657359027997265,0.0,1.0,0.0,1.5084278543417158,-1.2184705569895626,0.3040118458639962,8.0,2.0,0.0
1784,4.02535169073515,0.0,0.0,1.0,-0.7435397821840184,0.4515675484812166,1.3095452339002496,6.0,1.0,1.0
1785,3.5263605246161616,1.0,0.0,0.0,1.3838950818149471,0.9690244758312871,1.1942286647003346,5.0,2.0,1.0
1786,3.332204510175204,0.0,1.0,0.0,1.352761888683255,-1.2184705569895626,0.7508037196344781,3.0,2.0,0.0
1787,3.58351893845611,1.0,0.0,1.0,-0.5048519681743784,0.7574086689104235,0.9060298257199237,1.0,1.0,0.0
1788,3.4339872044851463,0.0,0.0,1.0,0.8546307985761801,-1.2184705569895626,0.1253398148718287,3.0,2.0,0.0
1789,4.007333185232471,0.0,1.0,0.0,0.9687858400590514,-1.2184705569895626,1.2775899248126992,8.0,1.0,0.0
1790,3.58351893845611,0.0,0.0,0.0,-0.6812733959206341,-1.2184705569895626,-0.5158729358533779,7.0,2.0,0.0
1791,3.8501476017100584,0.0,1.0,1.0,-0.6605179338328393,-1.2184705569895626,-0.6693881935807803,8.0,1.0,0.0
1792,3.784189633918261,0.0,0.0,0.0,0.49141021203977137,0.07464147741415446,1.7203639129423245,3.0,1.0,0.0
1793,3.367295829986474,0.0,0.0,0.0,-1.3869591069056568,0.14480691692637845,-1.6974154124578362,9.0,1.0,0.0
1794,3.6109179126442243,0.0,0.0,0.0,0.8027421433566931,0.5284372696169042,0.36303072434869615,8.0,1.0,0.0
1795,3.6109179126442243,1.0,0.0,1.0,1.0310522263224358,-0.04654634237248946,-0.19488075027669954,5.0,1.0,1.0
1796,3.8501476017100584,1.0,0.0,0.0,-0.017098609111200903,1.1672270763182753,1.3295854578275654,9.0,2.0,0.0
1797,3.4011973816621555,0.0,0.0,1.0,-1.1378935618521193,-1.2184705569895626,-1.6011200344386427,9.0,1.0,0.0
1798,3.7376696182833684,0.0,0.0,1.0,-1.7294242313542707,0.38670735033200604,-1.5252390414917358,2.0,2.0,1.0
1799,3.58351893845611,0.0,0.0,0.0,0.18007828072284957,-1.2184705569895626,-0.8923371191724714,7.0,1.0,1.0
1800,3.295836866004329,0.0,0.0,0.0,1.2697400403320758,-1.2184705569895626,-0.6209685770476082,5.0,2.0,1.0
1801,3.6635616461296463,1.0,0.0,0.0,-0.7642952442718132,0.5931799471033575,1.3262778176686818,4.0,2.0,0.0
1802,3.713572066704308,0.0,1.0,0.0,-0.6293847407011471,0.1644993132131184,0.631759796054509,1.0,1.0,1.0
1803,3.58351893845611,0.0,1.0,0.0,-0.13125365059407224,0.9674499551261755,-0.7089981581369504,5.0,2.0,0.0
1804,3.784189633918261,0.0,0.0,1.0,0.7923644123127958,-1.2184705569895626,-1.0502868471612452,7.0,2.0,0.0
1805,4.060443010546419,1.0,0.0,1.0,1.4772946612100237,0.6557191922180653,-0.12334729423963757,3.0,1.0,0.0
1806,3.5553480614894135,1.0,0.0,1.0,-0.006720878067303511,0.2282043184716047,1.6198578311085892,2.0,2.0,0.0
1807,3.828641396489095,0.0,0.0,1.0,-0.08974272641848266,-1.2184705569895626,0.731669515096772,5.0,1.0,0.0
1808,3.9318256327243257,1.0,0.0,1.0,-1.0341162514131454,0.7216700589704097,0.29685618783313944,4.0,1.0,0.0
1809,3.258096538021482,0.0,0.0,0.0,-1.4180923000373489,0.05510102541754562,-1.0720354853127618,7.0,1.0,1.0
1810,3.4965075614664802,0.0,0.0,0.0,-0.5359851613060705,0.038956504288886744,-0.6273404439811013,1.0,1.0,0.0
1811,3.7612001156935624,0.0,0.0,1.0,1.2801177713759733,0.9265252255848526,1.5197446880237537,6.0,2.0,1.0
1812,3.58351893845611,0.0,0.0,0.0,0.32536651533741306,1.7840808667775745,-1.0858832727441357,6.0,2.0,1.0
1813,3.4657359027997265,0.0,0.0,1.0,0.06592323923997824,0.38394353332858555,-0.8801377619527448,5.0,1.0,1.0
1814,4.110873864173311,1.0,0.0,0.0,-1.1067603687204273,0.8466439974385441,1.3299571848386933,7.0,1.0,1.0
1815,4.204692619390966,0.0,0.0,0.0,-1.4180923000373489,-1.2184705569895626,1.0472308003368809,6.0,2.0,1.0
1816,3.713572066704308,0.0,1.0,0.0,-0.5671183544377627,0.4145402139982452,-0.09835934554353705,8.0,1.0,1.0
1817,3.6375861597263857,1.0,0.0,1.0,0.33574424638131045,0.9986737862536267,-0.8356729174472205,4.0,2.0,1.0
1818,4.189654742026425,1.0,0.0,0.0,-0.1727645747696618,0.6600274292663817,0.9626750759745414,5.0,1.0,0.0
1819,3.713572066704308,0.0,1.0,0.0,0.5536765983031557,2.043210565848889,1.383064247686179,5.0,1.0,0.0
1820,3.6375861597263857,0.0,0.0,0.0,-0.6501402027889419,0.9990169017581063,-1.4160175434340534,6.0,1.0,1.0
1821,3.5263605246161616,1.0,0.0,1.0,1.1036963436297176,0.8492292919093024,-1.2835711050492298,0.0,2.0,1.0
1822,3.6109179126442243,0.0,0.0,0.0,-0.20389776790135397,-1.2184705569895626,-0.832902177667365,7.0,2.0,1.0
1823,4.219507705176107,0.0,0.0,0.0,0.5848097914348479,-1.2184705569895626,-1.6794516785650844,1.0,2.0,1.0
1824,4.143134726391533,0.0,0.0,1.0,0.7819866812688984,-1.2184705569895626,-1.0741194516155572,5.0,2.0,1.0
1825,3.4339872044851463,0.0,1.0,1.0,-0.5048519681743784,0.8557291131971522,-1.4109011679633074,6.0,2.0,1.0
1826,3.9889840465642745,1.0,0.0,0.0,-0.1831423058135592,0.6032838421223506,0.1028205994923804,3.0,2.0,1.0
1827,2.9444389791664403,0.0,1.0,1.0,-0.07936499537458526,-1.2184705569895626,-0.7173543657523895,8.0,2.0,0.0
1828,4.060443010546419,0.0,0.0,1.0,-1.5633805346519125,-1.2184705569895626,-0.91426240589429,10.0,2.0,1.0
1829,3.6635616461296463,0.0,0.0,1.0,0.6159429845665401,0.7564185493212014,0.7197479968685242,4.0,1.0,0.0
1830,3.258096538021482,0.0,0.0,0.0,0.9376526469273593,0.8968394101065068,0.5129452026558671,4.0,2.0,0.0
1831,4.127134385045092,0.0,0.0,1.0,-0.19352003685745658,1.2984806849689585,-0.8704229599196481,3.0,1.0,1.0
1832,3.6109179126442243,0.0,0.0,1.0,-1.127515830808222,-1.2184705569895626,1.3265506145257724,6.0,2.0,0.0
1833,3.912023005428146,0.0,0.0,1.0,-1.4907364173446307,0.7420984804433811,-0.42811528228761087,7.0,2.0,1.0
1834,3.6635616461296463,0.0,1.0,0.0,0.8442530675322827,-1.2184705569895626,-1.7240583983003002,5.0,2.0,1.0
1835,3.6375861597263857,1.0,0.0,0.0,-0.6605179338328393,-0.09355636868411728,0.6811457637232502,7.0,2.0,0.0
1836,3.784189633918261,0.0,0.0,1.0,2.058447599668278,1.3634060478453376,0.6892124832781061,4.0,1.0,1.0
1837,3.8918202981106265,0.0,0.0,1.0,-1.1171380997643245,0.03542415979059781,0.057074183518651,10.0,3.0,1.0
1838,3.5263605246161616,0.0,0.0,0.0,0.532921136215361,1.8326900707181075,-0.3552818249118202,8.0,1.0,1.0
1839,3.295836866004329,0.0,0.0,1.0,0.3149887842935157,-1.2184705569895626,1.3551542951785667,8.0,2.0,0.0
1840,4.110873864173311,0.0,0.0,0.0,1.8197597856586376,-1.2184705569895626,-0.6922582719669899,2.0,2.0,1.0
1841,4.110873864173311,0.0,0.0,0.0,-2.0718893558028846,0.7305550373605626,0.7394898655334013,6.0,1.0,1.0
1842,3.367295829986474,0.0,1.0,0.0,-0.9407166720180689,-1.2184705569895626,1.5814301601331808,3.0,2.0,0.0
1843,3.1780538303479458,1.0,0.0,1.0,-0.4529633129548914,1.9471571175621272,0.2728488473422587,8.0,2.0,1.0
1844,3.332204510175204,0.0,0.0,0.0,0.481032480995874,0.30130393191527854,-1.0447891820107034,1.0,1.0,1.0
1845,3.4657359027997265,0.0,1.0,0.0,0.9168971848395645,-1.2184705569895626,-0.2394806892104962,8.0,2.0,0.0
1846,3.6375861597263857,1.0,0.0,1.0,0.4395215568202844,0.3132819132524873,-0.0016645957074302535,1.0,2.0,0.0
1847,3.4965075614664802,0.0,0.0,0.0,0.5017879430836688,-1.2184705569895626,-0.08155947536102319,3.0,1.0,0.0
1848,4.290459441148391,0.0,0.0,0.0,0.2631001290740287,-1.2184705569895626,0.9245040322528396,8.0,2.0,1.0
1849,4.143134726391533,0.0,1.0,1.0,2.058447599668278,-1.2184705569895626,1.387669628916652,5.0,2.0,1.0
1850,3.5553480614894135,1.0,0.0,0.0,-0.733162051140121,0.40877497690757386,0.1738705322282515,1.0,1.0,0.0
1851,3.6635616461296463,0.0,0.0,0.0,0.14894508759115738,0.8156150200530209,-1.602777853452255,6.0,1.0,1.0
1852,3.6888794541139363,0.0,1.0,1.0,1.062185419454128,1.506359526946024,-0.1884372502615487,6.0,2.0,0.0
1853,4.127134385045092,0.0,1.0,1.0,-0.35956373355981486,0.2396571393539866,0.024488781499235744,7.0,1.0,1.0
1854,3.5263605246161616,0.0,1.0,0.0,0.37725517055690005,-1.2184705569895626,-1.2670381202559025,2.0,1.0,0.0
1855,3.5263605246161616,0.0,0.0,0.0,-0.6293847407011471,0.6026733430936144,0.4206494542737091,4.0,1.0,0.0
1856,3.58351893845611,0.0,1.0,1.0,-0.40107465773540446,0.7598096768923082,1.2252753463977295,4.0,2.0,1.0
1857,3.8066624897703196,1.0,0.0,0.0,2.058447599668278,0.8406278681427772,1.2286274964325952,5.0,1.0,1.0
1858,3.871201010907891,0.0,0.0,0.0,1.2697400403320758,0.2981364778671573,-0.6777381419949093,6.0,1.0,1.0
1859,4.07753744390572,0.0,0.0,1.0,0.6159429845665401,0.24309469879457535,-1.2807619407279995,9.0,2.0,1.0
1860,3.7612001156935624,0.0,0.0,0.0,0.4706547499519766,-1.2184705569895626,-1.7242093145985502,1.0,1.0,0.0
1861,3.367295829986474,0.0,1.0,0.0,0.8027421433566931,-1.2184705569895626,-1.2043091001947506,0.0,2.0,1.0
1862,3.9889840465642745,1.0,0.0,0.0,-1.2105376791594011,1.0489505347481294,-0.4267147859945177,5.0,2.0,1.0
1863,3.4965075614664802,0.0,1.0,0.0,0.3046110532496183,-1.2184705569895626,-0.7085309783058464,3.0,2.0,1.0
1864,3.713572066704308,0.0,0.0,0.0,1.4357837370344342,-1.2184705569895626,-0.5185433545455717,9.0,2.0,1.0
1865,3.7612001156935624,1.0,0.0,1.0,0.6470761776982322,1.6257230545917243,-0.9260964691709018,2.0,1.0,1.0
1866,3.4657359027997265,0.0,0.0,1.0,0.8650085296200775,0.6957769266792396,-0.4781961951684562,3.0,1.0,0.0
1867,3.5553480614894135,0.0,1.0,1.0,-2.362465825032012,-1.2184705569895626,-1.463621725129906,7.0,1.0,1.0
1868,3.7376696182833684,0.0,0.0,1.0,0.6574539087421296,0.290851797875173,0.9108847056692775,4.0,1.0,1.0
1869,3.4011973816621555,0.0,0.0,0.0,0.20083374281064434,-1.2184705569895626,1.0016777241369468,3.0,2.0,0.0
1870,4.23410650459726,1.0,0.0,0.0,-1.6671578450908864,0.30319979317918194,0.2788795878043615,1.0,1.0,1.0
1871,3.6375861597263857,0.0,1.0,1.0,0.19045601176674695,1.6433770918082204,1.6354298546341417,0.0,1.0,1.0
1872,3.784189633918261,1.0,0.0,1.0,0.4602770189080792,0.6082453275413054,1.0337559569835564,4.0,1.0,1.0
1873,4.060443010546419,0.0,0.0,0.0,-0.7124065890523262,2.598350157481201,0.8264527743995118,3.0,1.0,1.0
1874,3.6888794541139363,0.0,0.0,0.0,-0.4737187750426862,-1.2184705569895626,-0.867087848821682,3.0,2.0,0.0
1875,3.58351893845611,0.0,0.0,1.0,-0.5359851613060705,1.0830254427716477,0.06337824243795336,4.0,2.0,0.0
1876,3.58351893845611,0.0,0.0,1.0,-1.4388477621251439,-1.2184705569895626,-0.4136462691262282,8.0,1.0,0.0
1877,4.219507705176107,0.0,1.0,1.0,-1.6360246519591943,-1.2184705569895626,-0.25282182906917294,5.0,2.0,1.0
1878,4.04305126783455,0.0,1.0,1.0,0.2631001290740287,0.7662512181784638,-0.6926948512583564,5.0,1.0,1.0
1879,3.5553480614894135,0.0,0.0,0.0,-0.5982515475694549,1.0474935347057746,-1.5819807877665484,7.0,1.0,0.0
1880,3.7612001156935624,0.0,0.0,1.0,1.1763404609369994,0.7558668106238436,-0.3053612171311902,4.0,2.0,1.0
1881,3.8501476017100584,0.0,0.0,0.0,0.27347786011792613,-1.2184705569895626,-0.31861246790438846,1.0,2.0,0.0
1882,3.9889840465642745,1.0,0.0,0.0,0.44989928786418176,0.30628655184034215,-0.5266507589089416,8.0,1.0,0.0
1883,3.6635616461296463,0.0,0.0,1.0,-0.8576948236668898,-1.2184705569895626,0.13975249522142227,7.0,1.0,1.0
1884,3.8918202981106265,1.0,0.0,1.0,-1.2105376791594011,0.9356916771700011,-0.7341977026106666,5.0,1.0,1.0
1885,3.58351893845611,0.0,0.0,0.0,0.5536765983031557,-1.2184705569895626,0.5834935299534296,5.0,1.0,0.0
1886,4.174387269895637,0.0,1.0,0.0,0.3149887842935157,-1.2184705569895626,0.0501979292796008,9.0,2.0,1.0
1887,3.9512437185814275,0.0,0.0,1.0,-1.9784897764078082,0.7010844095807798,-0.7591649611691038,9.0,1.0,0.0
1888,3.367295829986474,1.0,0.0,0.0,-0.017098609111200903,0.7354209371723429,0.8038229797969217,5.0,3.0,1.0
1889,3.6109179126442243,0.0,1.0,0.0,0.16970054967895218,0.9219829078703905,1.573966410304514,3.0,1.0,0.0
1890,3.8501476017100584,0.0,0.0,0.0,-0.6708956648767367,0.20363017149350243,-0.5251982764716355,6.0,1.0,0.0
1891,3.6375861597263857,1.0,0.0,0.0,0.27347786011792613,1.1671814449982674,-1.3728318362628915,8.0,2.0,1.0
1892,3.8066624897703196,0.0,0.0,1.0,1.3112509645076653,0.7647088795621997,0.7661201591065421,8.0,1.0,0.0
1893,3.4011973816621555,0.0,0.0,1.0,-0.06898726433068787,0.8650567954463282,1.6698690234415101,1.0,2.0,1.0
1894,3.9889840465642745,0.0,1.0,1.0,-1.2001599481155036,1.0858944519759284,-1.7110484745109396,2.0,1.0,0.0
1895,3.871201010907891,0.0,1.0,1.0,-1.7813128865737577,-0.011108578924737796,-1.2960615151298673,8.0,1.0,0.0
1896,3.8918202981106265,0.0,1.0,1.0,-0.6708956648767367,-1.2184705569895626,-1.5912852643804394,1.0,2.0,1.0
1897,3.4011973816621555,0.0,0.0,1.0,-1.0963826376765298,-1.2184705569895626,-0.097492967762223,5.0,1.0,1.0
1898,3.7612001156935624,1.0,0.0,1.0,2.058447599668278,0.7002814584585372,-0.8591670034306881,8.0,1.0,1.0
1899,3.295836866004329,0.0,0.0,1.0,0.10743416341556782,-1.2184705569895626,-0.47815655356015985,0.0,2.0,1.0
1900,3.6635616461296463,1.0,0.0,0.0,-0.733162051140121,0.9455275482251585,-1.1738066212779124,3.0,1.0,1.0
1901,3.6888794541139363,0.0,1.0,0.0,0.6263207156104375,1.3928825996912264,-1.3340595614820316,5.0,2.0,1.0
1902,3.828641396489095,1.0,0.0,0.0,-0.36994146460371224,0.8365814107724001,0.7575250586411079,6.0,3.0,1.0
1903,3.4657359027997265,0.0,1.0,0.0,0.44989928786418176,-1.2184705569895626,0.5426922307479394,8.0,2.0,1.0
1904,3.6888794541139363,1.0,0.0,1.0,-0.05860953328679048,1.2542644162110719,1.235979623837902,0.0,1.0,0.0
1905,3.713572066704308,0.0,1.0,0.0,-0.6086292786133524,-1.2184705569895626,-1.6558428405576018,2.0,1.0,1.0
1906,3.4011973816621555,0.0,0.0,1.0,-1.075627175588735,0.11753411767202462,1.3315772747777432,5.0,1.0,1.0
1907,3.4011973816621555,1.0,0.0,0.0,1.456539199122229,0.5043405703449888,-1.4171720183423264,4.0,1.0,0.0
1908,3.7612001156935624,0.0,0.0,0.0,0.771608950225001,0.5342811206659046,1.2993017032231682,2.0,1.0,1.0
1909,3.58351893845611,0.0,1.0,0.0,0.5951875224787453,0.5719946861578356,-1.5257952410748028,1.0,2.0,0.0
1910,3.7612001156935624,0.0,1.0,0.0,-1.1794044860277089,-1.2184705569895626,0.9114904572627147,9.0,1.0,0.0
1911,3.8501476017100584,1.0,0.0,1.0,-1.023738520369248,0.09909137911391973,0.21070384553666252,3.0,1.0,0.0
1912,3.6109179126442243,0.0,1.0,1.0,-0.1831423058135592,0.1584135361131292,-1.469931869383815,2.0,1.0,0.0
1913,3.58351893845611,0.0,0.0,1.0,1.1555849988492046,-1.2184705569895626,-1.20069528077179,9.0,1.0,1.0
1914,3.5553480614894135,0.0,1.0,1.0,1.4150282749466394,1.2869069811160292,1.4042426030516815,6.0,1.0,1.0
1915,3.912023005428146,1.0,0.0,1.0,-1.075627175588735,0.5177273586462283,0.4623390384650983,9.0,1.0,0.0
1916,4.02535169073515,1.0,0.0,0.0,-0.3180528093842253,0.879509595426908,-0.4302453232667156,7.0,1.0,1.0
1917,3.6375861597263857,1.0,0.0,1.0,1.487672392253921,1.0113099793682112,1.7093644098403682,2.0,2.0,1.0
1918,3.9318256327243257,0.0,1.0,1.0,-0.3180528093842253,1.392694310454984,0.5323289059124543,3.0,1.0,1.0
1919,4.219507705176107,0.0,1.0,1.0,-0.9614721341058636,0.7976228307387826,1.3123399672851268,9.0,1.0,0.0
1920,3.295836866004329,0.0,0.0,1.0,-0.4322078508670966,-1.2184705569895626,1.1405619249357206,8.0,2.0,0.0
1921,3.8918202981106265,0.0,0.0,1.0,-0.34918600251591747,-1.2184705569895626,-1.5041116290702283,7.0,1.0,0.0
1922,3.1780538303479458,0.0,0.0,1.0,0.18007828072284957,-1.2184705569895626,-0.5971010253859825,1.0,2.0,0.0
1923,3.295836866004329,0.0,0.0,1.0,0.1178118944594652,1.04647811775318,-1.7385121111918143,5.0,1.0,0.0
1924,3.4965075614664802,0.0,0.0,1.0,-0.03785407119899569,-1.2184705569895626,0.2936959866384446,0.0,1.0,1.0
1925,3.4657359027997265,0.0,0.0,0.0,0.771608950225001,0.6183429782744028,-0.03916729582259577,9.0,2.0,1.0
1926,3.367295829986474,0.0,1.0,1.0,-0.24540869207694355,-1.2184705569895626,1.326942336207751,4.0,2.0,1.0
1927,3.6888794541139363,0.0,0.0,1.0,-1.3350704516861698,-1.2184705569895626,-1.6292137640513824,3.0,2.0,0.0
1928,3.258096538021482,0.0,0.0,0.0,0.6885871018738219,-1.2184705569895626,-1.2179565931842071,7.0,2.0,0.0
1929,3.912023005428146,1.0,0.0,1.0,-0.06898726433068787,1.3454313105096287,-0.20932368343262447,4.0,1.0,1.0
1930,3.4657359027997265,0.0,0.0,1.0,-0.5359851613060705,-1.2184705569895626,0.3672798527046129,8.0,2.0,1.0
1931,3.6635616461296463,1.0,0.0,0.0,-1.1690267549838116,0.4696599665895775,-0.34522711347425455,8.0,1.0,0.0
1932,3.4339872044851463,0.0,0.0,0.0,-1.4492254931690411,-1.2184705569895626,-0.20175457038190725,6.0,2.0,0.0
1933,3.713572066704308,1.0,0.0,0.0,0.8961417227517697,0.6218433007937388,1.6424192960968795,6.0,2.0,1.0
1934,3.4339872044851463,0.0,0.0,1.0,0.7508534881372062,-1.2184705569895626,-0.8026684966734469,10.0,2.0,1.0
1935,3.7376696182833684,1.0,0.0,0.0,-0.7020288580084288,0.20002193490509518,1.3660115753174262,3.0,1.0,0.0
1936,3.332204510175204,0.0,0.0,0.0,-0.733162051140121,0.41878296609960325,1.6386990702516506,5.0,2.0,0.0
1937,3.8918202981106265,0.0,0.0,1.0,-0.5567406233938653,0.7137761608288477,-1.2135160375882288,6.0,1.0,0.0
1938,3.9889840465642745,1.0,0.0,1.0,-1.9369788522322187,0.6618307470111117,-0.44392498159623694,1.0,1.0,0.0
1939,3.828641396489095,0.0,1.0,0.0,0.7404757570933088,-1.2184705569895626,-1.0991313939166791,4.0,2.0,0.0
1940,3.4657359027997265,0.0,0.0,1.0,2.058447599668278,-1.2184705569895626,0.3726933663708768,3.0,2.0,0.0
1941,3.7612001156935624,0.0,0.0,0.0,0.875386260663975,0.6593019713332049,-1.0172980743907463,7.0,3.0,0.0
1942,4.02535169073515,0.0,0.0,0.0,-0.733162051140121,-1.2184705569895626,-1.3559718082011212,6.0,1.0,1.0
1943,3.784189633918261,0.0,1.0,1.0,-1.1794044860277089,-1.2184705569895626,0.4607891906740822,5.0,2.0,0.0
1944,3.713572066704308,0.0,1.0,0.0,0.9999190331907436,-1.2184705569895626,0.5552812232492081,4.0,2.0,0.0
1945,3.2188758248682006,0.0,0.0,1.0,0.1178118944594652,-1.2184705569895626,1.1454256720869307,7.0,2.0,1.0
1946,3.5553480614894135,0.0,0.0,1.0,-0.24540869207694355,1.3231368082131798,0.44790236451048326,4.0,2.0,1.0
1947,3.332204510175204,0.0,0.0,1.0,-1.4077145689934516,-1.2184705569895626,0.7345755231716031,9.0,1.0,0.0
1948,3.6635616461296463,1.0,0.0,0.0,2.058447599668278,0.42651691445629575,-1.3293229108907538,2.0,2.0,1.0
1949,3.6109179126442243,0.0,0.0,1.0,0.1593228186350548,1.0191188591556535,-0.35747219763688415,8.0,1.0,0.0
1950,3.5263605246161616,0.0,1.0,0.0,1.1244518057175124,0.6726559371060177,0.977633697771722,1.0,2.0,1.0
1951,3.784189633918261,0.0,0.0,0.0,0.34612197742520784,0.9056621057475964,-1.0180644788178046,1.0,1.0,1.0
1952,3.5553480614894135,1.0,0.0,1.0,-1.7294242313542707,0.9215301170879971,-0.5254505570577656,3.0,1.0,0.0
1953,3.58351893845611,1.0,0.0,0.0,0.6159429845665401,0.9207217222293326,0.3504288657114016,2.0,1.0,1.0
1954,3.713572066704308,0.0,1.0,0.0,1.3735173507710499,-1.2184705569895626,0.14709140875729726,8.0,2.0,0.0
1955,3.7376696182833684,0.0,1.0,1.0,-0.9303389409741715,1.430468237377241,-0.25461004811007504,5.0,2.0,0.0
1956,3.713572066704308,0.0,0.0,0.0,1.539561047473408,0.3468343826893899,-0.031141956543067145,5.0,1.0,0.0
1957,3.6109179126442243,0.0,0.0,1.0,-0.08974272641848266,1.3603336990747066,-0.2805594796740595,7.0,2.0,1.0
1958,3.5263605246161616,1.0,0.0,1.0,-0.5463628923499679,-0.38670045423872934,-0.267500351607735,2.0,2.0,0.0
1959,3.4657359027997265,0.0,0.0,0.0,0.014034584020491275,0.42385732899436673,-1.5541553344766201,7.0,1.0,1.0
1960,3.871201010907891,1.0,0.0,1.0,1.010296764234641,0.5431023753179415,0.6124280789421348,9.0,1.0,1.0
1961,3.367295829986474,0.0,0.0,0.0,-0.22465322998914877,-1.2184705569895626,0.570917229721484,1.0,2.0,1.0
1962,3.713572066704308,0.0,0.0,1.0,0.3149887842935157,-1.2184705569895626,0.7009370105317944,4.0,2.0,1.0
1963,3.4657359027997265,0.0,0.0,0.0,0.6470761776982322,0.7856131476424103,0.10789472535428445,4.0,1.0,1.0
1964,3.6375861597263857,0.0,1.0,0.0,-0.35956373355981486,0.40997195848083157,0.40745644884603344,9.0,1.0,0.0
1965,2.995732273553991,1.0,0.0,1.0,0.7612312191811036,-0.0034253854046855437,-0.9530944908210003,0.0,1.0,0.0
1966,3.8066624897703196,0.0,1.0,1.0,0.1281896255033626,0.02280798041285876,-0.7492390849585006,7.0,3.0,0.0
1967,3.58351893845611,0.0,0.0,1.0,-0.006720878067303511,0.1730733581876392,1.2807534294747513,2.0,1.0,0.0
1968,3.58351893845611,0.0,0.0,1.0,0.1178118944594652,-1.2184705569895626,1.654324123121634,9.0,2.0,1.0
1969,3.8066624897703196,0.0,0.0,1.0,-0.836939361579095,-1.2184705569895626,-1.0779377382813082,9.0,2.0,0.0
1970,3.4657359027997265,0.0,0.0,0.0,-1.2935595275105802,0.578014497981182,1.422833300275643,1.0,1.0,0.0
1971,3.5263605246161616,1.0,0.0,0.0,-1.521869610476323,0.4868082166485135,-0.9560149298321846,3.0,3.0,0.0
1972,3.784189633918261,1.0,0.0,1.0,0.1593228186350548,0.4309567618381086,-1.181752851207552,1.0,1.0,0.0
1973,3.5553480614894135,1.0,0.0,1.0,-1.4388477621251439,-0.2495634473950388,0.4197107479439248,7.0,1.0,0.0
1974,3.4339872044851463,0.0,0.0,1.0,-0.24540869207694355,0.20942294748607324,-1.517932641029332,8.0,1.0,1.0
1975,3.912023005428146,0.0,0.0,0.0,0.2527223980301313,-1.2184705569895626,-0.36666713822785185,1.0,1.0,0.0
1976,3.367295829986474,0.0,0.0,1.0,0.21121147385454175,1.4596713215228727,1.2003411225128724,4.0,1.0,1.0
1977,3.58351893845611,0.0,0.0,1.0,-1.4077145689934516,0.8414007186048041,0.47164768787986266,5.0,1.0,0.0
1978,3.5553480614894135,0.0,0.0,0.0,0.21121147385454175,-1.2184705569895626,-1.4637149176827424,8.0,2.0,1.0
1979,3.4657359027997265,0.0,0.0,1.0,0.5951875224787453,-1.2184705569895626,-0.5115410469468079,6.0,2.0,1.0
1980,3.6888794541139363,0.0,0.0,1.0,-0.6397624717450445,-1.2184705569895626,0.07474929868433478,9.0,2.0,1.0
1981,3.258096538021482,0.0,0.0,1.0,1.2593623092881785,0.9574762294516254,-0.4655265285169705,2.0,1.0,0.0
1982,3.5553480614894135,0.0,1.0,1.0,-1.8850901970127316,-1.2184705569895626,-0.19851439050380812,9.0,2.0,1.0
1983,3.6635616461296463,1.0,0.0,0.0,0.4706547499519766,0.9044483126353883,-1.6177164805785844,6.0,1.0,1.0
1984,3.713572066704308,0.0,0.0,1.0,-0.22465322998914877,-1.2184705569895626,-1.0073050856327646,8.0,2.0,1.0
1985,3.6109179126442243,0.0,1.0,1.0,-2.7983305288757023,-1.2184705569895626,1.3754497554259653,0.0,1.0,1.0
1986,3.784189633918261,0.0,1.0,1.0,-0.494474237130481,1.104431335152155,-1.3309438701633185,2.0,1.0,1.0
1987,3.6375861597263857,0.0,0.0,0.0,0.07630097028387564,1.2008808953185635,0.7042171797515958,1.0,1.0,1.0
1988,3.6109179126442243,0.0,0.0,0.0,-2.217177590417448,-1.2184705569895626,-0.6261077290564543,4.0,2.0,0.0
1989,3.295836866004329,0.0,0.0,0.0,1.217851385112589,-1.2184705569895626,1.3285544282784603,7.0,2.0,0.0
1990,3.2188758248682006,0.0,1.0,1.0,0.5640543293470531,1.0403369426296023,-1.3218810682666713,2.0,1.0,1.0
1991,3.6888794541139363,0.0,0.0,0.0,-0.9822275961936585,-0.4247620986418776,0.25830854883262416,7.0,1.0,0.0
1992,3.5263605246161616,0.0,0.0,1.0,0.7093425639616167,-1.2184705569895626,0.7393714623086222,9.0,2.0,1.0
1993,3.6375861597263857,0.0,1.0,1.0,-0.9407166720180689,0.4061691883702856,-0.20156627274250064,4.0,1.0,1.0
1994,4.110873864173311,0.0,0.0,0.0,0.03479004610828606,-1.2184705569895626,-0.2338479296316822,3.0,2.0,1.0
1995,4.02535169073515,0.0,0.0,1.0,0.3149887842935157,-1.2184705569895626,0.9201983972184303,9.0,1.0,0.0
1996,4.07753744390572,0.0,1.0,1.0,-0.6293847407011471,0.8384402866506132,0.6402338852946179,5.0,1.0,1.0
1997,3.5263605246161616,0.0,0.0,1.0,0.32536651533741306,-1.2184705569895626,-0.4671250589848415,8.0,1.0,0.0
1998,4.430816798843313,1.0,0.0,1.0,0.27347786011792613,0.7565911477877573,-0.13034577677093415,6.0,1.0,1.0
1999,3.58351893845611,0.0,0.0,1.0,0.7819866812688984,0.9648593770288896,0.7358633538411177,5.0,1.0,0.0
2000,4.110873864173311,1.0,0.0,0.0,1.6122051647806899,-0.05049161028937553,-1.4444138011101053,1.0,2.0,1.0
2001,3.1780538303479458,0.0,0.0,1.0,1.8924039029659194,0.8830488246506718,-1.3949671539619983,4.0,1.0,0.0
2002,3.6888794541139363,0.0,0.0,0.0,-0.442585581910994,1.0498900596106064,1.3080506757208046,8.0,1.0,1.0
2003,3.295836866004329,1.0,0.0,0.0,0.2527223980301313,0.516298698055247,-0.6989363181645596,1.0,1.0,0.0
2004,3.5263605246161616,0.0,1.0,0.0,-1.4077145689934516,-1.2184705569895626,-0.7258187184571276,3.0,2.0,1.0
2005,3.4339872044851463,0.0,0.0,1.0,1.8612707098342272,-1.2184705569895626,-1.6865228373782573,2.0,2.0,1.0
2006,3.4965075614664802,0.0,0.0,1.0,0.9999190331907436,1.2590360112948364,1.2554365249764745,5.0,2.0,1.0
2007,3.2188758248682006,1.0,0.0,1.0,-0.7435397821840184,0.9239884444122077,-1.4473592769265295,1.0,1.0,0.0
2008,3.367295829986474,1.0,0.0,1.0,0.8650085296200775,1.3505591501092433,0.252557559895734,5.0,2.0,1.0
2009,3.4657359027997265,1.0,0.0,0.0,-1.2520486033349907,0.6556609122163711,0.3142953658827797,7.0,1.0,0.0
2010,3.295836866004329,1.0,0.0,0.0,-0.8680725547107871,0.5398428580803307,0.9399251394801419,10.0,2.0,0.0
2011,3.8066624897703196,1.0,0.0,0.0,0.2631001290740287,1.1634941141218462,1.5756925589324258,4.0,2.0,1.0
2012,3.784189633918261,0.0,1.0,1.0,-0.733162051140121,0.03074863064369196,-1.213039816688566,9.0,1.0,1.0
2013,3.4011973816621555,0.0,1.0,1.0,0.8131198744005905,-1.2184705569895626,-1.4997254937523057,2.0,2.0,0.0
2014,3.4339872044851463,0.0,0.0,0.0,-0.8265616305351976,-1.2184705569895626,1.296940941129112,6.0,1.0,1.0
2015,3.970291913552122,0.0,0.0,1.0,0.13856735654726,-1.2184705569895626,0.2730701796552454,3.0,1.0,0.0
2016,3.2188758248682006,1.0,0.0,0.0,-0.006720878067303511,-0.574433308597188,1.3545961830617659,7.0,1.0,1.0
2017,3.332204510175204,0.0,0.0,0.0,-2.310577169812525,0.6597376303568586,-1.3285293832580187,6.0,2.0,1.0
2018,3.6888794541139363,0.0,0.0,1.0,0.2838555911618235,0.1719815688152417,1.032755875707594,0.0,1.0,1.0
2019,3.4657359027997265,0.0,0.0,0.0,-1.4596032242129386,0.9816201611424964,1.067953451073681,5.0,1.0,1.0
2020,3.367295829986474,0.0,1.0,0.0,-0.03785407119899569,0.4191752353417757,0.9990349502505383,9.0,1.0,1.0
2021,3.1354942159291497,1.0,0.0,1.0,1.010296764234641,0.2987653895337912,-1.011725994291298,4.0,2.0,1.0
2022,4.04305126783455,0.0,1.0,1.0,0.33574424638131045,0.04170895348977911,-0.017959209250871605,8.0,1.0,1.0
2023,3.4011973816621555,0.0,0.0,1.0,-2.3313326319003194,1.0442914969203845,-0.11461275267835462,1.0,1.0,1.0
2024,3.4657359027997265,0.0,1.0,0.0,-0.22465322998914877,-1.2184705569895626,1.206138359992775,1.0,2.0,1.0
2025,3.6375861597263857,0.0,0.0,0.0,-0.8784502857546845,-1.2184705569895626,-1.247326504397357,7.0,2.0,1.0
2026,3.367295829986474,0.0,1.0,0.0,-1.8643347349249368,-1.2184705569895626,-1.7148389425042019,4.0,2.0,0.0
2027,3.58351893845611,1.0,0.0,0.0,-0.2765418852086357,0.16083551849122815,1.0955255805772606,5.0,2.0,0.0
2028,3.332204510175204,0.0,0.0,1.0,-0.3388082714720201,1.254970821066772,0.9730180584057692,1.0,1.0,0.0
2029,3.6635616461296463,0.0,0.0,1.0,-2.3001994387686273,-1.2184705569895626,-1.536642958544994,9.0,2.0,1.0
2030,3.332204510175204,0.0,1.0,1.0,-2.2690662456369353,-1.2184705569895626,0.9261420304623035,2.0,2.0,1.0
2031,3.258096538021482,0.0,0.0,1.0,0.5536765983031557,0.602559665068332,1.6766543453948632,3.0,1.0,1.0
2032,3.8501476017100584,0.0,0.0,0.0,-1.6464023830030916,-1.2184705569895626,-1.7129978679855717,4.0,2.0,0.0
2033,3.8066624897703196,0.0,0.0,0.0,-0.152009112681867,-1.2184705569895626,0.8560215891209546,2.0,2.0,0.0
2034,3.7376696182833684,1.0,0.0,0.0,-0.36994146460371224,0.4396366394530686,-1.7420546452665229,1.0,1.0,0.0
2035,3.828641396489095,0.0,0.0,1.0,0.5225434051714636,-0.01781318076799099,1.2272103089360085,9.0,1.0,1.0
2036,3.295836866004329,1.0,0.0,0.0,0.532921136215361,0.33989810182841274,-0.6383307321477962,1.0,1.0,0.0
2037,3.4965075614664802,0.0,0.0,1.0,1.4669169301661262,-1.2184705569895626,1.6236775087079647,2.0,2.0,0.0
2038,3.2188758248682006,0.0,0.0,1.0,-0.7124065890523262,0.9450188790894927,-0.1848096953690471,9.0,1.0,0.0
2039,3.5263605246161616,0.0,1.0,1.0,-0.41145238877930185,-0.10604990388246685,-1.5901434817414892,5.0,1.0,0.0
2040,3.8501476017100584,0.0,0.0,0.0,-0.08974272641848266,-1.2184705569895626,0.11041057654746396,6.0,2.0,0.0
2041,3.4011973816621555,0.0,0.0,1.0,1.0310522263224358,1.1469550822124885,-0.09527929689894975,10.0,1.0,1.0
2042,3.4011973816621555,0.0,1.0,0.0,0.7923644123127958,-1.2184705569895626,-0.3020946095142269,1.0,1.0,1.0
2043,3.6375861597263857,0.0,0.0,1.0,-0.6190070096572498,2.186954347390132,1.3207563327798217,4.0,1.0,0.0
2044,3.6635616461296463,0.0,0.0,0.0,-0.6190070096572498,-1.2184705569895626,-1.1317388770073822,4.0,2.0,0.0
2045,3.5553480614894135,0.0,0.0,0.0,0.7923644123127958,0.22932556806463875,-1.5445205111269278,6.0,2.0,1.0
2046,3.6375861597263857,0.0,1.0,0.0,-0.06898726433068787,-1.2184705569895626,-1.50988209107786,7.0,2.0,0.0
2047,3.5553480614894135,0.0,1.0,0.0,-0.494474237130481,-1.2184705569895626,-1.0752541057196823,3.0,2.0,0.0
2048,3.6109179126442243,0.0,1.0,1.0,-1.1690267549838116,-1.2184705569895626,0.3221463168591462,6.0,3.0,1.0
2049,3.5553480614894135,0.0,1.0,0.0,1.0206744952785385,0.5879254605769841,0.8688160920652324,9.0,1.0,0.0
2050,3.713572066704308,1.0,0.0,0.0,0.6263207156104375,0.5316713293812473,0.3429943254888474,3.0,2.0,0.0
2051,3.6109179126442243,0.0,0.0,1.0,-1.3350704516861698,1.3168859578116883,0.9540629365722082,8.0,2.0,0.0
2052,3.332204510175204,0.0,0.0,1.0,0.9895413021468462,-1.2184705569895626,-1.5200018286623678,10.0,2.0,0.0
2053,3.7376696182833684,1.0,0.0,1.0,0.014034584020491275,0.4560245276217691,-1.4831693846874723,1.0,1.0,0.0
2054,3.367295829986474,0.0,0.0,1.0,-0.5463628923499679,0.6981444716931187,-1.2038681742358077,7.0,1.0,0.0
2055,3.1780538303479458,0.0,1.0,0.0,0.5536765983031557,-1.2184705569895626,-0.47464844509265597,5.0,2.0,1.0
2056,3.6635616461296463,0.0,1.0,0.0,-1.1897822170716064,-1.2184705569895626,-1.0292442816908274,1.0,2.0,1.0
2057,3.912023005428146,0.0,0.0,1.0,0.2942333222057209,-1.2184705569895626,1.5052885409983972,10.0,2.0,0.0
2058,3.5553480614894135,1.0,0.0,1.0,0.2631001290740287,0.8105926928740558,-1.2922625276681554,3.0,1.0,1.0
2059,4.0943445622221,0.0,0.0,1.0,0.3046110532496183,0.7473829075200752,0.6908708238918274,4.0,1.0,1.0
2060,3.828641396489095,0.0,1.0,0.0,-0.006720878067303511,0.9577937273729431,-1.4204640104979356,10.0,1.0,0.0
2061,3.4657359027997265,0.0,1.0,0.0,0.6055652535226427,-1.2184705569895626,-1.579919076401744,5.0,2.0,0.0
2062,3.332204510175204,0.0,0.0,1.0,0.8131198744005905,-1.2184705569895626,0.2721125218548284,5.0,2.0,1.0
2063,3.713572066704308,0.0,1.0,0.0,-0.9614721341058636,1.0091294427114168,-1.1787423492441862,5.0,1.0,1.0
2064,3.9318256327243257,0.0,1.0,0.0,0.7300980260494114,0.8963984674563259,0.4838858173743702,4.0,1.0,1.0
2065,3.6635616461296463,1.0,0.0,0.0,-0.9822275961936585,0.8612538652258875,0.028596556225570165,2.0,1.0,0.0
2066,4.07753744390572,0.0,0.0,1.0,-0.6812733959206341,1.21413719405557,1.0871669388279788,7.0,1.0,0.0
2067,3.5263605246161616,0.0,0.0,1.0,-0.07936499537458526,-1.2184705569895626,0.9538828106678454,8.0,2.0,1.0
2068,3.2188758248682006,1.0,0.0,1.0,1.4357837370344342,0.5014022335562753,1.0435291782288787,7.0,1.0,1.0
2069,3.9512437185814275,1.0,0.0,1.0,2.058447599668278,0.7737126594942677,0.3149456273521987,4.0,1.0,0.0
2070,3.6635616461296463,0.0,0.0,0.0,1.539561047473408,1.474423046676977,-0.5629666449090662,2.0,2.0,0.0
2071,3.5263605246161616,0.0,0.0,0.0,-0.3388082714720201,1.4671089064643565,-0.612163967204995,2.0,2.0,1.0
2072,3.4657359027997265,0.0,1.0,0.0,0.6470761776982322,1.2300356262759764,-0.8611857697198385,6.0,1.0,1.0
2073,3.4657359027997265,1.0,0.0,1.0,-1.5011141483885282,0.9307977581266369,1.1473875839641827,2.0,1.0,1.0
2074,4.23410650459726,0.0,0.0,1.0,0.19045601176674695,-1.2184705569895626,-1.5474934578824342,4.0,2.0,1.0
2075,3.1780538303479458,0.0,1.0,0.0,-0.3076750783403279,-1.2184705569895626,0.5382582820866773,8.0,2.0,1.0
2076,3.4965075614664802,1.0,0.0,1.0,0.6885871018738219,1.5025556360662151,-1.2597012931204643,9.0,2.0,1.0
2077,3.367295829986474,0.0,0.0,1.0,-0.12087591955017483,-1.2184705569895626,0.5331902415593797,7.0,2.0,1.0
2078,3.295836866004329,0.0,0.0,1.0,0.5017879430836688,0.6869904158743668,0.7214623225606287,4.0,1.0,0.0
2079,3.7612001156935624,1.0,0.0,1.0,-0.8473170926229924,0.5084198502437928,0.4711361720394802,0.0,2.0,0.0
2080,3.4965075614664802,1.0,0.0,0.0,-0.8576948236668898,1.1084134283448368,0.5495467516491079,8.0,1.0,1.0
2081,3.6109179126442243,1.0,0.0,1.0,0.07630097028387564,0.0014144164942483518,0.8455981064062135,2.0,2.0,1.0
2082,3.6109179126442243,0.0,0.0,1.0,0.8338753364883853,-1.2184705569895626,-0.6885303959868266,7.0,2.0,1.0
2083,3.871201010907891,1.0,0.0,0.0,0.5640543293470531,1.0885596412841745,0.7042933333675332,10.0,1.0,0.0
2084,4.204692619390966,1.0,0.0,1.0,1.010296764234641,1.7040510566489249,1.6517098633745266,6.0,2.0,1.0
2085,3.8918202981106265,0.0,0.0,0.0,1.3216286955515628,0.6274407427146973,-0.02640339341805554,2.0,1.0,0.0
2086,3.4657359027997265,1.0,0.0,1.0,1.5603165095612028,0.7831227983392473,1.5165836174955438,1.0,1.0,1.0
2087,3.7376696182833684,0.0,1.0,1.0,-1.4803586863007334,0.809862431644036,0.24939857576796062,7.0,1.0,1.0
2088,4.219507705176107,0.0,0.0,0.0,-1.127515830808222,0.8444440874844832,0.5942970852810457,0.0,1.0,1.0
2089,3.367295829986474,0.0,0.0,1.0,0.7508534881372062,-1.2184705569895626,-0.0033224147210424598,9.0,2.0,1.0
2090,3.6635616461296463,0.0,0.0,1.0,1.3112509645076653,1.1034189602875606,0.4567673060990561,3.0,2.0,1.0
2091,2.9444389791664403,0.0,1.0,1.0,-0.07936499537458526,-1.2184705569895626,-0.7091336002986288,7.0,1.0,1.0
2092,3.4965075614664802,0.0,0.0,1.0,1.7678711304391508,0.644536156508361,0.14547549161912093,8.0,1.0,0.0
2093,3.332204510175204,0.0,0.0,0.0,1.2801177713759733,1.220153163241442,0.0639952953670892,4.0,1.0,0.0
2094,3.7376696182833684,0.0,0.0,0.0,-0.5359851613060705,-1.2184705569895626,-0.16061179697162029,1.0,2.0,1.0
2095,3.6888794541139363,0.0,0.0,0.0,1.747115668351356,0.4565077392841675,-0.6762173299433032,1.0,1.0,0.0
2096,3.6109179126442243,0.0,0.0,1.0,0.06592323923997824,1.5684096363322269,-0.09572526499228132,8.0,1.0,1.0
2097,3.784189633918261,0.0,0.0,0.0,0.18007828072284957,1.3508864147341415,-0.07768624681710734,1.0,1.0,1.0
2098,3.6635616461296463,0.0,0.0,0.0,0.22158920489843914,1.5043890544711607,0.5993193988654398,2.0,2.0,0.0
2099,3.713572066704308,0.0,0.0,1.0,-0.5048519681743784,0.4279948888948648,-1.0710567896412755,4.0,2.0,1.0
2100,3.828641396489095,0.0,0.0,1.0,0.23196693594233653,1.0562430601249568,-1.1026278533150786,7.0,1.0,0.0
2101,3.4339872044851463,0.0,0.0,1.0,1.830137516702535,-0.04854467396904232,1.064757259471454,4.0,2.0,0.0
2102,3.6109179126442243,0.0,0.0,1.0,-0.6086292786133524,-0.09479561926959275,-0.34465891708867685,2.0,2.0,0.0
2103,3.6635616461296463,0.0,0.0,1.0,0.33574424638131045,0.4638037870786799,1.7025721332188923,5.0,2.0,1.0
2104,3.4011973816621555,1.0,0.0,0.0,-1.283181796466683,1.506827688278315,-0.8892810641329055,9.0,2.0,0.0
2105,3.7612001156935624,1.0,0.0,0.0,-1.158649023939914,0.1788310701132566,1.2542978719381794,9.0,2.0,0.0
2106,3.258096538021482,0.0,0.0,1.0,0.5536765983031557,0.3433100436858389,-0.7049275908850693,0.0,1.0,1.0
2107,3.871201010907891,0.0,1.0,0.0,-0.3076750783403279,1.060197934635529,-0.004316062928991303,6.0,1.0,0.0
2108,3.970291913552122,0.0,0.0,1.0,0.7819866812688984,-1.2184705569895626,0.31292060186173826,4.0,2.0,1.0
2109,3.4965075614664802,0.0,0.0,1.0,-0.3803191956476097,-1.2184705569895626,-1.7089712890095632,1.0,2.0,0.0
2110,3.295836866004329,0.0,1.0,1.0,0.8131198744005905,-1.2184705569895626,-1.1455882292390835,3.0,1.0,0.0
2111,3.58351893845611,0.0,0.0,1.0,-1.127515830808222,0.9827553402963748,-0.6614226644471017,5.0,1.0,0.0
2112,3.6375861597263857,1.0,0.0,1.0,0.02441231506438867,0.5770997901523938,-0.42604192185370166,5.0,1.0,0.0
2113,4.110873864173311,0.0,0.0,1.0,1.2801177713759733,-1.2184705569895626,0.19346861312970334,7.0,2.0,1.0
2114,3.5553480614894135,1.0,0.0,1.0,-1.3039372585544777,0.7465031036483457,-0.9329501207385553,3.0,1.0,1.0
2115,3.713572066704308,0.0,0.0,1.0,1.010296764234641,1.011706731687437,1.433081177620301,1.0,1.0,0.0
2116,3.9512437185814275,0.0,0.0,1.0,1.1763404609369994,0.7568420399928528,0.26076580694687485,3.0,1.0,1.0
2117,3.367295829986474,1.0,0.0,1.0,-2.393599018163704,0.7410219015109862,-0.19844988595697527,8.0,3.0,1.0
2118,3.5553480614894135,0.0,0.0,1.0,1.248984578244281,-1.2184705569895626,1.2266221178795793,9.0,2.0,0.0
2119,3.8918202981106265,1.0,0.0,1.0,0.07630097028387564,0.7603791877879847,-0.3123033668506977,4.0,2.0,0.0
2120,3.4965075614664802,0.0,0.0,1.0,0.1281896255033626,0.49806330181086145,0.20705629597330963,10.0,1.0,1.0
2121,3.8501476017100584,0.0,1.0,1.0,1.4357837370344342,0.8848189996471855,1.3884888888214384,2.0,2.0,1.0
2122,3.044522437723423,0.0,0.0,1.0,-0.5878738165255575,0.3158694492617722,1.3441233222033577,4.0,1.0,0.0
2123,4.110873864173311,0.0,0.0,0.0,0.9272749158834619,-1.2184705569895626,-1.0695719679972011,5.0,1.0,1.0
2124,3.5553480614894135,0.0,1.0,0.0,0.03479004610828606,0.5392749482836019,0.5842448079773228,4.0,2.0,0.0
2125,3.6635616461296463,0.0,0.0,1.0,-0.12087591955017483,-1.2184705569895626,-0.20174831118059733,9.0,2.0,0.0
2126,3.912023005428146,0.0,1.0,1.0,0.8961417227517697,-1.2184705569895626,-0.6148762877726247,3.0,3.0,1.0
2127,3.6109179126442243,0.0,0.0,0.0,2.058447599668278,1.420949704133506,-0.6556313384351031,0.0,1.0,1.0
2128,3.9512437185814275,0.0,0.0,1.0,-0.3906969266915071,-1.2184705569895626,-1.649628496857075,3.0,2.0,1.0
2129,3.8918202981106265,0.0,0.0,1.0,1.217851385112589,0.3272649508018287,1.6944080483103272,2.0,2.0,1.0
2130,3.4657359027997265,0.0,1.0,1.0,-0.20389776790135397,0.9679331667885739,-0.31780155360134843,3.0,1.0,0.0
2131,3.6109179126442243,0.0,1.0,0.0,0.014034584020491275,-1.2184705569895626,0.1755064440372791,3.0,2.0,0.0
2132,3.367295829986474,0.0,0.0,1.0,0.03479004610828606,-1.2184705569895626,0.45438185493316646,10.0,2.0,1.0
2133,3.6375861597263857,1.0,0.0,0.0,-0.7020288580084288,0.9297527208435102,-0.5129794461811669,10.0,4.0,1.0
2134,3.1780538303479458,0.0,1.0,0.0,1.4980501232978185,1.1284873665108002,0.43491904232669,3.0,2.0,0.0
2135,3.295836866004329,0.0,1.0,1.0,-0.6086292786133524,0.0019975367309797423,1.1672285566498,9.0,1.0,0.0
2136,3.7612001156935624,1.0,0.0,1.0,-1.1690267549838116,1.6271393867208086,0.07967163891447347,1.0,1.0,0.0
2137,3.58351893845611,1.0,0.0,1.0,-2.0096229695395005,1.1316308040747065,-1.6857230505442127,9.0,2.0,1.0
2138,3.4657359027997265,0.0,0.0,0.0,0.44989928786418176,0.4801225077728424,-0.015536898343934782,5.0,1.0,0.0
2139,4.02535169073515,0.0,0.0,0.0,-1.2624263343788882,0.7173386059873523,0.40066869275883726,4.0,1.0,1.0
2140,3.367295829986474,0.0,1.0,0.0,0.03479004610828606,0.6037697756529602,-0.41010043158416154,3.0,2.0,1.0
2141,3.5263605246161616,0.0,0.0,1.0,0.8961417227517697,0.2653687070244943,0.09365052183994943,4.0,1.0,0.0
2142,3.5263605246161616,0.0,0.0,1.0,-1.314314989598375,0.5881030224502779,1.2996061438202144,1.0,1.0,1.0
2143,3.871201010907891,0.0,0.0,0.0,-0.12087591955017483,0.21930765205913424,-1.5065118589058772,6.0,2.0,1.0
2144,3.4339872044851463,0.0,1.0,1.0,1.248984578244281,0.04084259884920972,-1.7150352380119491,4.0,1.0,0.0
2145,3.6635616461296463,0.0,1.0,1.0,-1.1690267549838116,-0.07431452164124393,-1.571011537470923,8.0,2.0,1.0
2146,3.713572066704308,1.0,0.0,0.0,-0.5671183544377627,0.4907987956656176,0.8821414100539314,9.0,2.0,0.0
2147,3.6635616461296463,0.0,0.0,0.0,-1.0444939824570427,-1.2184705569895626,-1.742405508273284,10.0,2.0,1.0
2148,3.295836866004329,0.0,0.0,1.0,-0.7020288580084288,-1.2184705569895626,0.8201162024067389,4.0,2.0,0.0
2149,4.110873864173311,0.0,0.0,1.0,0.3564997084691052,-1.2184705569895626,-0.4378846784654662,9.0,3.0,1.0
2150,3.4339872044851463,0.0,1.0,1.0,0.7404757570933088,-1.2184705569895626,1.1165099007021557,1.0,3.0,0.0
2151,3.5263605246161616,1.0,0.0,0.0,-0.9095834788863767,0.634985761395568,0.20723033654306602,2.0,1.0,1.0
2152,3.8918202981106265,0.0,1.0,0.0,-1.023738520369248,-1.2184705569895626,-1.2118568276409922,3.0,1.0,1.0
2153,3.7376696182833684,0.0,1.0,1.0,-1.127515830808222,-1.2184705569895626,0.7571721092339101,5.0,2.0,1.0
2154,3.6635616461296463,0.0,0.0,1.0,0.19045601176674695,-1.2184705569895626,-0.39236289827208176,7.0,2.0,1.0
2155,3.091042453358316,0.0,0.0,0.0,-0.34918600251591747,0.7938352710682391,-0.7418768732844165,2.0,1.0,0.0
2156,3.7612001156935624,0.0,0.0,1.0,-0.28691961625253315,1.1056105445270936,-0.491370596858905,3.0,1.0,0.0
2157,3.4657359027997265,0.0,1.0,0.0,-1.8850901970127316,0.4094503204436896,-0.963178759598085,2.0,2.0,0.0
2158,4.110873864173311,0.0,1.0,1.0,-2.4662431354709855,-1.2184705569895626,-0.11451677825826918,3.0,2.0,1.0
2159,3.6109179126442243,0.0,0.0,1.0,-2.2067998593735507,1.4319290800570699,0.4090308118421801,2.0,2.0,1.0
2160,3.713572066704308,0.0,1.0,1.0,1.062185419454128,1.353297349529502,-1.6843625435928216,2.0,1.0,1.0
2161,3.828641396489095,1.0,0.0,1.0,0.8131198744005905,1.229305044826167,1.0787876069410336,6.0,1.0,0.0
2162,3.6888794541139363,1.0,0.0,0.0,0.667831639786027,0.6276175040385169,-0.9893691704125012,10.0,1.0,0.0
2163,3.367295829986474,0.0,0.0,1.0,0.532921136215361,-1.2184705569895626,-1.7087640398995236,9.0,2.0,1.0
2164,3.9889840465642745,1.0,0.0,1.0,-1.397336837949554,0.5294952758015065,-0.7955303991795984,0.0,1.0,0.0
2165,3.6635616461296463,0.0,0.0,1.0,-1.3558259137739646,-1.2184705569895626,-0.8515509463701465,6.0,2.0,0.0
2166,3.828641396489095,1.0,0.0,0.0,-0.9407166720180689,1.4727426933314263,0.2658037685345438,2.0,2.0,1.0
2167,4.2626798770413155,1.0,0.0,0.0,-0.6190070096572498,-0.06861348861837296,0.08111803601717295,5.0,2.0,0.0
2168,3.6109179126442243,0.0,0.0,1.0,-1.3039372585544777,-1.2184705569895626,1.0478151663258428,1.0,1.0,0.0
2169,3.5553480614894135,0.0,1.0,0.0,0.20083374281064434,0.8778326043891472,-1.2551965807110594,5.0,4.0,1.0
2170,4.174387269895637,0.0,0.0,0.0,-0.5567406233938653,-1.2184705569895626,-1.5169855890978012,9.0,1.0,1.0
2171,3.9512437185814275,0.0,0.0,0.0,-2.134155742066269,0.46358203487443156,-0.5184317321222115,4.0,1.0,0.0
2172,3.4011973816621555,0.0,1.0,0.0,0.7300980260494114,-1.2184705569895626,0.723316437081988,9.0,2.0,1.0
2173,3.784189633918261,1.0,0.0,0.0,-0.8058061684474028,1.0446736792391866,-0.004239909313054181,3.0,1.0,1.0
2174,4.07753744390572,0.0,1.0,0.0,0.3149887842935157,-1.2184705569895626,1.3145143442735099,4.0,1.0,0.0
2175,3.5553480614894135,0.0,1.0,0.0,-0.28691961625253315,-1.2184705569895626,-1.73603642320704,6.0,1.0,0.0
2176,3.713572066704308,0.0,0.0,1.0,-1.0133607893253507,-1.2184705569895626,1.188357186138229,4.0,1.0,1.0
2177,3.713572066704308,0.0,1.0,1.0,1.5603165095612028,-1.2184705569895626,-0.32205676729187216,4.0,2.0,1.0
2178,3.4657359027997265,0.0,0.0,1.0,-1.023738520369248,-1.2184705569895626,0.4201548035035228,6.0,2.0,0.0
2179,3.784189633918261,0.0,0.0,0.0,-1.1378935618521193,1.1130236326546787,-1.5662008196641444,8.0,1.0,1.0
2180,3.4657359027997265,0.0,0.0,0.0,1.9650480202732012,1.3865438489575097,0.45836948776769104,3.0,2.0,1.0
2181,3.7376696182833684,0.0,0.0,0.0,-0.1831423058135592,-0.1262970809545651,-1.635195995703333,8.0,1.0,1.0
2182,3.713572066704308,0.0,1.0,0.0,0.5017879430836688,-1.2184705569895626,1.7268906951082381,2.0,2.0,0.0
2183,3.4965075614664802,0.0,1.0,0.0,-0.08974272641848266,-1.2184705569895626,0.5367343404344157,2.0,1.0,0.0
2184,3.58351893845611,1.0,0.0,0.0,0.6470761776982322,0.8001538479552157,-0.8080811410061957,6.0,2.0,1.0
2185,3.4339872044851463,0.0,0.0,0.0,-0.6916511269645315,-1.2184705569895626,0.648981814592036,6.0,2.0,1.0
2186,3.8501476017100584,0.0,0.0,1.0,-0.6501402027889419,-1.2184705569895626,1.221333266639405,9.0,2.0,0.0
2187,4.219507705176107,1.0,0.0,1.0,0.38763290160079744,1.2967723123918238,-0.016365720917389276,9.0,1.0,1.0
2188,3.2188758248682006,0.0,0.0,1.0,0.1281896255033626,-1.2184705569895626,-1.1270029218829165,7.0,1.0,1.0
2189,3.6109179126442243,0.0,0.0,0.0,-0.2765418852086357,0.8620677038209743,1.712300322988124,8.0,2.0,0.0
2190,3.4965075614664802,0.0,0.0,1.0,-2.134155742066269,-1.2184705569895626,0.5713546783463659,8.0,2.0,0.0
2191,3.8501476017100584,1.0,0.0,0.0,0.33574424638131045,0.42994310609435615,0.9337692149918404,3.0,2.0,0.0
2192,3.5263605246161616,0.0,0.0,1.0,2.058447599668278,-1.2184705569895626,-1.661636600703443,10.0,1.0,0.0
2193,3.784189633918261,0.0,0.0,1.0,0.9895413021468462,0.87558610245571,0.018494379178071063,1.0,1.0,1.0
2194,4.04305126783455,0.0,0.0,0.0,-0.494474237130481,-0.21405875801127555,0.4263780144059053,0.0,1.0,1.0
2195,3.6888794541139363,0.0,1.0,0.0,-0.20389776790135397,0.34827473130268893,-0.11987952284724163,5.0,2.0,0.0
2196,3.6375861597263857,1.0,0.0,1.0,0.03479004610828606,0.7243387706963405,1.3876327691756047,9.0,1.0,1.0
2197,3.6635616461296463,0.0,1.0,1.0,0.8650085296200775,0.16058334540697444,-0.12087786545617298,7.0,2.0,0.0
2198,4.110873864173311,0.0,0.0,0.0,-0.19352003685745658,-0.10786426920993551,-1.5672874865582267,8.0,1.0,1.0
2199,2.995732273553991,0.0,1.0,1.0,-0.3803191956476097,-1.2184705569895626,1.034326587502977,5.0,2.0,0.0
2200,3.8501476017100584,1.0,0.0,0.0,-0.1831423058135592,0.7611659678108562,-0.8816107606610113,5.0,1.0,1.0
2201,3.8066624897703196,0.0,0.0,0.0,-0.8680725547107871,-1.2184705569895626,-0.6617474474484051,7.0,2.0,0.0
2202,3.9512437185814275,0.0,0.0,0.0,-0.9303389409741715,0.7775000590549159,-0.6092433543271077,1.0,1.0,1.0
2203,3.4339872044851463,0.0,0.0,1.0,1.8820261719220222,-1.2184705569895626,0.7203181057878357,1.0,2.0,0.0
2204,3.7376696182833684,0.0,0.0,1.0,0.4083883636885922,-1.2184705569895626,-0.757717520866186,2.0,1.0,1.0
2205,3.4965075614664802,0.0,0.0,0.0,2.058447599668278,-1.2184705569895626,0.9527149480234369,7.0,2.0,0.0
2206,3.6635616461296463,0.0,0.0,0.0,-0.6812733959206341,-1.2184705569895626,-0.23059644841788446,2.0,2.0,0.0
2207,3.4011973816621555,0.0,1.0,0.0,0.36687743951300267,0.2804313655942312,0.2194133502927055,7.0,1.0,1.0
2208,3.6635616461296463,0.0,1.0,1.0,0.6989648329177193,-1.2184705569895626,0.45979362993239975,0.0,1.0,0.0
2209,4.07753744390572,1.0,0.0,0.0,-2.2586885145930378,0.7957284104639317,-0.6874600725628311,9.0,2.0,0.0
2210,3.5553480614894135,0.0,0.0,0.0,0.4706547499519766,0.8078629792782199,-0.47112416702176796,2.0,1.0,0.0
2211,3.4339872044851463,0.0,0.0,1.0,0.5744320603909505,-1.2184705569895626,-1.1696346897381509,8.0,2.0,0.0
2212,3.332204510175204,1.0,0.0,1.0,-0.24540869207694355,0.3158063659632353,0.9661019886917197,5.0,2.0,0.0
2213,4.110873864173311,1.0,0.0,0.0,-0.5671183544377627,0.03902999473058348,-0.9028621400417959,0.0,1.0,1.0
2214,3.8918202981106265,0.0,0.0,0.0,-0.8784502857546845,-1.2184705569895626,-0.7835970580155432,3.0,1.0,0.0
2215,3.4965075614664802,0.0,0.0,0.0,1.5499387785173055,-0.014915832112337157,-1.0872369988941077,4.0,1.0,1.0
2216,3.4011973816621555,0.0,1.0,0.0,0.4187660947324896,-1.2184705569895626,0.6684992213432709,4.0,2.0,0.0
2217,3.5263605246161616,0.0,0.0,0.0,-0.08974272641848266,0.9880319219882256,1.4678800766362865,0.0,1.0,1.0
2218,3.4011973816621555,1.0,0.0,1.0,-0.785050706359608,0.8721685567519668,1.2726780165847433,7.0,1.0,1.0
2219,3.7612001156935624,1.0,0.0,0.0,1.2593623092881785,1.2203979712705368,1.239703153150489,8.0,2.0,0.0
2220,3.58351893845611,0.0,0.0,0.0,-1.0133607893253507,0.6661378632901648,-0.08961332877985277,6.0,2.0,0.0
2221,3.7376696182833684,0.0,1.0,0.0,1.2593623092881785,-1.2184705569895626,-1.254698452606812,5.0,1.0,0.0
2222,3.9318256327243257,0.0,0.0,1.0,-0.7227843200962236,1.166238237608211,0.28710626472602596,2.0,1.0,1.0
2223,3.367295829986474,0.0,1.0,0.0,1.010296764234641,-1.2184705569895626,-1.6868997803904768,3.0,1.0,0.0
2224,4.07753744390572,0.0,0.0,1.0,-0.5463628923499679,-1.2184705569895626,1.3209672330906255,4.0,1.0,0.0
2225,3.5263605246161616,0.0,0.0,1.0,1.0414299573663333,-1.2184705569895626,-1.0581616178759299,4.0,2.0,1.0
2226,3.6888794541139363,1.0,0.0,0.0,-0.2765418852086357,0.8604805344341762,-0.06931039226422318,10.0,1.0,1.0
2227,3.4339872044851463,0.0,0.0,1.0,0.8857639917078723,1.573143605590722,-1.1910354206168583,8.0,1.0,0.0
2228,3.4339872044851463,0.0,1.0,0.0,0.014034584020491275,0.19439183056560488,-0.06560042455447453,2.0,2.0,1.0
2229,4.02535169073515,0.0,0.0,0.0,0.719720295005514,-0.513652550456676,-0.6010031158026052,3.0,1.0,0.0
2230,3.713572066704308,0.0,1.0,0.0,0.36687743951300267,-1.2184705569895626,-1.6034670610631576,1.0,2.0,0.0
2231,3.2188758248682006,0.0,0.0,1.0,0.4083883636885922,-1.2184705569895626,-0.13248798841925252,6.0,2.0,1.0
2232,3.4339872044851463,0.0,0.0,0.0,-0.4840965060865836,0.9497746232936753,1.4950373601863813,9.0,1.0,1.0
2233,3.713572066704308,0.0,0.0,1.0,-0.5256074302621732,0.8285001840539639,1.2659997965204706,10.0,1.0,0.0
2234,3.7376696182833684,0.0,0.0,0.0,0.3046110532496183,0.7116428565910086,1.3090601457987312,0.0,2.0,0.0
2235,4.007333185232471,0.0,1.0,0.0,0.10743416341556782,1.791549833258432,0.19145193324098964,1.0,1.0,0.0
2236,3.5553480614894135,0.0,0.0,1.0,-0.7435397821840184,-1.2184705569895626,1.0373586489375213,6.0,2.0,1.0
2237,3.6888794541139363,0.0,0.0,1.0,-0.785050706359608,0.13798015123342006,1.575789924286135,9.0,1.0,0.0
2238,3.6888794541139363,0.0,1.0,0.0,-2.3520880939881144,-1.2184705569895626,0.7043371477767024,5.0,2.0,0.0
2239,3.6109179126442243,0.0,0.0,1.0,-0.3803191956476097,-1.2184705569895626,-1.276520462507017,6.0,1.0,1.0
2240,4.0943445622221,0.0,0.0,0.0,-1.314314989598375,-0.3326081268420994,-0.2971131546050502,6.0,1.0,0.0
2241,4.0943445622221,1.0,0.0,1.0,-2.165288935197961,0.557777407832454,-0.4796062541302174,4.0,1.0,0.0
2242,3.4965075614664802,0.0,0.0,0.0,0.5951875224787453,-1.2184705569895626,0.16082670443179556,2.0,2.0,0.0
2243,4.276666119016055,0.0,0.0,1.0,-0.20389776790135397,0.11230973180586692,-1.2663325691749128,3.0,1.0,1.0
2244,3.970291913552122,0.0,1.0,1.0,-0.2765418852086357,0.7214460652276347,-0.8944226502755943,8.0,1.0,0.0
2245,3.58351893845611,0.0,0.0,0.0,0.08667870132777303,0.3949371590327837,-1.412348434399522,6.0,1.0,0.0
2246,3.784189633918261,0.0,0.0,0.0,-0.5463628923499679,-1.2184705569895626,1.215603141706881,4.0,1.0,0.0
2247,3.8501476017100584,1.0,0.0,0.0,1.7159824752196637,0.207914712277394,-0.2171497714704543,0.0,1.0,1.0
2248,3.295836866004329,0.0,0.0,0.0,-1.469980955256836,0.9624516444314246,1.0312215020531499,6.0,1.0,0.0
2249,3.4011973816621555,0.0,1.0,1.0,-0.6397624717450445,-1.2184705569895626,-0.8436633095194357,10.0,1.0,1.0
2250,3.4011973816621555,0.0,0.0,0.0,-0.12087591955017483,-1.2184705569895626,-1.6984620900102165,3.0,2.0,0.0
2251,3.9889840465642745,0.0,1.0,1.0,0.9272749158834619,-1.2184705569895626,-1.0695863989335546,3.0,2.0,1.0
2252,3.6635616461296463,1.0,0.0,1.0,-0.6501402027889419,0.258050243844715,-0.02302551111113831,8.0,1.0,0.0
2253,3.871201010907891,0.0,0.0,0.0,-0.836939361579095,-1.2184705569895626,0.20752191100408604,7.0,2.0,0.0
2254,3.367295829986474,1.0,0.0,1.0,-0.785050706359608,0.6922215263561043,-0.7207546768640006,1.0,2.0,1.0
2255,3.713572066704308,1.0,0.0,0.0,0.33574424638131045,0.9802649909932115,1.5047347755491727,6.0,1.0,0.0
2256,3.5263605246161616,1.0,0.0,1.0,0.003656852976593882,0.8331134304518064,1.008538851972832,7.0,1.0,0.0
2257,3.4657359027997265,0.0,0.0,1.0,1.5706942406051003,1.2971898789973686,0.71058000561653,9.0,2.0,0.0
2258,4.04305126783455,0.0,1.0,0.0,0.9168971848395645,0.36817575078230697,-0.26800943331427474,4.0,1.0,1.0
2259,3.7376696182833684,1.0,0.0,1.0,1.5706942406051003,0.9869295653627737,1.1566748477744717,9.0,2.0,1.0
2260,3.2188758248682006,1.0,0.0,1.0,0.4187660947324896,0.7124056201296655,1.3919636148819563,2.0,1.0,1.0
2261,3.912023005428146,0.0,1.0,0.0,-0.06898726433068787,0.5448605420723477,1.5171368613446592,5.0,3.0,1.0
2262,3.332204510175204,0.0,0.0,0.0,-1.9888675074517057,-1.2184705569895626,0.9687642356488699,7.0,2.0,0.0
2263,4.174387269895637,0.0,0.0,0.0,-1.4907364173446307,-1.2184705569895626,-1.640513534949512,2.0,1.0,1.0
2264,4.02535169073515,1.0,0.0,0.0,-0.5048519681743784,0.8265050546553064,0.6787377098859636,7.0,2.0,0.0
2265,4.007333185232471,0.0,0.0,1.0,0.4187660947324896,-1.2184705569895626,-0.2035883424990092,5.0,2.0,1.0
2266,3.367295829986474,1.0,0.0,0.0,-0.6916511269645315,0.9484165711662847,-1.0439944373110475,9.0,2.0,1.0
2267,3.4965075614664802,1.0,0.0,1.0,1.0414299573663333,0.6321995290068805,0.02166675104197956,9.0,2.0,1.0
2268,3.6635616461296463,0.0,0.0,1.0,-0.9718498651497611,0.5907859839568423,0.9117761202558315,8.0,1.0,1.0
2269,3.2188758248682006,0.0,0.0,1.0,-0.8265616305351976,-1.2184705569895626,0.887233965786359,1.0,2.0,1.0
2270,3.4965075614664802,0.0,0.0,0.0,-2.0718893558028846,-1.2184705569895626,-0.43730778874473586,5.0,2.0,1.0
2271,3.4011973816621555,0.0,0.0,0.0,0.38763290160079744,0.023290391525783303,0.3923644712876109,1.0,2.0,1.0
2272,3.295836866004329,0.0,0.0,1.0,-0.10012045746238005,-1.2184705569895626,-0.9207738877903349,0.0,1.0,0.0
2273,3.6375861597263857,1.0,0.0,0.0,0.13856735654726,0.5733453732300668,0.17262164770022045,3.0,1.0,1.0
2274,3.5553480614894135,0.0,0.0,1.0,1.352761888683255,-1.2184705569895626,1.4359611056896735,9.0,1.0,0.0
2275,3.713572066704308,0.0,1.0,0.0,-0.152009112681867,-1.2184705569895626,1.4114379026908344,6.0,2.0,1.0
2276,4.127134385045092,0.0,1.0,0.0,1.3838950818149471,0.8606480093840997,1.2133032329588935,4.0,2.0,0.0
2277,3.8066624897703196,0.0,0.0,1.0,-0.6605179338328393,1.2537821652080419,-0.8885850757205837,8.0,1.0,0.0
2278,3.9318256327243257,0.0,1.0,0.0,2.058447599668278,-1.2184705569895626,-1.1595074758854123,10.0,2.0,1.0
2279,3.6375861597263857,0.0,0.0,1.0,0.2631001290740287,0.19630898644551217,0.304527708371955,3.0,1.0,1.0
2280,3.9318256327243257,0.0,1.0,1.0,-0.24540869207694355,-1.2184705569895626,0.7638927527737275,8.0,1.0,0.0
2281,3.4657359027997265,0.0,0.0,1.0,-0.7020288580084288,-1.2184705569895626,-1.198932967869643,5.0,2.0,0.0
2282,3.367295829986474,0.0,1.0,1.0,-0.7746729753157106,-1.2184705569895626,0.7448992063987918,7.0,1.0,0.0
2283,3.4339872044851463,1.0,0.0,1.0,0.4083883636885922,0.6536606593010812,-1.3775963055266578,7.0,1.0,0.0
2284,3.367295829986474,1.0,0.0,1.0,0.1178118944594652,0.7616770385949437,-0.2163960593127189,8.0,2.0,1.0
2285,3.58351893845611,0.0,0.0,1.0,-1.656780114046989,0.7198757073797868,-0.26097061370786967,8.0,1.0,0.0
2286,3.367295829986474,0.0,0.0,1.0,-0.42183011982319923,-1.2184705569895626,-1.3046168001203022,2.0,2.0,0.0
2287,3.784189633918261,0.0,0.0,1.0,0.014034584020491275,-1.2184705569895626,-1.2617282311446583,0.0,2.0,0.0
2288,3.5553480614894135,0.0,1.0,1.0,-0.12087591955017483,0.9834090689966971,-1.3156481208289177,1.0,1.0,0.0
2289,3.6109179126442243,0.0,1.0,1.0,0.8961417227517697,-1.2184705569895626,-0.061722153876170006,5.0,2.0,1.0
2290,3.5263605246161616,0.0,1.0,0.0,1.6329606268684846,-1.2184705569895626,0.7127750727425765,3.0,2.0,1.0
2291,3.4965075614664802,1.0,0.0,1.0,-1.6982910382225787,0.6154342618162205,-0.1367152095705844,3.0,1.0,0.0
2292,3.332204510175204,1.0,0.0,1.0,2.058447599668278,0.40309443795123295,-1.2895016982903738,1.0,2.0,1.0
2293,3.6888794541139363,0.0,0.0,0.0,0.9999190331907436,1.3012035138393194,-0.04689167183913962,3.0,1.0,1.0
2294,3.784189633918261,1.0,0.0,1.0,-1.023738520369248,0.14567887541326469,1.0456830389463017,6.0,2.0,1.0
2295,3.332204510175204,0.0,0.0,0.0,-1.2728040654227855,-1.2184705569895626,-1.089471533761747,1.0,2.0,1.0
2296,3.5553480614894135,0.0,0.0,1.0,-0.1831423058135592,1.103617976886753,-1.0190438699561033,3.0,1.0,1.0
2297,3.6635616461296463,0.0,0.0,1.0,-0.10012045746238005,-1.2184705569895626,1.2350193580369389,3.0,2.0,0.0
2298,2.9444389791664403,0.0,0.0,1.0,1.9961812134048933,1.358979009255106,0.7911802624844095,2.0,1.0,0.0
2299,3.9318256327243257,0.0,0.0,0.0,0.44989928786418176,-1.2184705569895626,0.45118948839840695,8.0,1.0,0.0
2300,3.6109179126442243,0.0,0.0,1.0,0.481032480995874,0.09883920602966602,-0.1248715836253048,2.0,2.0,1.0
2301,3.6635616461296463,1.0,0.0,0.0,-2.082267086846782,-0.23407537683491325,1.1667737213546128,9.0,1.0,1.0
2302,3.7376696182833684,0.0,1.0,0.0,-0.1727645747696618,-1.2184705569895626,-0.6682930072182482,10.0,2.0,1.0
2303,3.4657359027997265,0.0,1.0,0.0,-1.4388477621251439,1.5811063509870324,-0.28153643667851536,5.0,1.0,0.0
2304,3.7376696182833684,0.0,1.0,0.0,0.33574424638131045,0.9298369386481564,1.340084050958026,1.0,1.0,0.0
2305,3.2188758248682006,0.0,0.0,1.0,-0.785050706359608,-1.2184705569895626,-0.38134618236652307,3.0,1.0,1.0
2306,3.58351893845611,0.0,0.0,1.0,-0.4840965060865836,-1.2184705569895626,-0.9601739952359198,6.0,2.0,1.0
2307,3.6635616461296463,1.0,0.0,1.0,0.36687743951300267,0.664954651167857,-0.20924318314911078,4.0,1.0,1.0
2308,3.5263605246161616,0.0,0.0,0.0,-0.152009112681867,0.6053977730629231,-0.610529272462889,9.0,1.0,1.0
2309,3.9318256327243257,0.0,0.0,0.0,-1.7501796934420655,-1.2184705569895626,0.18410658663710175,9.0,2.0,1.0
2310,3.332204510175204,0.0,1.0,1.0,0.27347786011792613,-1.2184705569895626,-1.516292208686025,2.0,2.0,1.0
2311,3.7376696182833684,0.0,0.0,0.0,1.4772946612100237,-1.2184705569895626,-0.4547693955990701,7.0,2.0,1.0
2312,3.4011973816621555,1.0,0.0,0.0,0.36687743951300267,0.04542334293841493,0.37734760414490753,4.0,1.0,0.0
2313,3.5553480614894135,1.0,0.0,0.0,-1.7398019623981682,1.1551512678353655,-1.1595695462984021,4.0,1.0,1.0
2314,3.828641396489095,1.0,0.0,1.0,-1.0652494445448377,0.7707496657817602,0.7987648496716988,6.0,1.0,1.0
2315,3.6888794541139363,0.0,1.0,1.0,2.058447599668278,1.0523627968253455,-0.13358404411529967,0.0,1.0,1.0
2316,4.0943445622221,0.0,0.0,1.0,-0.36994146460371224,1.244997895941696,-1.4384307001246392,5.0,1.0,1.0
2317,3.784189633918261,0.0,1.0,1.0,1.5706942406051003,-1.2184705569895626,-0.4934310911567882,3.0,1.0,0.0
2318,3.5553480614894135,0.0,0.0,1.0,-1.6982910382225787,-1.2184705569895626,0.4441958741347956,3.0,2.0,1.0
2319,3.6888794541139363,0.0,1.0,1.0,1.3631396197271524,-1.2184705569895626,0.7532162940060437,9.0,2.0,0.0
2320,3.1354942159291497,0.0,0.0,0.0,1.1140740746736149,-1.2184705569895626,-1.3583878599067483,5.0,1.0,0.0
2321,3.58351893845611,0.0,1.0,1.0,-0.8576948236668898,0.6543244749247739,-0.10331976258164417,3.0,1.0,0.0
2322,3.8066624897703196,0.0,0.0,1.0,0.04516777715218345,1.080251538844857,0.4696635210646198,10.0,1.0,0.0
2323,3.6888794541139363,0.0,0.0,0.0,1.217851385112589,-1.2184705569895626,-1.3807674603236448,8.0,1.0,1.0
2324,3.8918202981106265,1.0,0.0,0.0,0.3046110532496183,1.0147451371603782,1.0979748408231713,8.0,1.0,1.0
2325,3.6635616461296463,1.0,0.0,0.0,0.055545508196080846,0.7632169755627864,-0.9286503971720501,5.0,1.0,0.0
2326,4.060443010546419,0.0,1.0,0.0,0.3046110532496183,1.556332066640475,0.5482603119132176,2.0,1.0,1.0
2327,3.1354942159291497,0.0,1.0,1.0,-1.1171380997643245,-1.2184705569895626,-0.5289654463266887,4.0,2.0,0.0
2328,3.4339872044851463,0.0,0.0,0.0,0.5951875224787453,-1.2184705569895626,1.0598380488419705,5.0,2.0,1.0
2329,3.6635616461296463,0.0,0.0,1.0,1.3631396197271524,0.608946448770478,0.918688886502523,9.0,1.0,0.0
2330,3.4339872044851463,0.0,0.0,1.0,-0.7227843200962236,-1.2184705569895626,0.5493954876174519,2.0,2.0,1.0
2331,3.8918202981106265,0.0,0.0,1.0,1.6018274337367924,1.418566308240045,-1.3734043793160455,4.0,1.0,1.0
2332,4.1588830833596715,0.0,0.0,1.0,0.6470761776982322,0.9923614536525459,1.151801711821297,4.0,1.0,1.0
2333,3.5553480614894135,1.0,0.0,0.0,-2.663420025305036,0.478879894879577,-1.4440450298329297,5.0,1.0,1.0
2334,3.9889840465642745,0.0,0.0,1.0,-1.708668769266476,1.9787557659532216,-1.3252716428429114,4.0,1.0,1.0
2335,3.6375861597263857,0.0,0.0,1.0,-0.1831423058135592,0.6283307936196917,1.188387786677966,5.0,2.0,0.0
2336,3.295836866004329,0.0,0.0,0.0,1.3320064265954603,1.028779089656255,0.2905809907865437,3.0,1.0,0.0
2337,3.828641396489095,1.0,0.0,1.0,-0.4737187750426862,-0.1964501920048923,-0.11689909982350398,5.0,1.0,1.0
2338,3.828641396489095,0.0,0.0,1.0,-0.9614721341058636,-0.8335111320625989,1.2057683716486778,8.0,1.0,1.0
2339,3.713572066704308,0.0,0.0,1.0,0.9999190331907436,0.3073304683542051,1.2359236387595187,3.0,1.0,0.0
2340,3.713572066704308,0.0,0.0,0.0,-1.8228238107493473,-1.2184705569895626,1.4277194762315468,4.0,2.0,0.0
2341,3.8066624897703196,0.0,0.0,1.0,0.8857639917078723,-1.2184705569895626,-0.7395022018541162,7.0,2.0,0.0
2342,3.258096538021482,0.0,0.0,1.0,-0.24540869207694355,-1.2184705569895626,1.661234802967889,7.0,2.0,1.0
2343,3.4965075614664802,0.0,0.0,1.0,-1.2728040654227855,1.1430525636375046,-1.1609938623298142,9.0,1.0,0.0
2344,3.4965075614664802,0.0,0.0,1.0,0.5848097914348479,0.16830624618092818,1.2465889700582073,10.0,2.0,1.0
2345,3.713572066704308,1.0,0.0,1.0,-0.21427549894525139,0.509906950946363,-0.8342414728809836,3.0,1.0,0.0
2346,3.4657359027997265,0.0,1.0,1.0,-1.5426250725641177,-1.2184705569895626,-1.3698302015013812,4.0,2.0,1.0
2347,3.5553480614894135,0.0,0.0,1.0,0.08667870132777303,-1.2184705569895626,-1.5776440305922927,1.0,2.0,0.0
2348,3.5263605246161616,0.0,1.0,1.0,-0.6605179338328393,-1.2184705569895626,-1.5291181815035555,2.0,2.0,1.0
2349,3.8066624897703196,0.0,0.0,0.0,-0.7124065890523262,-1.2184705569895626,-1.2692211905794384,8.0,2.0,1.0
2350,3.332204510175204,0.0,1.0,1.0,-1.7916906176176552,1.5428399260284809,-1.0452174157003236,2.0,1.0,1.0
2351,4.060443010546419,0.0,0.0,0.0,-0.4322078508670966,-0.06419109321508959,0.2225064389400218,7.0,4.0,1.0
2352,3.784189633918261,0.0,0.0,1.0,-0.6397624717450445,-1.2184705569895626,0.751052349019844,8.0,2.0,1.0
2353,3.4339872044851463,0.0,1.0,0.0,0.8442530675322827,0.11555355827379082,-0.7417516892582183,0.0,1.0,0.0
2354,3.4011973816621555,0.0,0.0,1.0,-1.8643347349249368,0.4225000774164503,1.404725952486169,8.0,1.0,1.0
2355,4.060443010546419,0.0,0.0,1.0,-1.075627175588735,0.0010168636255486775,0.5756072840363436,6.0,1.0,1.0
2356,3.367295829986474,0.0,0.0,0.0,-1.9784897764078082,-1.2184705569895626,0.05074213206015732,8.0,1.0,1.0
2357,3.6109179126442243,0.0,0.0,1.0,1.2904955024198705,-1.2184705569895626,-0.8163655416732737,1.0,2.0,0.0
2358,3.7612001156935624,0.0,0.0,1.0,0.16970054967895218,1.1905600513921648,0.13401541562077637,3.0,1.0,0.0
2359,3.4011973816621555,0.0,0.0,0.0,-1.7398019623981682,0.8647895720319667,1.1055592541437573,4.0,1.0,0.0
2360,3.5553480614894135,0.0,0.0,1.0,-1.366203644817862,0.9271285196683242,1.613097372093772,4.0,1.0,1.0
2361,3.6375861597263857,0.0,0.0,1.0,0.532921136215361,0.4780807863948085,-0.4567911176221725,8.0,2.0,1.0
2362,3.5553480614894135,0.0,0.0,1.0,1.3112509645076653,1.0080826442194482,-0.5647532991496407,5.0,2.0,0.0
2363,3.970291913552122,0.0,0.0,1.0,-0.5878738165255575,-1.2184705569895626,0.10274427200974007,9.0,1.0,1.0
2364,3.4011973816621555,0.0,0.0,1.0,-1.656780114046989,1.0965897929461808,1.6667291646510727,1.0,1.0,1.0
2365,3.58351893845611,0.0,0.0,1.0,-0.13125365059407224,-1.2184705569895626,1.2179816382046484,8.0,2.0,0.0
2366,3.367295829986474,0.0,0.0,1.0,0.13856735654726,1.8460779797886104,-0.29892710591800414,8.0,2.0,0.0
2367,3.713572066704308,0.0,0.0,1.0,0.02441231506438867,-1.2184705569895626,1.4507714191891499,6.0,1.0,0.0
2368,3.7376696182833684,0.0,1.0,1.0,0.32536651533741306,1.1649760913077847,1.1037063566893193,0.0,1.0,1.0
2369,3.6888794541139363,0.0,1.0,0.0,0.5536765983031557,1.0887501720589439,-1.5430483817521765,8.0,1.0,1.0
2370,3.970291913552122,0.0,0.0,1.0,0.6885871018738219,0.054007634946200624,-1.1824669217569914,8.0,3.0,1.0
2371,3.970291913552122,0.0,0.0,1.0,-0.9614721341058636,-1.2184705569895626,0.4969510307753016,2.0,1.0,0.0
2372,3.4965075614664802,0.0,0.0,0.0,-0.6916511269645315,1.0984136047574404,1.2353450103717578,8.0,2.0,0.0
2373,3.6888794541139363,0.0,0.0,0.0,0.10743416341556782,0.9927551638837712,-1.4054438398878741,5.0,1.0,0.0
2374,3.871201010907891,1.0,0.0,0.0,-1.314314989598375,0.6722300447859447,-0.2140387745527238,1.0,1.0,0.0
2375,3.4965075614664802,0.0,0.0,0.0,1.2697400403320758,-1.2184705569895626,0.2515475682176981,4.0,2.0,0.0
2376,3.6109179126442243,0.0,1.0,0.0,-0.11049818850627745,-1.2184705569895626,0.02764654856008758,1.0,2.0,0.0
2377,3.7376696182833684,0.0,0.0,0.0,-1.4492254931690411,-1.2184705569895626,0.0013304321193637952,6.0,1.0,1.0
2378,3.6888794541139363,0.0,1.0,0.0,1.3942728128588446,-1.2184705569895626,0.008663781920740951,7.0,2.0,0.0
2379,3.828641396489095,0.0,0.0,0.0,0.03479004610828606,-1.2184705569895626,1.1544648281119625,0.0,2.0,0.0
2380,3.6109179126442243,0.0,0.0,0.0,-1.6671578450908864,-0.36397797819357575,0.06090255445317909,0.0,1.0,1.0
2381,3.871201010907891,0.0,1.0,1.0,0.04516777715218345,-1.2184705569895626,1.6957330864542954,1.0,2.0,1.0
2382,3.8918202981106265,0.0,1.0,1.0,1.0414299573663333,0.6397661625235443,0.9769064133528509,5.0,1.0,0.0
2383,3.4339872044851463,1.0,0.0,1.0,0.7508534881372062,0.6278373349240282,-1.4816009331592295,7.0,1.0,0.0
2384,4.276666119016055,0.0,1.0,0.0,-0.494474237130481,-1.2184705569895626,0.5138267068403467,10.0,2.0,1.0
2385,3.258096538021482,0.0,0.0,0.0,0.33574424638131045,-1.2184705569895626,0.7745271357992726,1.0,2.0,1.0
2386,3.6375861597263857,0.0,0.0,0.0,1.3320064265954603,-1.2184705569895626,1.4209346758783021,3.0,2.0,0.0
2387,3.4339872044851463,1.0,0.0,0.0,-0.6605179338328393,0.5451157572446019,-1.6454812543891475,0.0,1.0,0.0
2388,3.871201010907891,1.0,0.0,0.0,-0.8161838994913002,1.2235651050988685,1.1059101171505183,4.0,1.0,1.0
2389,3.58351893845611,0.0,0.0,1.0,0.667831639786027,1.0939785606724706,0.5859544392684446,4.0,1.0,0.0
2390,3.6375861597263857,0.0,0.0,1.0,-1.1897822170716064,-1.2184705569895626,-1.3879425914252437,3.0,2.0,1.0
2391,4.189654742026425,0.0,0.0,1.0,0.22158920489843914,-1.2184705569895626,-0.25554858057315605,0.0,1.0,1.0
2392,3.6375861597263857,0.0,1.0,0.0,-0.3906969266915071,-1.2184705569895626,-0.6677905324464245,9.0,2.0,1.0
2393,4.04305126783455,0.0,0.0,0.0,-0.5152296992182758,0.6371265907984609,-1.673556032531254,3.0,3.0,0.0
2394,3.4339872044851463,0.0,0.0,0.0,-0.3076750783403279,1.320629327151277,0.7286972638080776,2.0,3.0,0.0
2395,3.713572066704308,0.0,0.0,1.0,-0.05860953328679048,0.28144582188745726,1.3742766767804653,5.0,2.0,1.0
2396,3.5553480614894135,0.0,1.0,1.0,0.7093425639616167,-1.2184705569895626,-0.40656137484351396,3.0,2.0,1.0
2397,3.912023005428146,1.0,0.0,1.0,1.2074736540686914,0.9171498305870369,0.034180980860935406,1.0,1.0,0.0
2398,3.6635616461296463,0.0,0.0,1.0,-0.5982515475694549,-1.2184705569895626,1.5031254653457125,4.0,2.0,0.0
2399,3.912023005428146,0.0,1.0,0.0,-0.5463628923499679,-1.2184705569895626,0.1870673627233943,2.0,2.0,0.0
2400,4.330733340286331,0.0,0.0,0.0,0.04516777715218345,-1.2184705569895626,-1.7239652057474637,3.0,2.0,1.0
2401,3.784189633918261,0.0,1.0,0.0,0.34612197742520784,0.659660457387582,-0.5516713945452163,6.0,1.0,0.0
2402,4.330733340286331,1.0,0.0,0.0,-0.12087591955017483,0.4836242712812315,0.22598290366757015,1.0,2.0,1.0
2403,3.5553480614894135,0.0,0.0,1.0,-0.5359851613060705,-1.2184705569895626,-1.6808573908592694,0.0,2.0,1.0
2404,3.295836866004329,1.0,0.0,0.0,-0.7124065890523262,-0.05230117232000121,-0.06327252326729546,10.0,2.0,0.0
2405,3.295836866004329,0.0,0.0,0.0,0.36687743951300267,-1.2184705569895626,-1.1739855301153541,6.0,2.0,1.0
2406,3.332204510175204,0.0,0.0,0.0,-0.13125365059407224,-1.2184705569895626,0.4314135418597315,2.0,2.0,0.0
2407,3.4965075614664802,0.0,0.0,0.0,0.37725517055690005,-1.2184705569895626,1.3418420171925967,5.0,2.0,1.0
2408,3.6109179126442243,0.0,0.0,0.0,0.2527223980301313,0.24992274536669165,-0.08759160675675037,3.0,1.0,1.0
2409,3.4657359027997265,0.0,0.0,0.0,0.5744320603909505,0.10704611901549202,-0.1566121673345847,2.0,2.0,0.0
2410,3.8501476017100584,0.0,1.0,1.0,1.8197597856586376,1.7159646738084382,-1.5121364467496479,1.0,1.0,1.0
2411,3.9889840465642745,0.0,1.0,0.0,-0.03785407119899569,0.5619740482841199,0.3670500009231766,6.0,1.0,1.0
2412,3.7376696182833684,1.0,0.0,1.0,0.003656852976593882,1.334226019524552,1.3551629885137193,9.0,1.0,0.0
2413,3.6888794541139363,0.0,1.0,0.0,-0.9614721341058636,-1.2184705569895626,0.36024850936643926,2.0,2.0,1.0
2414,3.58351893845611,0.0,1.0,0.0,-0.25578642312084093,-1.2184705569895626,1.5176297734478152,7.0,1.0,0.0
2415,3.6375861597263857,0.0,0.0,1.0,-1.1897822170716064,-1.2184705569895626,-1.4366409162834097,6.0,1.0,1.0
2416,3.6375861597263857,0.0,0.0,0.0,-0.2765418852086357,0.6371297929963561,-0.9031512803689733,7.0,1.0,0.0
2417,4.07753744390572,0.0,1.0,1.0,1.5499387785173055,0.06168186231214612,-1.2161471624055327,1.0,2.0,1.0
2418,3.4339872044851463,1.0,0.0,1.0,0.055545508196080846,1.0192594356432565,-1.3407454316812386,1.0,2.0,1.0
2419,3.6109179126442243,0.0,0.0,0.0,-0.027476340155098297,-1.2184705569895626,0.15210902794070902,8.0,2.0,1.0
2420,3.4011973816621555,0.0,0.0,1.0,0.06592323923997824,0.0666130869609905,-1.3877774180573432,4.0,1.0,1.0
2421,3.4657359027997265,0.0,0.0,1.0,0.27347786011792613,-1.2184705569895626,-0.7237724812288947,2.0,2.0,1.0
2422,3.5263605246161616,0.0,0.0,1.0,1.3112509645076653,-1.2184705569895626,-0.26065330697479766,1.0,2.0,0.0
2423,3.4965075614664802,0.0,0.0,0.0,-1.5322473415202202,2.090420569419077,-1.4630770007492402,8.0,1.0,0.0
2424,3.713572066704308,0.0,0.0,1.0,0.429143825776387,0.8735567095395731,0.025865631920713943,4.0,1.0,1.0
2425,3.871201010907891,0.0,0.0,1.0,0.38763290160079744,0.2845122465919824,0.981427643099046,1.0,3.0,0.0
2426,3.4011973816621555,0.0,1.0,1.0,1.0829408815419228,0.6614147815045142,-1.6611638571378413,2.0,2.0,0.0
2427,3.6888794541139363,0.0,0.0,1.0,0.38763290160079744,-1.2184705569895626,-1.486807197715454,7.0,2.0,0.0
2428,3.4657359027997265,0.0,0.0,1.0,1.933914827141509,-1.2184705569895626,-1.6031958290063946,2.0,2.0,0.0
2429,3.6109179126442243,0.0,0.0,1.0,0.9168971848395645,-1.2184705569895626,-1.5170546141789134,7.0,1.0,1.0
2430,3.871201010907891,0.0,1.0,1.0,-0.4840965060865836,1.065393660830524,1.5453095264405847,7.0,1.0,0.0
2431,3.6109179126442243,0.0,0.0,1.0,1.3838950818149471,-1.2184705569895626,-0.671476506551152,2.0,1.0,1.0
2432,3.1780538303479458,0.0,0.0,0.0,1.2386068472003837,1.2812248410607407,-0.47710187813943944,7.0,1.0,0.0
2433,3.6635616461296463,0.0,0.0,1.0,0.27347786011792613,-1.2184705569895626,-0.5888811292657371,3.0,2.0,0.0
2434,3.2188758248682006,0.0,0.0,1.0,-0.14163138163796962,-1.2184705569895626,1.0808573161741788,1.0,2.0,1.0
2435,3.332204510175204,0.0,0.0,0.0,-1.023738520369248,-1.2184705569895626,1.0322269731969067,3.0,2.0,0.0
2436,3.9318256327243257,0.0,0.0,1.0,0.055545508196080846,-1.2184705569895626,-1.0998778036728865,9.0,2.0,0.0
2437,2.995732273553991,0.0,0.0,0.0,-0.3906969266915071,0.34172815792556827,0.3893231949178047,5.0,2.0,0.0
2438,3.091042453358316,0.0,1.0,1.0,-0.3284305404281227,-1.2184705569895626,0.9467302822376434,9.0,2.0,0.0
2439,3.970291913552122,0.0,0.0,1.0,-0.7227843200962236,1.2065199658121606,-1.0351620087959457,2.0,1.0,1.0
2440,3.8501476017100584,0.0,0.0,1.0,0.6470761776982322,-1.2184705569895626,0.8995254723587041,1.0,1.0,0.0
2441,3.8501476017100584,0.0,1.0,1.0,-0.21427549894525139,1.3550819344165441,-0.12045954216862706,9.0,1.0,1.0
2442,3.9318256327243257,1.0,0.0,1.0,0.875386260663975,0.6437517781339109,1.476634439001717,9.0,1.0,0.0
2443,3.367295829986474,0.0,0.0,1.0,-0.006720878067303511,-1.2184705569895626,-1.7318398025954451,7.0,2.0,0.0
2444,3.6375861597263857,0.0,0.0,1.0,-1.1482712928960168,0.6810239206459767,-0.4673510856988107,9.0,1.0,1.0
2445,3.2188758248682006,0.0,0.0,0.0,-0.29729734729643054,1.1538430098852466,0.1571589863308887,7.0,2.0,1.0
2446,3.8501476017100584,0.0,0.0,1.0,-1.9058456591005264,0.2456343619453259,-1.5556394606538817,7.0,1.0,0.0
2447,3.7612001156935624,0.0,0.0,1.0,-1.8747124659688343,1.4225671342904143,1.5665473442185311,3.0,1.0,0.0
2448,3.8066624897703196,1.0,0.0,1.0,0.23196693594233653,0.20494179175141142,-0.46422357144428994,3.0,1.0,0.0
2449,3.1354942159291497,0.0,0.0,1.0,-1.3558259137739646,-1.2184705569895626,-0.010481376219257293,5.0,2.0,1.0
2450,3.6888794541139363,0.0,1.0,1.0,-0.5567406233938653,-1.2184705569895626,1.0205806859595923,1.0,2.0,0.0
2451,3.6109179126442243,0.0,1.0,0.0,1.0206744952785385,-1.2184705569895626,-0.7061575239424674,6.0,2.0,1.0
2452,3.5263605246161616,1.0,0.0,0.0,1.010296764234641,0.00944777035415019,-1.2176730165915273,10.0,1.0,1.0
2453,3.713572066704308,0.0,0.0,1.0,1.2801177713759733,0.8023186938423232,-0.525681104306014,9.0,1.0,0.0
2454,3.8066624897703196,0.0,0.0,0.0,-0.19352003685745658,-1.2184705569895626,-1.2287159863692474,7.0,2.0,0.0
2455,3.6109179126442243,1.0,0.0,0.0,0.19045601176674695,0.1307185270662821,-1.0747848394881416,2.0,2.0,0.0
2456,3.5263605246161616,0.0,1.0,1.0,0.1178118944594652,-1.2184705569895626,-0.15503119740372223,9.0,2.0,0.0
2457,3.6888794541139363,0.0,1.0,1.0,0.6885871018738219,-1.2184705569895626,-0.6353470056567005,6.0,2.0,1.0
2458,3.4657359027997265,0.0,0.0,0.0,-0.21427549894525139,0.9860460789634645,1.558468627861165,8.0,1.0,0.0
2459,3.9318256327243257,0.0,0.0,0.0,1.5810719716489976,-1.2184705569895626,-1.5975641126277993,4.0,1.0,1.0
2460,3.6888794541139363,0.0,0.0,1.0,0.39801063264469483,-1.2184705569895626,1.0449665342630197,6.0,2.0,0.0
2461,3.6109179126442243,0.0,0.0,0.0,0.03479004610828606,1.137539979960771,-0.21932293139191614,2.0,1.0,1.0
2462,4.07753744390572,1.0,0.0,0.0,-0.35956373355981486,0.6872334626946188,-1.1341681425824415,3.0,2.0,0.0
2463,3.5553480614894135,0.0,0.0,1.0,-2.4351099423392935,-1.2184705569895626,-0.7898329611872487,7.0,2.0,0.0
2464,3.8501476017100584,1.0,0.0,0.0,-1.708668769266476,0.944143077965132,-0.9769013630032605,4.0,2.0,1.0
2465,3.8501476017100584,0.0,1.0,0.0,-0.7227843200962236,-0.1367151115870858,-0.9723530100513893,8.0,1.0,0.0
2466,3.367295829986474,0.0,0.0,0.0,-0.5671183544377627,1.0663929066837476,0.46599928029777393,0.0,1.0,0.0
2467,3.4339872044851463,0.0,1.0,0.0,0.39801063264469483,-1.2184705569895626,-0.3778342488315517,5.0,2.0,1.0
2468,3.8066624897703196,0.0,1.0,0.0,0.36687743951300267,-1.2184705569895626,0.9636080447031248,7.0,3.0,0.0
2469,3.8501476017100584,0.0,0.0,1.0,0.9687858400590514,0.7383956189071682,0.3058803913217088,2.0,1.0,1.0
2470,4.007333185232471,1.0,0.0,0.0,0.5848097914348479,1.1055469808988723,0.4325782749034849,8.0,1.0,1.0
2471,3.5553480614894135,0.0,1.0,0.0,-0.8576948236668898,1.1008067673544817,1.6712768221361318,6.0,1.0,0.0
2472,3.6635616461296463,0.0,0.0,1.0,-0.7124065890523262,-1.2184705569895626,-0.9142385861559718,8.0,1.0,0.0
2473,3.8066624897703196,0.0,1.0,1.0,1.09331861258582,1.0367759384601503,1.0137091261215243,5.0,2.0,0.0
2474,3.8918202981106265,0.0,1.0,1.0,-1.4388477621251439,-1.2184705569895626,0.24824410085968757,2.0,1.0,1.0
2475,3.5263605246161616,0.0,0.0,0.0,-0.8161838994913002,0.22451410561707819,0.6440965079696475,0.0,1.0,0.0
2476,3.6375861597263857,0.0,0.0,0.0,2.058447599668278,-1.2184705569895626,-0.0057415960273244455,9.0,1.0,0.0
2477,3.7612001156935624,1.0,0.0,0.0,-1.0548717135009402,0.8422608289594777,-0.6491946192213712,10.0,1.0,0.0
2478,4.532599493153256,0.0,0.0,1.0,1.0518076884102305,0.7270777706660724,1.6540408942623601,3.0,1.0,1.0
2479,3.713572066704308,1.0,0.0,1.0,-0.733162051140121,0.3989040417854628,-1.6083528892856551,0.0,1.0,1.0
2480,3.58351893845611,0.0,0.0,1.0,-1.283181796466683,1.2902449522020747,1.719358789531974,3.0,1.0,0.0
2481,3.4965075614664802,0.0,0.0,0.0,-0.7227843200962236,0.6453615230158708,0.9103596282260572,1.0,1.0,1.0
2482,3.6375861597263857,0.0,1.0,1.0,-1.5737582656958098,0.7960675232210426,0.19589057630323423,9.0,1.0,0.0
2483,3.6109179126442243,0.0,0.0,0.0,1.0414299573663333,0.17189094661480508,0.08431248895236901,1.0,1.0,1.0
2484,4.060443010546419,0.0,1.0,0.0,-1.314314989598375,1.1185788055634192,-0.6256233364217482,2.0,1.0,1.0
2485,3.784189633918261,0.0,0.0,0.0,-0.42183011982319923,-0.17939336469586664,0.253237552571375,8.0,1.0,0.0
2486,3.6635616461296463,0.0,1.0,1.0,0.8961417227517697,1.6314386576150188,-1.4117607649432022,5.0,1.0,1.0
2487,3.5553480614894135,0.0,1.0,1.0,1.010296764234641,-1.2184705569895626,1.2824016858196958,2.0,1.0,0.0
2488,3.6635616461296463,1.0,0.0,1.0,1.3735173507710499,0.9992919705573112,1.24032107541314,1.0,1.0,1.0
2489,3.8501476017100584,0.0,0.0,0.0,-1.4077145689934516,0.4618462835052922,0.26702379118986797,1.0,1.0,0.0
2490,3.9889840465642745,0.0,1.0,0.0,-1.5841359967397073,-0.014035387801028433,0.7722778222618737,1.0,2.0,0.0
2491,3.367295829986474,0.0,1.0,0.0,1.4772946612100237,-1.2184705569895626,-0.23874175572252018,5.0,2.0,1.0
2492,3.1354942159291497,0.0,1.0,0.0,-1.2624263343788882,-1.2184705569895626,0.06501206784654415,7.0,2.0,0.0
2493,3.6109179126442243,0.0,0.0,1.0,-0.7954284374035054,-1.2184705569895626,-0.10189857615088761,1.0,1.0,1.0
2494,3.5263605246161616,0.0,0.0,0.0,-0.05860953328679048,-1.2184705569895626,1.7000114244163251,2.0,2.0,0.0
2495,3.58351893845611,0.0,1.0,1.0,1.2904955024198705,0.48454298185738864,0.8362339935131748,8.0,1.0,1.0
2496,3.784189633918261,1.0,0.0,1.0,-0.5256074302621732,1.052834320465426,0.18809474107173552,3.0,2.0,1.0
2497,3.6109179126442243,1.0,0.0,1.0,1.8405152477464324,0.09116017536687755,-0.17950606545911266,4.0,2.0,0.0
2498,3.58351893845611,0.0,1.0,1.0,0.8961417227517697,-1.2184705569895626,-1.4740516409126603,3.0,1.0,1.0
2499,3.2188758248682006,1.0,0.0,0.0,1.3216286955515628,0.7380773204363767,-0.9862715612309058,10.0,2.0,0.0
2500,3.828641396489095,1.0,0.0,1.0,-0.36994146460371224,1.0731729202874347,-0.6277288621957221,3.0,2.0,1.0
2501,3.970291913552122,0.0,1.0,1.0,1.4669169301661262,-1.2184705569895626,1.0204676726026076,2.0,1.0,0.0
2502,3.5263605246161616,0.0,0.0,0.0,-0.836939361579095,-1.2184705569895626,-0.3983576483266526,9.0,2.0,1.0
2503,3.2188758248682006,0.0,0.0,1.0,1.2282291161564862,0.4118815891956849,1.1618652904607183,9.0,1.0,0.0
2504,3.7376696182833684,0.0,0.0,1.0,1.0725631504980253,0.4597598914666192,0.4447908459926436,6.0,1.0,0.0
2505,3.6375861597263857,0.0,0.0,0.0,-0.2661641541647383,0.9265050517381122,0.8390521989029639,2.0,2.0,0.0
2506,3.784189633918261,1.0,0.0,1.0,-1.231293141247196,0.0694864191324297,-1.528181735440911,4.0,2.0,1.0
2507,3.58351893845611,0.0,0.0,1.0,1.3942728128588446,-1.2184705569895626,-0.13419588104334387,3.0,2.0,0.0
2508,4.23410650459726,0.0,1.0,1.0,0.5640543293470531,0.6129760946019049,-1.2488777431219973,4.0,1.0,1.0
2509,3.4011973816621555,0.0,0.0,1.0,-0.7227843200962236,-1.2184705569895626,0.9688196991271439,4.0,2.0,0.0
2510,3.6888794541139363,1.0,0.0,1.0,-0.12087591955017483,0.8886922181114276,-1.6247819017905565,9.0,4.0,1.0
2511,3.091042453358316,0.0,1.0,0.0,-0.06898726433068787,-1.2184705569895626,-1.246715015202719,1.0,2.0,0.0
2512,3.258096538021482,1.0,0.0,0.0,2.058447599668278,-0.10754533029956515,-0.21902075106200963,8.0,2.0,0.0
2513,3.828641396489095,1.0,0.0,1.0,-0.7435397821840184,1.6528575188970014,1.1974610205767964,2.0,2.0,1.0
2514,3.784189633918261,0.0,0.0,0.0,0.22158920489843914,1.4724921213461204,0.8095398908600134,5.0,1.0,1.0
2515,3.6375861597263857,0.0,1.0,1.0,-1.604891458827502,0.8413450003614262,1.0990156069076473,8.0,2.0,1.0
2516,3.5263605246161616,0.0,0.0,1.0,0.4187660947324896,-1.2184705569895626,0.22732445914832833,9.0,1.0,0.0
2517,3.295836866004329,0.0,1.0,1.0,0.49141021203977137,0.06132641834576952,0.8660500466863593,6.0,1.0,0.0
2518,3.6635616461296463,0.0,1.0,1.0,0.13856735654726,-1.2184705569895626,-0.2263492325957013,9.0,1.0,1.0
2519,3.784189633918261,1.0,0.0,0.0,0.9376526469273593,0.33567920610137464,-0.6869692468601121,6.0,1.0,1.0
2520,3.6109179126442243,0.0,1.0,0.0,-0.28691961625253315,-1.2184705569895626,1.4908918563854845,10.0,2.0,1.0
2521,3.5553480614894135,0.0,0.0,1.0,0.33574424638131045,-1.2184705569895626,-0.6115538689439814,9.0,2.0,1.0
2522,3.6109179126442243,0.0,1.0,1.0,0.9999190331907436,1.048262062200643,-0.31770923038202725,4.0,1.0,0.0
2523,3.7376696182833684,1.0,0.0,0.0,2.0273144065365853,0.40734151301974947,-1.467541376083537,3.0,4.0,0.0
2524,3.8501476017100584,0.0,1.0,0.0,-0.8680725547107871,-1.2184705569895626,-1.2354736635168155,3.0,2.0,1.0
2525,3.7612001156935624,0.0,1.0,1.0,-1.023738520369248,-1.2184705569895626,-1.6126320965812002,7.0,2.0,0.0
2526,4.007333185232471,0.0,0.0,1.0,0.8857639917078723,-1.2184705569895626,-0.29489339840717027,9.0,1.0,0.0
2527,3.4657359027997265,0.0,1.0,1.0,0.24234466698623391,0.23574789616342273,-0.6982559777555124,2.0,2.0,0.0
2528,3.8066624897703196,1.0,0.0,1.0,1.0518076884102305,0.992270351122425,-1.4762708755104312,3.0,1.0,0.0
2529,3.332204510175204,1.0,0.0,1.0,-0.1831423058135592,0.4951459394183621,1.2691293971754278,3.0,1.0,0.0
2530,4.143134726391533,0.0,1.0,1.0,0.8131198744005905,-1.2184705569895626,1.4962735524450896,2.0,2.0,1.0
2531,3.295836866004329,0.0,0.0,1.0,0.8961417227517697,-1.2184705569895626,-0.9003921896582223,9.0,2.0,1.0
2532,3.713572066704308,0.0,1.0,1.0,1.8508929787903299,-1.2184705569895626,-0.3270218787309618,4.0,2.0,1.0
2533,3.6888794541139363,1.0,0.0,1.0,0.9480303779712567,0.6979768366333005,-1.291745448093275,3.0,1.0,1.0
2534,3.58351893845611,1.0,0.0,1.0,-0.9303389409741715,1.0598312829765189,1.3332343983245432,3.0,1.0,1.0
2535,3.7376696182833684,1.0,0.0,1.0,-0.9095834788863767,0.4390311038310701,-1.1491385873154294,9.0,2.0,1.0
2536,3.4657359027997265,0.0,1.0,1.0,-0.3284305404281227,1.45270461978189,0.6040183203821553,2.0,2.0,1.0
2537,3.784189633918261,0.0,0.0,1.0,1.1970959230247942,0.004910736266215556,-0.3928285133028582,1.0,2.0,0.0
2538,3.6109179126442243,0.0,0.0,1.0,0.44989928786418176,0.6069023257440228,0.30756307327385746,6.0,2.0,0.0
2539,3.4657359027997265,0.0,0.0,0.0,-0.24540869207694355,-1.2184705569895626,0.8264193919925259,5.0,1.0,0.0
2540,3.6888794541139363,0.0,0.0,0.0,-0.7746729753157106,-1.2184705569895626,-1.562678801860396,10.0,2.0,0.0
2541,3.7376696182833684,0.0,0.0,0.0,0.3564997084691052,1.2168901235861467,0.5553845000708217,7.0,2.0,1.0
2542,3.4965075614664802,1.0,0.0,1.0,-2.030378431627295,0.9119617896669907,0.430087634382248,9.0,1.0,1.0
2543,3.332204510175204,0.0,1.0,1.0,-0.6086292786133524,-1.2184705569895626,-0.10103897917099262,10.0,3.0,0.0
2544,4.127134385045092,0.0,1.0,0.0,0.08667870132777303,1.2781408042677913,1.0068116601447017,5.0,1.0,1.0
2545,3.258096538021482,1.0,0.0,0.0,0.875386260663975,0.09015372456838944,0.6270674814725096,9.0,2.0,0.0
2546,3.4657359027997265,1.0,0.0,0.0,1.6122051647806899,1.0401865994384183,1.6313186025737456,1.0,3.0,1.0
2547,3.4011973816621555,0.0,0.0,1.0,1.3423841576393576,-1.2184705569895626,1.2460350307422796,9.0,2.0,0.0
2548,3.5553480614894135,0.0,1.0,1.0,-0.442585581910994,1.0341920849784447,-0.9417430815120641,7.0,2.0,0.0
2549,3.6109179126442243,1.0,0.0,1.0,-1.5841359967397073,0.8812511107522588,1.295083870873801,5.0,2.0,0.0
2550,3.332204510175204,0.0,1.0,1.0,-1.0444939824570427,0.6047523700771285,-0.26604247930263397,2.0,1.0,1.0
2551,3.9318256327243257,0.0,0.0,0.0,1.1763404609369994,0.8076849370752421,-0.36253554376319896,9.0,1.0,1.0
2552,3.1354942159291497,0.0,0.0,0.0,1.5291833164295108,1.570419335731308,1.6030955161339349,8.0,2.0,1.0
2553,3.5553480614894135,0.0,0.0,1.0,-0.4322078508670966,0.43239326781393356,0.43841411079146514,0.0,1.0,0.0
2554,3.4011973816621555,0.0,0.0,1.0,1.0310522263224358,1.3368425354247897,-1.051839302952807,3.0,1.0,0.0
2555,3.4657359027997265,0.0,0.0,0.0,0.14894508759115738,0.05583496917514491,-1.6757397983216018,2.0,1.0,0.0
2556,2.9444389791664403,0.0,0.0,0.0,0.3046110532496183,0.3649264805779611,-1.5793162805422585,1.0,1.0,1.0
2557,3.6888794541139363,0.0,0.0,0.0,-0.5878738165255575,0.9657872138690486,0.8923972852669295,9.0,1.0,1.0
2558,3.784189633918261,0.0,1.0,0.0,-0.36994146460371224,0.7167325900356695,-1.4199584061254569,3.0,1.0,0.0
2559,3.4965075614664802,0.0,0.0,1.0,1.3942728128588446,0.7100915518206378,-0.3621370412798011,2.0,2.0,0.0
2560,3.6109179126442243,1.0,0.0,1.0,0.3149887842935157,-0.05969728879874127,-1.1046673097418924,5.0,2.0,0.0
2561,3.871201010907891,0.0,0.0,1.0,0.22158920489843914,-1.2184705569895626,0.14484609415406846,1.0,2.0,0.0
2562,3.2188758248682006,0.0,0.0,1.0,0.03479004610828606,0.49575099471067613,-0.8427574639965286,9.0,1.0,1.0
2563,3.4011973816621555,1.0,0.0,1.0,0.4706547499519766,1.5465238945971116,0.7192463914302161,0.0,1.0,0.0
2564,3.091042453358316,0.0,0.0,0.0,0.23196693594233653,0.7052560728888625,-1.1556443316102736,9.0,2.0,1.0
2565,4.2626798770413155,1.0,0.0,1.0,-0.027476340155098297,0.6524889750911965,0.1163950684665545,9.0,2.0,1.0
2566,3.713572066704308,1.0,0.0,1.0,1.4980501232978185,0.5944278436231503,-0.9391618564385366,2.0,2.0,1.0
2567,3.6109179126442243,1.0,0.0,0.0,0.6470761776982322,0.40839023283045534,-1.7383811895644152,1.0,2.0,1.0
2568,3.6375861597263857,0.0,0.0,1.0,0.5121656741275662,-1.2184705569895626,1.0958168073048746,1.0,2.0,0.0
2569,3.4011973816621555,0.0,1.0,0.0,-0.1623868437257644,1.304484645912723,0.011668198549500013,6.0,2.0,1.0
2570,3.828641396489095,0.0,0.0,1.0,1.5084278543417158,-1.2184705569895626,0.4290809461715702,8.0,1.0,0.0
2571,3.8918202981106265,0.0,0.0,0.0,-0.5048519681743784,-1.2184705569895626,0.0008225674797455877,5.0,1.0,0.0
2572,3.784189633918261,0.0,1.0,1.0,-0.8576948236668898,1.3680516364419224,1.3519177665012319,8.0,2.0,1.0
2573,3.9512437185814275,1.0,0.0,0.0,0.49141021203977137,0.258481419791315,-0.15796241615049578,2.0,2.0,1.0
2574,3.58351893845611,0.0,0.0,0.0,1.1970959230247942,-1.2184705569895626,-1.0591903871578956,9.0,2.0,0.0
2575,3.5553480614894135,1.0,0.0,0.0,1.0829408815419228,1.1543696113291264,1.637010476831598,2.0,1.0,0.0
2576,4.04305126783455,0.0,1.0,0.0,1.8093820546147403,1.5755447736825015,1.0670465623505556,8.0,2.0,1.0
2577,3.4339872044851463,0.0,1.0,1.0,-1.1171380997643245,1.1069916524793304,-0.3434642789719983,8.0,1.0,1.0
2578,3.8066624897703196,1.0,0.0,0.0,-0.1727645747696618,0.047435924315601806,0.22360058210233538,2.0,2.0,1.0
2579,3.5553480614894135,0.0,1.0,1.0,-0.8784502857546845,-1.2184705569895626,1.063029719909918,10.0,2.0,1.0
2580,3.6375861597263857,1.0,0.0,0.0,1.4254060059905367,0.5537709779357681,-0.5096076492088566,6.0,1.0,1.0
2581,3.6375861597263857,0.0,1.0,0.0,1.1555849988492046,-1.2184705569895626,0.8567101012650453,6.0,2.0,1.0
2582,3.367295829986474,1.0,0.0,0.0,1.1867181919808967,0.2336746331361203,-1.3706623275421939,4.0,1.0,1.0
2583,3.9318256327243257,0.0,1.0,0.0,-0.733162051140121,-1.2184705569895626,-0.34303152474809895,4.0,2.0,1.0
2584,4.060443010546419,1.0,0.0,0.0,0.7093425639616167,1.3766276027351803,-1.2741918657530258,1.0,4.0,0.0
2585,3.5263605246161616,0.0,1.0,0.0,1.2593623092881785,-1.2184705569895626,-0.02801339908832812,10.0,1.0,1.0
2586,3.4011973816621555,0.0,0.0,1.0,0.3046110532496183,-1.2184705569895626,-0.5922588377059513,8.0,1.0,0.0
2587,3.4011973816621555,1.0,0.0,1.0,0.07630097028387564,0.10910433171268658,-0.28336464506111975,9.0,1.0,1.0
2588,3.091042453358316,0.0,0.0,0.0,0.8650085296200775,1.6429845023462586,-1.356912948664748,1.0,2.0,0.0
2589,3.6635616461296463,0.0,1.0,1.0,1.4772946612100237,1.6568039075831509,-1.33590567813505,9.0,1.0,0.0
2590,3.828641396489095,1.0,0.0,1.0,0.9999190331907436,0.7004787138488866,-0.46209161793145187,2.0,1.0,0.0
2591,4.060443010546419,1.0,0.0,1.0,-0.3388082714720201,0.9901876416113318,-0.4861886736411078,3.0,1.0,1.0
2592,3.258096538021482,0.0,0.0,0.0,-0.5152296992182758,-1.2184705569895626,0.01465488077454758,0.0,2.0,1.0
2593,3.6635616461296463,0.0,0.0,1.0,-0.19352003685745658,0.2529803640270047,0.12591531365893482,2.0,2.0,1.0
2594,3.4965075614664802,0.0,0.0,1.0,-1.1482712928960168,-1.2184705569895626,-1.0352397272122105,8.0,2.0,0.0
2595,4.276666119016055,1.0,0.0,1.0,-2.2586885145930378,0.6947925710462288,0.44192726139335775,9.0,1.0,0.0
2596,3.713572066704308,0.0,0.0,1.0,-0.10012045746238005,0.5302469917574245,-0.8276712240393069,8.0,1.0,0.0
2597,3.6635616461296463,0.0,0.0,0.0,-0.6190070096572498,0.6912884058894183,-1.409373227376876,8.0,2.0,1.0
2598,3.6635616461296463,0.0,1.0,1.0,0.10743416341556782,-1.2184705569895626,0.6229358870078567,4.0,2.0,0.0
2599,3.58351893845611,0.0,0.0,0.0,-0.836939361579095,-1.2184705569895626,-0.27579014214260766,8.0,2.0,0.0
2600,3.367295829986474,0.0,0.0,0.0,-1.5426250725641177,-1.2184705569895626,0.44313198377881313,5.0,2.0,0.0
2601,3.6635616461296463,0.0,0.0,0.0,-1.366203644817862,-1.2184705569895626,-0.7657552046816317,4.0,2.0,0.0
2602,3.295836866004329,0.0,1.0,0.0,-1.0029830582814532,-1.2184705569895626,1.0168896697204761,9.0,2.0,1.0
2603,4.290459441148391,0.0,0.0,1.0,-0.10012045746238005,1.3519497045452709,0.726635030843164,1.0,2.0,1.0
2604,3.6635616461296463,0.0,1.0,0.0,-0.3388082714720201,-1.2184705569895626,0.20883721261268354,1.0,1.0,0.0
2605,3.784189633918261,1.0,0.0,1.0,0.6263207156104375,1.0510830384364944,-0.165625938820971,1.0,2.0,1.0
2606,3.912023005428146,0.0,0.0,1.0,2.058447599668278,0.7426590251849507,-0.7073436425906963,5.0,1.0,1.0
2607,3.4339872044851463,0.0,0.0,1.0,-2.0718893558028846,0.5897444690914009,-0.024583878370604075,7.0,1.0,1.0
2608,3.713572066704308,1.0,0.0,0.0,-0.42183011982319923,0.8387320068788737,-1.5703957016087087,7.0,2.0,0.0
2609,3.828641396489095,0.0,0.0,0.0,1.6537160889562794,-1.2184705569895626,0.7944300050311767,5.0,2.0,1.0
2610,3.6635616461296463,0.0,0.0,1.0,0.6782093708299244,-1.2184705569895626,1.0110133228906844,7.0,2.0,1.0
2611,3.784189633918261,0.0,0.0,1.0,-0.6293847407011471,-1.2184705569895626,1.7125013128968534,3.0,2.0,1.0
2612,3.5553480614894135,1.0,0.0,1.0,-1.0652494445448377,2.0480498874181383,0.15834145377835357,6.0,2.0,0.0
2613,3.8066624897703196,0.0,0.0,1.0,0.532921136215361,0.3644165305631369,0.8882051851896144,6.0,1.0,0.0
2614,3.5553480614894135,1.0,0.0,0.0,-0.3076750783403279,0.36142567772894074,0.6689618806400957,7.0,1.0,0.0
2615,3.5553480614894135,0.0,0.0,0.0,-1.708668769266476,0.3188966470420801,-1.5882078237363981,2.0,1.0,0.0
2616,3.5553480614894135,0.0,0.0,0.0,2.058447599668278,0.4029064689347796,-1.163677842624846,6.0,1.0,0.0
2617,3.4657359027997265,0.0,0.0,1.0,-0.3076750783403279,-1.2184705569895626,-1.130525113553368,7.0,1.0,0.0
2618,3.8066624897703196,1.0,0.0,1.0,-0.9199612099302741,0.4628003783681923,1.6931290848426679,7.0,2.0,1.0
2619,3.58351893845611,0.0,0.0,0.0,-0.3388082714720201,0.899665349749096,-0.6041582748629114,8.0,1.0,0.0
2620,4.0943445622221,1.0,0.0,1.0,-0.40107465773540446,0.24518621434988067,-1.2599474883719877,8.0,1.0,0.0
2621,3.6888794541139363,0.0,1.0,1.0,-1.7813128865737577,0.7288964589606995,-0.3128411365632411,5.0,1.0,1.0
2622,3.4965075614664802,0.0,0.0,1.0,0.5640543293470531,0.29435131984503543,0.8088009573720374,6.0,1.0,1.0
2623,3.6375861597263857,0.0,1.0,0.0,0.7923644123127958,-1.2184705569895626,-1.6672410200096592,4.0,1.0,0.0
2624,3.4339872044851463,0.0,0.0,1.0,0.8234976054444879,-1.2184705569895626,0.7416249486468942,7.0,2.0,1.0
2625,3.912023005428146,0.0,1.0,0.0,0.4187660947324896,-1.2184705569895626,1.354618785733163,9.0,2.0,0.0
2626,3.713572066704308,0.0,0.0,1.0,1.0829408815419228,0.2989407098685581,0.24077652596355334,1.0,1.0,0.0
2627,4.060443010546419,0.0,0.0,1.0,-0.14163138163796962,-1.2184705569895626,-1.1606438686565679,6.0,1.0,0.0
2628,3.367295829986474,0.0,0.0,0.0,-0.2765418852086357,-1.2184705569895626,1.4468338599651045,3.0,1.0,0.0
2629,3.6888794541139363,0.0,0.0,1.0,1.4669169301661262,0.9881243053975044,-0.28572384235484843,3.0,1.0,0.0
2630,3.4657359027997265,0.0,1.0,0.0,-2.103022548934577,0.601866869553687,-0.3066139267266884,1.0,1.0,0.0
2631,3.6109179126442243,0.0,0.0,1.0,-1.4492254931690411,0.8598226428765899,-0.8243088158689614,0.0,1.0,0.0
2632,3.4965075614664802,0.0,0.0,0.0,0.8857639917078723,0.8397639151506292,1.5469167502436083,7.0,2.0,1.0
2633,3.4011973816621555,0.0,0.0,0.0,0.6885871018738219,-1.2184705569895626,0.59168578126789,3.0,1.0,1.0
2634,4.060443010546419,1.0,0.0,0.0,0.32536651533741306,1.3824937090595533,-1.5858296749720366,5.0,1.0,0.0
2635,3.258096538021482,1.0,0.0,0.0,-0.006720878067303511,0.529531460637723,0.2457637184739308,2.0,2.0,0.0
2636,3.970291913552122,0.0,0.0,0.0,-0.6812733959206341,1.037493390898589,-0.5762359778193822,6.0,1.0,1.0
2637,3.713572066704308,1.0,0.0,0.0,0.5536765983031557,0.2687888144865535,0.15761712509343392,3.0,1.0,1.0
2638,3.6888794541139363,0.0,0.0,0.0,-0.5152296992182758,1.2491642756232515,1.324578618379743,6.0,2.0,0.0
2639,3.6888794541139363,0.0,0.0,0.0,0.24234466698623391,-1.2184705569895626,-0.2957844652603178,6.0,2.0,0.0
2640,3.58351893845611,0.0,1.0,1.0,-0.3906969266915071,0.8194687051101017,-1.2019220842285336,2.0,1.0,1.0
2641,4.1588830833596715,0.0,0.0,0.0,1.4669169301661262,0.6431387173468587,1.4572109202701307,9.0,1.0,1.0
2642,3.871201010907891,0.0,0.0,0.0,-0.19352003685745658,-1.2184705569895626,-1.63588485558083,0.0,1.0,1.0
2643,3.5263605246161616,0.0,0.0,0.0,1.1140740746736149,1.3519554685014823,-0.1197967622965884,9.0,2.0,0.0
2644,3.6888794541139363,1.0,0.0,0.0,-1.2935595275105802,0.33057490265629014,-0.09944931590497749,9.0,2.0,0.0
2645,3.7612001156935624,0.0,0.0,0.0,1.404650543902742,1.1189521818380095,-0.3637451344163401,10.0,2.0,1.0
2646,4.007333185232471,0.0,0.0,0.0,0.19045601176674695,0.3106929362541491,-0.6470967435823316,2.0,1.0,1.0
2647,3.8918202981106265,0.0,0.0,0.0,0.003656852976593882,0.9157501498870075,-0.39410226076942595,8.0,1.0,0.0
2648,3.9889840465642745,1.0,0.0,1.0,-0.5567406233938653,1.4677405399992014,0.6338409804900553,10.0,1.0,1.0
2649,3.6888794541139363,0.0,0.0,1.0,0.24234466698623391,-1.2184705569895626,-1.1155997002964706,7.0,2.0,1.0
2650,3.295836866004329,0.0,0.0,1.0,-0.1831423058135592,-1.2184705569895626,-1.3678150864129948,8.0,1.0,0.0
2651,3.6375861597263857,0.0,1.0,1.0,-1.1171380997643245,-1.2184705569895626,0.6022000224016248,2.0,2.0,0.0
2652,3.6109179126442243,0.0,0.0,0.0,1.2074736540686914,1.0444418401115683,0.4423031612053586,3.0,1.0,1.0
2653,3.7376696182833684,0.0,0.0,0.0,-0.006720878067303511,-0.6001709741805421,0.07729262081659673,4.0,1.0,1.0
2654,3.5263605246161616,0.0,0.0,1.0,0.6263207156104375,1.7097485672541106,-1.6929451256556358,2.0,1.0,0.0
2655,3.871201010907891,0.0,0.0,1.0,1.248984578244281,1.220755816885335,-1.4389123108920967,9.0,1.0,1.0
2656,3.4339872044851463,0.0,1.0,1.0,-0.6397624717450445,-1.2184705569895626,-0.3015012024567063,3.0,2.0,0.0
2657,4.1588830833596715,1.0,0.0,1.0,-1.3350704516861698,0.642443039854108,0.32988321127830994,6.0,1.0,1.0
2658,3.9889840465642745,0.0,1.0,0.0,0.5744320603909505,0.537350107128746,-0.8401385098484385,6.0,1.0,1.0
2659,3.4657359027997265,0.0,0.0,0.0,0.003656852976593882,0.44182053841765295,0.9526114973351201,3.0,3.0,0.0
2660,3.58351893845611,0.0,0.0,1.0,-2.165288935197961,1.361083173492098,-1.503679744179844,6.0,1.0,0.0
2661,3.58351893845611,1.0,0.0,0.0,-1.1378935618521193,0.8236208350110232,-1.7380124182872394,9.0,2.0,0.0
2662,3.58351893845611,0.0,0.0,1.0,0.24234466698623391,-1.2184705569895626,-0.761333078956177,8.0,2.0,1.0
2663,3.6635616461296463,0.0,1.0,0.0,0.003656852976593882,0.7521914879895302,1.5339682014004257,6.0,2.0,1.0
2664,4.04305126783455,0.0,1.0,0.0,-0.5567406233938653,0.35645570648556346,-0.9767824381783721,4.0,1.0,1.0
2665,3.4965075614664802,0.0,0.0,0.0,-1.8332015417932448,0.6872099265400885,0.006693872175148331,8.0,1.0,0.0
2666,3.713572066704308,0.0,0.0,1.0,-1.0029830582814532,-0.5295373733360275,1.2185086281816027,10.0,1.0,0.0
2667,3.828641396489095,0.0,0.0,1.0,-1.4596032242129386,-0.12371482857180721,1.6122478593826544,5.0,1.0,0.0
2668,3.6635616461296463,0.0,0.0,0.0,0.13856735654726,-1.2184705569895626,0.9737973289688537,5.0,2.0,0.0
2669,2.995732273553991,0.0,1.0,1.0,0.5848097914348479,0.58462079234905,-1.6680687993828955,7.0,1.0,1.0
2670,3.6375861597263857,1.0,0.0,1.0,-2.2483107835491403,0.6123268489786359,-1.7291106169576196,8.0,1.0,1.0
2671,4.007333185232471,1.0,0.0,0.0,0.5432988672592584,0.9215088224719937,0.7761416620038243,6.0,3.0,0.0
2672,3.58351893845611,0.0,0.0,0.0,-0.3076750783403279,-1.2184705569895626,-0.8574843214785394,5.0,2.0,0.0
2673,3.5553480614894135,0.0,1.0,0.0,0.20083374281064434,-1.2184705569895626,-1.3421798319814273,10.0,1.0,0.0
2674,3.4657359027997265,0.0,1.0,1.0,-0.6190070096572498,0.5438766667690214,-0.982519517779018,7.0,1.0,0.0
2675,3.6635616461296463,0.0,1.0,1.0,-0.6190070096572498,-1.2184705569895626,-1.5217752690335102,3.0,1.0,1.0
2676,3.7376696182833684,0.0,1.0,0.0,-0.21427549894525139,-1.2184705569895626,-0.21683715913836474,0.0,1.0,0.0
2677,3.713572066704308,0.0,0.0,0.0,0.2527223980301313,1.1480094058695112,-0.09128401392949076,2.0,1.0,0.0
2678,3.713572066704308,1.0,0.0,1.0,-1.2105376791594011,0.5708615884325889,-1.6048413034840903,7.0,1.0,0.0
2679,3.6109179126442243,0.0,0.0,0.0,-0.2765418852086357,-1.2184705569895626,-1.0281814345350635,3.0,2.0,0.0
2680,4.007333185232471,1.0,0.0,0.0,-0.5256074302621732,0.8796090236715567,1.7252829497051054,1.0,2.0,1.0
2681,3.5553480614894135,0.0,0.0,1.0,0.014034584020491275,0.6842554186520037,-0.8277995376661602,5.0,1.0,1.0
2682,3.7376696182833684,1.0,0.0,1.0,-1.9266011211883212,1.2168358463318214,1.4161142215361526,2.0,2.0,0.0
2683,3.828641396489095,1.0,0.0,1.0,-0.5463628923499679,0.4399965664964986,0.5510948607730937,10.0,1.0,0.0
2684,3.6635616461296463,0.0,1.0,1.0,0.16970054967895218,1.149623793938419,-0.5400515350467657,1.0,1.0,1.0
2685,3.332204510175204,0.0,0.0,1.0,0.481032480995874,-1.2184705569895626,0.19195336481259495,7.0,2.0,0.0
2686,3.784189633918261,0.0,0.0,0.0,1.4150282749466394,-1.2184705569895626,0.27262681956245977,10.0,2.0,1.0
2687,3.58351893845611,0.0,1.0,1.0,-0.41145238877930185,-1.2184705569895626,-0.2986165799863511,1.0,1.0,1.0
2688,3.713572066704308,0.0,0.0,1.0,-0.3906969266915071,-1.2184705569895626,-1.3925245006508042,6.0,1.0,1.0
2689,3.784189633918261,1.0,0.0,1.0,0.6885871018738219,0.9048385004489291,-1.1724212513879846,5.0,2.0,0.0
2690,3.8918202981106265,0.0,1.0,0.0,0.3149887842935157,0.4018097161556445,-0.8814761878328481,9.0,1.0,1.0
2691,3.6375861597263857,0.0,0.0,0.0,-0.42183011982319923,-1.2184705569895626,0.17997968657343139,6.0,2.0,0.0
2692,3.58351893845611,0.0,1.0,1.0,0.34612197742520784,0.9902215849090217,0.22964923083485256,4.0,1.0,0.0
2693,3.58351893845611,0.0,0.0,0.0,0.719720295005514,0.6752104904769815,-1.6924949847614312,6.0,1.0,1.0
2694,3.8501476017100584,0.0,1.0,0.0,-1.0133607893253507,0.18414575796006133,-0.06088898463513918,7.0,3.0,1.0
2695,3.5553480614894135,0.0,0.0,1.0,-0.442585581910994,-1.2184705569895626,1.4039146904497228,1.0,1.0,1.0
2696,3.367295829986474,1.0,0.0,0.0,0.06592323923997824,1.228210053255874,1.1518891667729327,9.0,1.0,0.0
2697,3.6888794541139363,0.0,0.0,1.0,0.8961417227517697,-1.2184705569895626,0.24267775836143976,5.0,2.0,1.0
2698,3.6109179126442243,0.0,0.0,1.0,-0.24540869207694355,-1.2184705569895626,-1.5941556297811443,3.0,2.0,1.0
2699,3.367295829986474,0.0,1.0,0.0,0.875386260663975,-1.2184705569895626,0.295570095830655,2.0,2.0,1.0
2700,3.6888794541139363,1.0,0.0,1.0,0.1281896255033626,-0.2535966156441503,1.2240916618833437,7.0,1.0,0.0
2701,3.4657359027997265,1.0,0.0,1.0,2.058447599668278,1.1285371606880716,-0.18354185937038306,4.0,1.0,1.0
2702,3.6375861597263857,0.0,0.0,0.0,0.7093425639616167,0.7081138744005098,0.6613701649179812,2.0,2.0,1.0
2703,3.6888794541139363,1.0,0.0,1.0,0.2838555911618235,1.1221164336882357,1.6264044340786508,2.0,2.0,1.0
2704,4.248495242049359,0.0,0.0,1.0,-0.24540869207694355,-1.2184705569895626,1.417592783978917,5.0,2.0,1.0
2705,4.02535169073515,1.0,0.0,0.0,1.4772946612100237,0.6355491881152433,1.0448531731726285,6.0,1.0,0.0
2706,4.276666119016055,1.0,0.0,1.0,0.14894508759115738,-0.369675328688867,0.20501231901221645,1.0,2.0,1.0
2707,4.02535169073515,0.0,0.0,1.0,-0.8992057478424793,0.6836886296245384,0.4814961934076072,4.0,2.0,1.0
2708,3.5553480614894135,0.0,0.0,0.0,0.13856735654726,-0.13265776674386473,-1.2307973446714968,5.0,1.0,1.0
2709,3.5263605246161616,0.0,0.0,0.0,-1.4492254931690411,0.7298316608560176,-0.29121490057067395,6.0,2.0,1.0
2710,3.8918202981106265,1.0,0.0,1.0,1.2074736540686914,0.7481845777631599,-1.3196030667232685,3.0,1.0,1.0
2711,3.871201010907891,0.0,0.0,1.0,-1.81244607970545,1.101531104518395,-0.6800956006216075,9.0,1.0,0.0
2712,3.4657359027997265,0.0,0.0,1.0,-1.2520486033349907,0.32319976057376415,-0.7586944778706418,3.0,1.0,0.0
2713,3.6375861597263857,0.0,1.0,1.0,-1.5426250725641177,-1.2184705569895626,0.6272340457740343,6.0,2.0,0.0
2714,3.713572066704308,0.0,1.0,1.0,-1.5322473415202202,-1.2184705569895626,0.8045172295422129,5.0,2.0,0.0
2715,3.828641396489095,0.0,0.0,0.0,-0.1831423058135592,-1.2184705569895626,0.7480966150679398,2.0,1.0,1.0
2716,3.7612001156935624,0.0,1.0,0.0,-0.6812733959206341,-1.2184705569895626,0.042737309051588596,2.0,1.0,0.0
2717,3.6375861597263857,0.0,0.0,0.0,0.09705643237167041,0.9658315643098981,-0.3360579051553389,5.0,1.0,0.0
2718,3.6635616461296463,0.0,0.0,1.0,0.5536765983031557,1.814710850305345,0.10809797553015366,1.0,1.0,1.0
2719,4.290459441148391,0.0,1.0,0.0,-0.8161838994913002,0.3628682678807666,-0.07677535915981172,8.0,1.0,1.0
2720,3.8918202981106265,0.0,1.0,1.0,-0.7746729753157106,1.6611420851817886,1.6195514779778095,6.0,1.0,0.0
2721,3.784189633918261,0.0,0.0,0.0,0.33574424638131045,-1.2184705569895626,0.5331222596784858,7.0,2.0,0.0
2722,3.4011973816621555,0.0,0.0,1.0,-0.3076750783403279,0.4064360915648578,-1.5933655794824708,7.0,1.0,1.0
2723,3.8066624897703196,0.0,0.0,0.0,0.667831639786027,-1.2184705569895626,0.8984940950761925,1.0,1.0,1.0
2724,3.7612001156935624,0.0,1.0,1.0,0.6574539087421296,-1.2184705569895626,0.49229314180050693,6.0,2.0,1.0
2725,3.7612001156935624,0.0,0.0,0.0,-0.05860953328679048,1.5860127586021882,-0.5790945202842797,3.0,2.0,0.0
2726,3.4011973816621555,0.0,0.0,1.0,0.8961417227517697,-1.2184705569895626,1.2168902769095837,2.0,2.0,1.0
2727,3.8066624897703196,0.0,0.0,1.0,0.7093425639616167,0.16011198187678843,1.38578004558787,3.0,1.0,0.0
2728,3.8501476017100584,0.0,1.0,0.0,-1.4492254931690411,-1.2184705569895626,-0.7654159907439749,3.0,2.0,1.0
2729,3.258096538021482,1.0,0.0,0.0,-1.3246927206422725,0.8854088444994969,1.6210844606986292,7.0,1.0,0.0
2730,4.290459441148391,0.0,0.0,0.0,1.3631396197271524,0.7223159422858886,0.08302465828285396,5.0,2.0,1.0
2731,3.8501476017100584,0.0,0.0,0.0,-1.8332015417932448,-1.2184705569895626,0.3915775505895923,10.0,2.0,0.0
2732,3.7376696182833684,0.0,1.0,0.0,1.933914827141509,-1.2184705569895626,-0.33239453372200833,5.0,2.0,0.0
2733,3.4339872044851463,1.0,0.0,0.0,0.34612197742520784,0.14180069354228486,1.6328244620888896,4.0,2.0,1.0
2734,3.6635616461296463,0.0,1.0,0.0,0.481032480995874,1.5329920467312157,-1.4513321310912948,1.0,1.0,0.0
2735,3.5553480614894135,0.0,0.0,0.0,0.3564997084691052,0.7664359849970216,0.823490781246298,3.0,2.0,0.0
2736,3.58351893845611,0.0,1.0,1.0,0.06592323923997824,-0.06841175015097015,-0.5614046264488365,9.0,1.0,1.0
2737,3.6375861597263857,0.0,0.0,1.0,-0.4737187750426862,0.10041772948214676,1.2535026056384138,6.0,1.0,0.0
2738,3.6375861597263857,0.0,0.0,0.0,-0.13125365059407224,0.6407550012336083,1.4156131376979533,4.0,2.0,1.0
2739,3.784189633918261,1.0,0.0,0.0,0.27347786011792613,1.2375060337458867,1.623862502880013,2.0,2.0,1.0
2740,3.5263605246161616,0.0,0.0,1.0,-0.08974272641848266,-1.2184705569895626,0.9138564353578628,4.0,2.0,1.0
2741,4.060443010546419,0.0,1.0,0.0,0.22158920489843914,-1.2184705569895626,-0.8823248312104508,4.0,2.0,1.0
2742,4.110873864173311,0.0,0.0,1.0,0.27347786011792613,1.7539465834839938,1.5947966845305035,8.0,1.0,0.0
2743,3.4965075614664802,0.0,0.0,0.0,-1.1171380997643245,0.554400530041981,-1.4930224107494963,9.0,1.0,1.0
2744,3.784189633918261,1.0,0.0,1.0,-0.06898726433068787,1.0250080213048725,-1.5496494050002936,9.0,1.0,0.0
2745,3.8066624897703196,0.0,0.0,0.0,0.06592323923997824,1.1588586124486318,0.5233012250898239,6.0,1.0,0.0
2746,3.9889840465642745,0.0,0.0,0.0,0.21121147385454175,1.4938924098803104,0.8150902376215804,9.0,4.0,1.0
2747,3.6109179126442243,0.0,0.0,0.0,-0.9926053272375559,0.9303358410802419,1.342933900087771,2.0,1.0,1.0
2748,3.6888794541139363,0.0,1.0,0.0,-1.0652494445448377,-1.2184705569895626,-0.3333379344527748,7.0,1.0,0.0
2749,3.7376696182833684,1.0,0.0,0.0,-0.13125365059407224,0.36078571847956803,1.730659603630322,5.0,1.0,0.0
2750,3.4965075614664802,1.0,0.0,1.0,0.33574424638131045,0.42473937440462317,0.4694780052924621,3.0,2.0,1.0
2751,3.6888794541139363,0.0,0.0,1.0,-1.2001599481155036,-1.2184705569895626,-1.2741115393362152,4.0,2.0,0.0
2752,3.9318256327243257,0.0,1.0,0.0,0.49141021203977137,1.3214105033278314,1.6231253080590675,0.0,1.0,0.0
2753,3.9512437185814275,1.0,0.0,0.0,-0.6293847407011471,0.9031184398494764,1.058385566404664,8.0,1.0,1.0
2754,3.5263605246161616,0.0,1.0,0.0,0.6470761776982322,0.43260397243544335,-0.882534862187739,10.0,2.0,1.0
2755,3.5263605246161616,0.0,0.0,0.0,0.2838555911618235,0.5832244739568108,1.3375767192332964,9.0,2.0,0.0
2756,3.871201010907891,0.0,1.0,0.0,-1.3765813758617593,1.2999943639140594,0.8145157820346924,6.0,2.0,0.0
2757,3.6888794541139363,0.0,0.0,0.0,0.9999190331907436,0.9088385259498243,-0.7092867768640186,9.0,1.0,1.0
2758,3.044522437723423,0.0,1.0,1.0,-1.9577343143200134,2.051342227184176,0.48399448406377843,8.0,1.0,0.0
2759,3.6109179126442243,0.0,0.0,1.0,1.747115668351356,-1.2184705569895626,-1.1998297723239912,4.0,2.0,0.0
2760,3.9512437185814275,1.0,0.0,1.0,-1.656780114046989,0.6677639393813908,-0.575849472138495,8.0,2.0,1.0
2761,3.332204510175204,0.0,1.0,1.0,-0.19352003685745658,-1.2184705569895626,-0.9809973147937873,3.0,2.0,0.0
2762,3.7612001156935624,0.0,0.0,1.0,-0.5774960854816601,-1.2184705569895626,0.36750344528473927,7.0,2.0,1.0
2763,3.5263605246161616,0.0,0.0,1.0,-1.553002803608015,-1.2184705569895626,0.4012447131460523,8.0,2.0,1.0
2764,3.6888794541139363,0.0,0.0,0.0,-2.0096229695395005,-1.2184705569895626,0.2766532246717654,9.0,2.0,0.0
2765,3.7376696182833684,0.0,0.0,1.0,0.481032480995874,0.23220978770892203,-1.4965452978867597,3.0,1.0,1.0
2766,3.828641396489095,1.0,0.0,1.0,0.9065194537956671,0.4259160220212455,0.8236352644765351,7.0,1.0,1.0
2767,3.4965075614664802,0.0,0.0,0.0,0.7508534881372062,-1.2184705569895626,0.8623006112350174,6.0,2.0,1.0
2768,3.8501476017100584,1.0,0.0,1.0,-0.6708956648767367,0.5083277870543033,0.6780751038806282,9.0,1.0,0.0
2769,3.8066624897703196,0.0,1.0,0.0,-0.3388082714720201,-0.3725918905318927,0.2124291248310592,6.0,1.0,1.0
2770,3.7612001156935624,1.0,0.0,0.0,-1.0341162514131454,0.43645957881126135,1.5028740540930972,8.0,1.0,1.0
2771,3.4011973816621555,1.0,0.0,0.0,-0.21427549894525139,0.33241024237997285,-1.1965148297635795,2.0,2.0,1.0
2772,3.828641396489095,0.0,0.0,0.0,-0.9718498651497611,1.242378978393037,-0.1832535883767211,1.0,2.0,0.0
2773,3.6888794541139363,1.0,0.0,1.0,-1.1897822170716064,0.9479661820323129,-1.194506495476612,3.0,1.0,0.0
2774,2.995732273553991,1.0,0.0,0.0,-0.10012045746238005,0.6052688845976378,1.316273701441705,3.0,1.0,1.0
2775,3.5263605246161616,0.0,0.0,1.0,-1.6775355761347839,-1.2184705569895626,-0.3414474252165814,1.0,2.0,1.0
2776,3.4657359027997265,0.0,1.0,0.0,-1.158649023939914,0.6733677856981397,1.0014075352804024,10.0,1.0,1.0
2777,3.871201010907891,0.0,0.0,1.0,-1.0548717135009402,-1.2184705569895626,-0.05866279536924633,2.0,2.0,1.0
2778,3.58351893845611,0.0,0.0,1.0,0.6885871018738219,-1.2184705569895626,-0.09754686644016934,8.0,2.0,0.0
2779,3.912023005428146,1.0,0.0,0.0,1.1244518057175124,0.24658285296190943,0.2921240577761407,9.0,1.0,0.0
2780,3.6375861597263857,0.0,0.0,1.0,0.44989928786418176,-1.2184705569895626,-0.012842486046719576,2.0,2.0,1.0
2781,3.8066624897703196,1.0,0.0,1.0,-0.41145238877930185,0.6254091082600336,-0.04787888697907558,2.0,1.0,1.0
2782,3.4339872044851463,1.0,0.0,1.0,-0.048231802242893085,1.0733250246874608,-1.694780114839659,6.0,2.0,0.0
2783,3.6635616461296463,0.0,1.0,0.0,-0.5982515475694549,-1.2184705569895626,-0.7319506493404072,10.0,2.0,0.0
2784,3.4965075614664802,0.0,0.0,1.0,0.24234466698623391,-1.2184705569895626,-0.25263179276273595,1.0,3.0,0.0
2785,3.4011973816621555,0.0,1.0,1.0,-1.3246927206422725,1.3278443593390385,-1.6991293904165345,3.0,1.0,0.0
2786,3.332204510175204,0.0,0.0,1.0,0.003656852976593882,0.4995681747117508,-0.9735758145739623,10.0,2.0,0.0
2787,3.4011973816621555,0.0,0.0,0.0,0.5225434051714636,0.19655827755166022,-0.20657119965658957,10.0,1.0,0.0
2788,3.4965075614664802,0.0,0.0,1.0,-0.6605179338328393,-1.2184705569895626,-1.593791205171545,1.0,2.0,1.0
2789,3.6375861597263857,0.0,1.0,1.0,1.4150282749466394,1.0477449072405547,-0.5984147621942523,8.0,1.0,0.0
2790,3.6635616461296463,0.0,1.0,0.0,-0.7020288580084288,-1.2184705569895626,-1.6674840856605277,3.0,2.0,1.0
2791,3.8066624897703196,1.0,0.0,0.0,0.23196693594233653,0.8884771905227593,1.2329536477379641,4.0,1.0,1.0
2792,3.8501476017100584,0.0,1.0,1.0,1.2697400403320758,-1.2184705569895626,-1.1415571297287956,9.0,2.0,1.0
2793,3.8501476017100584,0.0,1.0,0.0,0.5536765983031557,0.21235007658215346,0.6734006975690432,5.0,1.0,1.0
2794,3.7612001156935624,0.0,0.0,0.0,-0.048231802242893085,-1.2184705569895626,-0.8531373061688037,9.0,2.0,1.0
2795,3.58351893845611,1.0,0.0,0.0,-0.6293847407011471,0.225630071583585,-0.7540028587554547,2.0,2.0,0.0
2796,3.784189633918261,0.0,0.0,1.0,1.1244518057175124,0.7334546275547431,1.614892024202687,8.0,1.0,0.0
2797,3.9512437185814275,1.0,0.0,0.0,-0.048231802242893085,0.6987136623690056,-0.7906897762998948,1.0,2.0,0.0
2798,4.007333185232471,0.0,0.0,1.0,0.39801063264469483,-1.2184705569895626,-1.5227885641789043,5.0,1.0,0.0
2799,3.1780538303479458,0.0,0.0,1.0,0.2942333222057209,1.0231830887243494,-1.1947634704637247,5.0,1.0,1.0
2800,3.332204510175204,1.0,0.0,1.0,0.5432988672592584,1.1352143837393203,-0.6267887649323136,5.0,1.0,0.0
2801,3.4011973816621555,0.0,0.0,0.0,-1.604891458827502,0.15281961660985557,-0.6467540523106138,4.0,1.0,0.0
2802,4.394449154672439,0.0,0.0,0.0,0.003656852976593882,-1.2184705569895626,1.5330136732006638,4.0,2.0,1.0
2803,3.6635616461296463,1.0,0.0,1.0,-0.4737187750426862,0.38098774456134266,-1.1019087406312507,3.0,1.0,0.0
2804,3.6109179126442243,0.0,0.0,1.0,-0.6501402027889419,0.39696687216871,-0.5625657082918256,1.0,1.0,1.0
2805,3.9512437185814275,0.0,1.0,1.0,1.5603165095612028,-1.2184705569895626,-1.0358195726668928,7.0,1.0,1.0
2806,4.02535169073515,0.0,0.0,1.0,0.8338753364883853,0.9682466619625221,-1.689343129168483,9.0,1.0,1.0
2807,3.4657359027997265,0.0,0.0,1.0,-2.1445334731101666,1.1040289789866125,1.3120370914884079,7.0,1.0,1.0
2808,3.6635616461296463,0.0,0.0,1.0,-0.5152296992182758,0.5721335014365961,0.41655541501691573,7.0,2.0,0.0
2809,3.295836866004329,0.0,1.0,0.0,-0.048231802242893085,0.542068225507659,0.6287185196847025,8.0,1.0,1.0
2810,3.828641396489095,0.0,0.0,1.0,-2.1549112041540637,-1.2184705569895626,0.5142726749336782,6.0,1.0,0.0
2811,3.4657359027997265,1.0,0.0,0.0,-0.9926053272375559,0.8415643509172532,0.4286162004743089,1.0,2.0,0.0
2812,3.713572066704308,0.0,1.0,1.0,0.9065194537956671,0.5376405464778483,1.6150479826353257,1.0,1.0,1.0
2813,3.332204510175204,1.0,0.0,1.0,0.44989928786418176,0.791756564304515,0.08449870019133883,6.0,1.0,0.0
2814,4.110873864173311,1.0,0.0,1.0,-1.3350704516861698,1.4056401561060425,-0.754052584632528,1.0,1.0,1.0
2815,3.295836866004329,0.0,0.0,1.0,0.5225434051714636,-0.31003151091107606,0.00019004041403802496,5.0,2.0,1.0
2816,4.143134726391533,0.0,0.0,1.0,-0.08974272641848266,-1.2184705569895626,0.9639088340994071,9.0,2.0,0.0
2817,3.5263605246161616,1.0,0.0,0.0,-1.4077145689934516,1.0046217087342237,0.46640456358259086,10.0,1.0,1.0
2818,3.5553480614894135,1.0,0.0,0.0,-1.5633805346519125,0.27446487036584105,1.727788890496211,7.0,1.0,1.0
2819,3.6888794541139363,0.0,0.0,0.0,1.3838950818149471,0.8653273811684797,1.1017432277451458,1.0,1.0,0.0
2820,3.6635616461296463,0.0,0.0,1.0,-0.5567406233938653,0.7907147292192839,1.0028704497198917,0.0,1.0,0.0
2821,3.8066624897703196,0.0,1.0,0.0,-0.048231802242893085,-1.2184705569895626,1.2826830021452358,5.0,3.0,1.0
2822,3.828641396489095,0.0,0.0,1.0,1.2593623092881785,0.3326294328259051,0.2350542250326668,8.0,1.0,1.0
2823,3.332204510175204,0.0,1.0,0.0,1.062185419454128,-1.2184705569895626,0.37189862167122084,8.0,2.0,0.0
2824,3.4965075614664802,0.0,0.0,0.0,0.8131198744005905,0.8255194181431378,-0.6872217013129452,9.0,1.0,0.0
2825,3.784189633918261,0.0,1.0,0.0,1.1452072678053071,0.9302790020676007,0.6874640797122034,5.0,1.0,1.0
2826,3.4657359027997265,0.0,0.0,1.0,0.32536651533741306,-1.2184705569895626,-0.40171049382833013,2.0,2.0,1.0
2827,3.367295829986474,0.0,1.0,1.0,0.6885871018738219,-1.2184705569895626,0.8075164301698804,6.0,2.0,0.0
2828,3.6109179126442243,0.0,0.0,1.0,-0.3906969266915071,0.6758177873078222,0.7946297778729846,1.0,1.0,0.0
2829,3.58351893845611,1.0,0.0,0.0,-0.3906969266915071,0.8325416780176031,-0.538587751273761,6.0,1.0,0.0
2830,3.7376696182833684,0.0,0.0,0.0,1.2593623092881785,1.8274429492468933,-0.7455689327237509,7.0,1.0,1.0
2831,3.6109179126442243,0.0,0.0,1.0,0.07630097028387564,0.764354236145297,-0.06256227778532311,6.0,2.0,0.0
2832,4.343805421853684,0.0,0.0,0.0,0.6782093708299244,0.9988859318641893,-0.5569150404425972,9.0,1.0,1.0
2833,3.871201010907891,1.0,0.0,1.0,-1.1171380997643245,0.4666093927646341,-0.008853462278570255,5.0,1.0,0.0
2834,3.5263605246161616,0.0,0.0,1.0,-0.8265616305351976,-0.12662162371125232,-1.3984617008266642,9.0,1.0,0.0
2835,3.4657359027997265,0.0,1.0,0.0,-0.3388082714720201,1.0511163412946056,-0.6763315603672091,3.0,1.0,1.0
2836,3.6635616461296463,0.0,0.0,1.0,-1.2105376791594011,0.6911968230296132,1.6598237008059091,2.0,1.0,0.0
2837,3.4657359027997265,0.0,0.0,1.0,-0.22465322998914877,-1.2184705569895626,-1.1467578305505224,0.0,2.0,1.0
2838,3.6635616461296463,0.0,0.0,0.0,2.058447599668278,-1.2184705569895626,-1.5894236735908491,2.0,2.0,0.0
2839,3.912023005428146,0.0,0.0,1.0,1.0414299573663333,0.04085524753089599,-1.6123127034476914,2.0,1.0,0.0
2840,3.8066624897703196,1.0,0.0,0.0,-0.6293847407011471,0.6000893295020141,-1.7116460543693333,10.0,1.0,0.0
2841,4.007333185232471,0.0,1.0,1.0,-1.1378935618521193,0.4750140414704941,0.7041373749348945,8.0,1.0,1.0
2842,3.912023005428146,0.0,1.0,0.0,-0.22465322998914877,-1.2184705569895626,1.08539767125771,1.0,2.0,1.0
2843,3.1780538303479458,0.0,0.0,1.0,0.2527223980301313,0.5073134908709717,0.2772744504017746,1.0,1.0,1.0
2844,4.02535169073515,0.0,0.0,1.0,1.3838950818149471,-1.2184705569895626,-1.624308636624846,5.0,2.0,1.0
2845,3.6635616461296463,0.0,0.0,0.0,-1.0133607893253507,0.9855069889477931,1.2552894337456917,4.0,2.0,1.0
2846,3.7376696182833684,0.0,0.0,0.0,1.830137516702535,-1.2184705569895626,1.2335404478607686,7.0,2.0,0.0
2847,3.5553480614894135,1.0,0.0,1.0,-1.9681120453639107,0.29749091477146766,0.661509084413721,1.0,2.0,0.0
2848,3.4339872044851463,1.0,0.0,1.0,2.058447599668278,0.7542524225549356,0.030408942738196644,5.0,2.0,1.0
2849,3.58351893845611,1.0,0.0,1.0,-0.07936499537458526,1.36876300470436,-0.6369723115968415,5.0,3.0,1.0
2850,3.4011973816621555,0.0,0.0,1.0,-0.5878738165255575,1.1941580409473074,-0.22011924089189977,6.0,1.0,0.0
2851,3.6888794541139363,0.0,0.0,0.0,0.1178118944594652,-1.2184705569895626,0.012824585991506645,8.0,2.0,1.0
2852,3.7612001156935624,0.0,1.0,0.0,0.5640543293470531,0.3087668142201353,-0.4294340612302694,8.0,1.0,1.0
2853,3.4965075614664802,0.0,1.0,0.0,0.8442530675322827,-1.2184705569895626,0.5423571896111561,5.0,2.0,0.0
2854,3.4657359027997265,0.0,0.0,1.0,0.9376526469273593,0.46651156561893314,-1.4036441456445705,4.0,1.0,1.0
2855,4.248495242049359,0.0,1.0,0.0,0.16970054967895218,-1.2184705569895626,0.5920470762768345,9.0,1.0,1.0
2856,3.58351893845611,0.0,0.0,0.0,0.19045601176674695,0.4381067894085961,1.2900173951468312,3.0,2.0,1.0
2857,3.6375861597263857,0.0,1.0,1.0,-1.075627175588735,-1.2184705569895626,0.37089923586207096,4.0,1.0,0.0
2858,3.7612001156935624,1.0,0.0,0.0,1.248984578244281,0.4143167005851544,-0.1652222203364815,0.0,1.0,0.0
2859,3.8918202981106265,0.0,1.0,1.0,-1.2105376791594011,0.5342920081387487,0.9897734187123015,9.0,1.0,0.0
2860,3.58351893845611,0.0,1.0,1.0,0.6782093708299244,-1.2184705569895626,1.2925050799341165,1.0,3.0,0.0
2861,3.2188758248682006,0.0,1.0,1.0,0.33574424638131045,1.0804335837952044,-1.3544915070913264,8.0,1.0,1.0
2862,4.007333185232471,0.0,1.0,0.0,-0.152009112681867,-1.2184705569895626,0.8763871176496835,5.0,1.0,1.0
2863,3.4339872044851463,0.0,0.0,1.0,-1.0029830582814532,-1.2184705569895626,-0.21358533019116108,1.0,2.0,0.0
2864,3.871201010907891,0.0,0.0,1.0,-0.5774960854816601,-1.2184705569895626,-0.4450229498260179,6.0,1.0,0.0
2865,3.970291913552122,1.0,0.0,1.0,1.6537160889562794,0.013021102985498731,0.798544038958821,10.0,1.0,0.0
2866,3.828641396489095,1.0,0.0,0.0,1.591449702692895,0.6481861817793018,1.547369499138359,9.0,1.0,0.0
2867,3.4965075614664802,0.0,0.0,1.0,-0.3803191956476097,-1.2184705569895626,-1.6379227472073161,4.0,2.0,1.0
2868,3.713572066704308,0.0,1.0,0.0,-1.158649023939914,-1.2184705569895626,-1.684269177173282,8.0,2.0,0.0
2869,3.5263605246161616,0.0,0.0,1.0,-1.843579272837142,-1.2184705569895626,1.4172610463094912,5.0,2.0,0.0
2870,3.7376696182833684,0.0,1.0,1.0,0.055545508196080846,0.533165795138977,-0.5905846752222523,8.0,1.0,1.0
2871,3.6888794541139363,0.0,0.0,0.0,0.4706547499519766,1.2080459732191586,-0.9646993977829881,6.0,1.0,1.0
2872,3.6635616461296463,0.0,0.0,0.0,0.429143825776387,-1.2184705569895626,-0.3876846668930299,3.0,2.0,0.0
2873,3.5263605246161616,1.0,0.0,0.0,0.5536765983031557,0.6510638369178997,1.568762406015429,5.0,1.0,0.0
2874,3.7612001156935624,0.0,0.0,1.0,-0.1623868437257644,-1.2184705569895626,-0.7817135600213682,2.0,2.0,1.0
2875,3.4965075614664802,0.0,1.0,0.0,0.04516777715218345,0.45074346285286493,-1.4499947484114097,1.0,1.0,1.0
2876,3.8501476017100584,0.0,0.0,1.0,1.404650543902742,0.6657877029503154,-0.12294009842108679,7.0,2.0,1.0
2877,3.5553480614894135,0.0,1.0,1.0,0.667831639786027,-1.2184705569895626,-0.5865494029110908,9.0,1.0,1.0
2878,3.332204510175204,0.0,1.0,1.0,1.6744715510440742,0.9794437873429654,0.2660485728524427,1.0,1.0,1.0
2879,3.4965075614664802,0.0,0.0,0.0,0.5951875224787453,0.18753272267390428,0.6632507071782046,2.0,1.0,0.0
2880,4.110873864173311,0.0,0.0,1.0,-1.2416708722910934,0.009666320360503305,-1.5046695673203259,5.0,2.0,1.0
2881,3.332204510175204,0.0,1.0,0.0,-1.0133607893253507,-1.2184705569895626,0.602490553662427,4.0,2.0,1.0
2882,3.9318256327243257,0.0,1.0,1.0,-1.3869591069056568,-1.2184705569895626,0.1161596529506206,4.0,1.0,0.0
2883,3.5553480614894135,0.0,1.0,0.0,1.3216286955515628,-1.2184705569895626,0.19551902315880967,5.0,2.0,1.0
2884,3.332204510175204,0.0,0.0,0.0,1.010296764234641,-1.2184705569895626,0.5616516992490767,9.0,2.0,0.0
2885,3.970291913552122,1.0,0.0,0.0,-1.0963826376765298,0.47989339051343477,-1.3367365871089414,1.0,1.0,1.0
2886,3.2188758248682006,0.0,1.0,0.0,0.5536765983031557,1.6282806500506883,-0.357213136249335,5.0,2.0,0.0
2887,3.6109179126442243,0.0,0.0,1.0,-0.5982515475694549,1.2453029052912217,0.6085409410619746,6.0,1.0,0.0
2888,3.784189633918261,0.0,0.0,1.0,0.3046110532496183,-0.15632264962960088,-1.4197744551536267,3.0,1.0,1.0
2889,3.332204510175204,0.0,0.0,1.0,-0.42183011982319923,-1.2184705569895626,0.9917845348665179,7.0,2.0,1.0
2890,3.713572066704308,1.0,0.0,0.0,-0.6605179338328393,0.7914611615486747,0.3663873949178409,10.0,1.0,0.0
2891,3.4011973816621555,1.0,0.0,1.0,0.7300980260494114,0.498449486877033,-1.31280435703378,1.0,2.0,0.0
2892,3.5553480614894135,1.0,0.0,1.0,1.165962729893102,0.5228889814336385,1.145668563871096,6.0,2.0,0.0
2893,3.713572066704308,0.0,0.0,0.0,0.21121147385454175,-1.2184705569895626,0.22151174753185443,3.0,1.0,0.0
2894,3.6109179126442243,0.0,1.0,1.0,0.8442530675322827,-1.2184705569895626,0.13816370128892247,1.0,2.0,1.0
2895,3.828641396489095,0.0,0.0,0.0,0.4706547499519766,-1.2184705569895626,-0.9323370667435898,1.0,2.0,0.0
2896,3.1780538303479458,0.0,1.0,0.0,1.2593623092881785,-1.2184705569895626,-0.7593019681311096,8.0,2.0,0.0
2897,3.6375861597263857,0.0,1.0,0.0,0.2942333222057209,0.7691428028779064,-0.1322245803641268,6.0,2.0,0.0
2898,3.784189633918261,1.0,0.0,1.0,0.4706547499519766,0.43721241553644297,-0.5831143184588692,8.0,1.0,0.0
2899,3.6635616461296463,0.0,1.0,1.0,1.0310522263224358,-1.2184705569895626,-0.16676737372651507,7.0,2.0,0.0
2900,3.5263605246161616,0.0,1.0,0.0,-0.10012045746238005,-1.2184705569895626,0.8700959248664071,9.0,2.0,1.0
2901,2.995732273553991,0.0,0.0,1.0,2.058447599668278,-1.2184705569895626,-0.5539636531582693,8.0,1.0,1.0
2902,3.912023005428146,0.0,1.0,0.0,-0.2765418852086357,0.07548077348250866,-1.3981056218188115,2.0,1.0,1.0
2903,3.5553480614894135,0.0,0.0,0.0,-0.05860953328679048,0.8835019356528545,0.5228060527195283,3.0,1.0,0.0
2904,3.58351893845611,0.0,1.0,0.0,0.4395215568202844,-1.2184705569895626,0.5761793054893884,7.0,1.0,0.0
2905,3.7376696182833684,0.0,0.0,1.0,-0.25578642312084093,-1.2184705569895626,0.5613896821275755,3.0,2.0,0.0
2906,3.5553480614894135,1.0,0.0,0.0,1.6537160889562794,1.1719251809603426,1.4936619006985274,1.0,2.0,1.0
2907,3.332204510175204,1.0,0.0,0.0,0.1593228186350548,0.48055960778554885,-1.682274752222559,3.0,2.0,0.0
2908,3.6635616461296463,0.0,0.0,1.0,1.0414299573663333,1.1187302695238666,0.6478784564944606,0.0,2.0,1.0
2909,3.5263605246161616,0.0,0.0,0.0,0.6055652535226427,-1.2184705569895626,-0.47788949430427013,2.0,2.0,0.0
2910,3.5263605246161616,0.0,0.0,0.0,-2.3001994387686273,-1.2184705569895626,-0.5332731677615343,8.0,1.0,1.0
2911,3.4011973816621555,0.0,0.0,1.0,0.37725517055690005,-1.2184705569895626,0.9434751498230817,1.0,2.0,0.0
2912,3.6109179126442243,0.0,0.0,1.0,0.6263207156104375,0.3946286272655729,-0.5159132729284863,2.0,3.0,0.0
2913,3.4011973816621555,0.0,1.0,1.0,1.487672392253921,-1.2184705569895626,0.9611412239202066,4.0,2.0,0.0
2914,3.4657359027997265,0.0,1.0,0.0,1.747115668351356,0.29012537928262766,0.05458562939785096,2.0,1.0,0.0
2915,3.58351893845611,0.0,0.0,0.0,-0.29729734729643054,0.8718800387216018,-0.9136796047056558,0.0,1.0,1.0
2916,3.4965075614664802,0.0,1.0,0.0,-1.8643347349249368,1.3336451408263474,-0.7495064919477964,1.0,1.0,1.0
2917,3.4657359027997265,0.0,0.0,1.0,-1.4907364173446307,-0.05700968410522846,0.5106776331146475,8.0,1.0,0.0
2918,3.6109179126442243,0.0,0.0,1.0,-2.424732211295396,0.22484072980239717,-0.5437395955519301,7.0,1.0,1.0
2919,3.2188758248682006,0.0,0.0,0.0,2.058447599668278,-1.2184705569895626,-1.5173588809092564,6.0,2.0,1.0
2920,3.6888794541139363,0.0,0.0,1.0,-1.1690267549838116,-1.2184705569895626,-0.23756815547691118,6.0,2.0,1.0
2921,3.6888794541139363,0.0,0.0,1.0,-0.24540869207694355,-1.2184705569895626,0.5913260510592728,6.0,2.0,0.0
2922,3.4657359027997265,0.0,0.0,1.0,1.09331861258582,-0.5854057997952772,1.6011054378507883,10.0,2.0,0.0
2923,3.5553480614894135,1.0,0.0,0.0,-0.6293847407011471,1.1933496460886421,-0.4895469090105802,4.0,1.0,1.0
2924,3.4657359027997265,0.0,0.0,1.0,-1.0133607893253507,-1.2184705569895626,1.6035597402310866,1.0,2.0,1.0
2925,3.58351893845611,0.0,0.0,1.0,1.4669169301661262,-1.2184705569895626,-0.3603764670446847,2.0,2.0,1.0
2926,3.4011973816621555,0.0,0.0,0.0,-1.1378935618521193,-1.2184705569895626,1.6729528971535643,7.0,2.0,1.0
2927,3.4965075614664802,1.0,0.0,0.0,0.7923644123127958,0.82728719149123,0.907796137556241,9.0,2.0,1.0
2928,3.367295829986474,0.0,0.0,1.0,-1.1897822170716064,1.3087371647176618,-0.23506430108624213,3.0,1.0,0.0
2929,3.4011973816621555,1.0,0.0,0.0,-0.5359851613060705,-0.026771009160261493,-0.07615691529705143,6.0,2.0,1.0
2930,3.713572066704308,0.0,0.0,0.0,0.014034584020491275,-1.2184705569895626,-1.1237950812115853,0.0,2.0,0.0
2931,3.5553480614894135,1.0,0.0,1.0,0.23196693594233653,1.2279750119303603,1.3088356838850894,2.0,1.0,0.0
2932,3.4657359027997265,0.0,1.0,1.0,0.055545508196080846,0.7855772830259833,-0.028008183087236474,3.0,1.0,0.0
2933,4.276666119016055,0.0,1.0,1.0,0.7819866812688984,-1.2184705569895626,1.7041652738189688,8.0,1.0,1.0
2934,3.58351893845611,0.0,1.0,1.0,-0.1727645747696618,0.6009407939223705,-0.16601087970153078,2.0,1.0,0.0
2935,3.713572066704308,0.0,0.0,0.0,-0.5567406233938653,-1.2184705569895626,-0.5558292428820301,9.0,1.0,0.0
2936,3.8066624897703196,0.0,0.0,0.0,0.18007828072284957,0.3252784673374885,0.5420849143541747,8.0,1.0,0.0
2937,3.5553480614894135,0.0,0.0,0.0,-1.6982910382225787,-1.2184705569895626,1.4055306075878993,2.0,2.0,1.0
2938,3.4011973816621555,0.0,0.0,0.0,0.6159429845665401,-1.2184705569895626,-1.6899233223565715,9.0,2.0,1.0
2939,3.4965075614664802,0.0,0.0,1.0,-0.3284305404281227,-1.2184705569895626,-1.1434430618568134,7.0,2.0,1.0
2940,3.8066624897703196,0.0,0.0,0.0,-0.20389776790135397,0.9237020078104747,-1.1444627900702204,3.0,1.0,1.0
2941,3.713572066704308,1.0,0.0,0.0,-1.9888675074517057,0.6949640487435215,-0.15423123670297437,6.0,2.0,0.0
2942,3.6109179126442243,0.0,1.0,1.0,0.24234466698623391,-0.3523051663157877,-0.7989656574985233,3.0,2.0,1.0
2943,3.4339872044851463,0.0,0.0,1.0,1.4772946612100237,-1.2184705569895626,-1.326905120518096,8.0,2.0,1.0
2944,3.4965075614664802,0.0,0.0,1.0,1.352761888683255,-1.2184705569895626,-0.22366768643451213,9.0,1.0,1.0
2945,4.143134726391533,0.0,0.0,0.0,1.6744715510440742,-0.18307269007754928,0.6958641017368119,10.0,2.0,1.0
2946,3.4965075614664802,0.0,0.0,1.0,0.9272749158834619,-1.2184705569895626,0.7505375297121037,8.0,2.0,0.0
2947,3.6635616461296463,0.0,0.0,1.0,0.4083883636885922,-1.2184705569895626,-0.3271108984829252,7.0,2.0,0.0
2948,4.276666119016055,0.0,0.0,1.0,0.7093425639616167,1.7137082450615257,1.6909790491927124,5.0,2.0,1.0
2949,3.970291913552122,0.0,1.0,1.0,-0.7954284374035054,0.7656949964040527,0.18971239687694247,8.0,1.0,0.0
2950,3.6635616461296463,0.0,0.0,0.0,0.5536765983031557,0.7652018579281787,-1.3779664677374581,3.0,1.0,0.0
2951,2.9444389791664403,1.0,0.0,0.0,0.7819866812688984,0.28362763942340985,0.4475471548361457,2.0,2.0,0.0
2952,3.5553480614894135,0.0,0.0,0.0,-1.5633805346519125,-1.2184705569895626,-1.2701014776969966,5.0,1.0,0.0
2953,3.5263605246161616,0.0,0.0,0.0,0.4083883636885922,-1.2184705569895626,-0.0003995415760153812,6.0,2.0,1.0
2954,3.8066624897703196,0.0,1.0,0.0,-1.2728040654227855,-1.2184705569895626,-1.4999478692655106,1.0,2.0,0.0
2955,3.8501476017100584,0.0,0.0,0.0,-0.027476340155098297,-1.2184705569895626,-0.5881665371161886,2.0,2.0,1.0
2956,3.58351893845611,1.0,0.0,0.0,-1.3869591069056568,1.0497363541116325,1.6055781587868314,8.0,1.0,1.0
2957,3.9512437185814275,0.0,0.0,1.0,0.14894508759115738,1.1547207323283442,0.9827337297723814,2.0,1.0,0.0
2958,3.1354942159291497,0.0,0.0,1.0,-1.158649023939914,-1.2184705569895626,1.4918105680444174,4.0,3.0,1.0
2959,3.7376696182833684,0.0,0.0,0.0,-1.1897822170716064,-1.2184705569895626,1.3010654070589396,0.0,2.0,1.0
2960,3.828641396489095,0.0,1.0,1.0,0.16970054967895218,0.422435072799176,1.0075220794933768,4.0,2.0,1.0
2961,3.4657359027997265,0.0,1.0,0.0,-0.7539175132279158,-1.2184705569895626,0.20802612444294027,9.0,2.0,0.0
2962,3.784189633918261,0.0,0.0,0.0,0.3149887842935157,0.7965433698282818,1.614996344224519,5.0,1.0,1.0
2963,3.5553480614894135,0.0,1.0,0.0,0.2631001290740287,1.530166427308416,-0.8633093776309302,10.0,1.0,1.0
2964,3.6635616461296463,0.0,1.0,0.0,-2.020000700583398,-1.2184705569895626,1.2655374849570522,6.0,2.0,0.0
2965,3.8066624897703196,0.0,1.0,0.0,-1.0860049066326325,-1.2184705569895626,-1.6512506731965613,5.0,3.0,0.0
2966,3.8501476017100584,1.0,0.0,0.0,-0.5567406233938653,0.8912821557691343,1.4700245485517442,7.0,1.0,0.0
2967,3.871201010907891,0.0,0.0,0.0,0.8234976054444879,0.6294248245306159,1.587461769928799,1.0,3.0,0.0
2968,3.6375861597263857,0.0,0.0,1.0,-0.34918600251591747,1.4742289934845227,0.01463853730446054,2.0,2.0,1.0
2969,3.713572066704308,0.0,0.0,1.0,1.6018274337367924,0.07223822789374289,0.7373226170798435,5.0,1.0,1.0
2970,3.6109179126442243,0.0,1.0,0.0,0.14894508759115738,-1.2184705569895626,1.325934952530261,6.0,2.0,0.0
2971,3.713572066704308,0.0,0.0,0.0,-1.2105376791594011,-1.2184705569895626,-1.2647328216401204,8.0,1.0,1.0
2972,3.4011973816621555,1.0,0.0,1.0,0.06592323923997824,-0.011313519590036089,-0.7913781145772824,5.0,2.0,1.0
2973,3.4965075614664802,0.0,1.0,0.0,-1.1067603687204273,-1.2184705569895626,-0.09896648807059873,4.0,1.0,0.0
2974,3.7612001156935624,0.0,1.0,0.0,-1.999245238495603,0.8571020555447557,1.3431503641330718,6.0,2.0,1.0
2975,3.9512437185814275,0.0,0.0,0.0,0.37725517055690005,-1.2184705569895626,-0.15312753087199282,5.0,1.0,0.0
2976,3.1780538303479458,0.0,1.0,1.0,1.3735173507710499,-1.2184705569895626,-1.627106499610378,2.0,1.0,1.0
2977,3.6635616461296463,0.0,1.0,1.0,0.9065194537956671,0.8368031629766487,-1.5236784139651303,0.0,1.0,0.0
2978,3.367295829986474,1.0,0.0,0.0,0.16970054967895218,0.7750739138195533,0.24040358188550406,1.0,1.0,0.0
2979,3.5263605246161616,0.0,0.0,0.0,0.5744320603909505,-0.28925148810920237,-0.2972339919636721,2.0,1.0,1.0
2980,3.713572066704308,0.0,0.0,1.0,0.1178118944594652,1.2827372391266838,-1.1618393761067616,6.0,1.0,1.0
2981,3.970291913552122,1.0,0.0,1.0,0.7404757570933088,0.8900962217786154,-0.13140479885923115,5.0,1.0,1.0
2982,4.219507705176107,0.0,0.0,1.0,-1.1378935618521193,0.8538535858898837,-1.3750691529977797,10.0,1.0,1.0
2983,3.6109179126442243,0.0,0.0,1.0,-0.3284305404281227,-1.2184705569895626,0.7912099936906315,8.0,2.0,1.0
2984,3.6888794541139363,0.0,1.0,1.0,1.404650543902742,0.5256928259107501,0.012814153989323607,10.0,1.0,1.0
2985,3.912023005428146,0.0,0.0,0.0,-0.3388082714720201,1.1088867131937599,-1.082223552511569,9.0,1.0,0.0
2986,3.6109179126442243,0.0,1.0,1.0,0.958408109015154,1.2440907132779617,-0.2298163085212849,2.0,1.0,1.0
2987,3.6888794541139363,0.0,1.0,0.0,2.058447599668278,-1.2184705569895626,0.7406512951097963,10.0,2.0,1.0
2988,3.8501476017100584,0.0,0.0,0.0,-0.07936499537458526,0.3096386125971266,0.14482679495002954,9.0,1.0,0.0
2989,3.7376696182833684,0.0,1.0,0.0,1.352761888683255,-1.2184705569895626,0.5652856872095915,4.0,1.0,0.0
2990,3.332204510175204,0.0,0.0,1.0,-0.8161838994913002,0.8348272467653629,-1.543935449671154,2.0,1.0,1.0
2991,3.6375861597263857,1.0,0.0,1.0,-0.21427549894525139,0.887286613345292,-0.8463676322187249,9.0,2.0,1.0
2992,3.828641396489095,1.0,0.0,1.0,0.7819866812688984,0.6135524902230562,0.07384971236273752,6.0,2.0,1.0
2993,3.7376696182833684,1.0,0.0,1.0,-0.06898726433068787,0.28536643288054975,0.40947086846760766,2.0,1.0,0.0
2994,3.713572066704308,1.0,0.0,1.0,-0.027476340155098297,0.3025947378868679,0.39592404429921896,4.0,1.0,1.0
2995,3.6635616461296463,0.0,1.0,1.0,-0.1727645747696618,0.4347784249162367,1.0069201529674066,0.0,1.0,0.0
2996,3.8501476017100584,1.0,0.0,1.0,1.1452072678053071,0.7600357520637154,-0.7548791469388428,6.0,3.0,1.0
2997,3.7376696182833684,0.0,0.0,1.0,0.429143825776387,-1.2184705569895626,0.9727873372908178,4.0,2.0,0.0
2998,3.4965075614664802,1.0,0.0,0.0,0.07630097028387564,1.1979678558932225,1.2904598859061018,3.0,2.0,1.0
2999,3.6635616461296463,0.0,0.0,1.0,0.08667870132777303,-1.2184705569895626,0.8024685581801375,7.0,2.0,1.0
3000,3.6109179126442243,0.0,1.0,1.0,-2.0096229695395005,-1.2184705569895626,-0.36003464510648203,5.0,2.0,0.0
3001,3.6375861597263857,0.0,1.0,0.0,0.5640543293470531,-1.2184705569895626,0.1820038427303765,7.0,2.0,1.0
3002,3.4339872044851463,0.0,0.0,1.0,1.9546702892293037,0.9636945775444796,-0.8053142262938072,8.0,1.0,0.0
3003,3.58351893845611,1.0,0.0,0.0,-1.3039372585544777,0.6794144959838063,-1.0336448479451035,9.0,1.0,0.0
3004,3.9512437185814275,0.0,0.0,1.0,0.13856735654726,-1.2184705569895626,-0.8185284434592552,2.0,1.0,0.0
3005,3.713572066704308,0.0,1.0,0.0,-0.29729734729643054,-1.2184705569895626,-1.2957793294708122,7.0,1.0,1.0
3006,3.6109179126442243,0.0,1.0,0.0,-0.3076750783403279,0.5260868563617649,0.18688949708617097,0.0,2.0,0.0
3007,3.7376696182833684,0.0,0.0,1.0,1.1763404609369994,0.7698095004797046,-0.004831056103435005,4.0,1.0,0.0
3008,3.4965075614664802,0.0,0.0,0.0,-0.28691961625253315,0.052303585336224534,0.783106935994838,2.0,2.0,1.0
3009,3.4011973816621555,1.0,0.0,0.0,-1.3558259137739646,0.17789266602004328,-1.7288684206402665,2.0,1.0,1.0
3010,3.1354942159291497,0.0,1.0,0.0,0.1178118944594652,-1.2184705569895626,-1.2395896099781933,9.0,1.0,0.0
3011,3.5263605246161616,1.0,0.0,1.0,-0.08974272641848266,0.3606982984770266,-1.0463379866015012,7.0,2.0,1.0
3012,3.6635616461296463,0.0,0.0,1.0,-1.2416708722910934,-1.2184705569895626,-1.2144126681758742,9.0,2.0,0.0
3013,3.58351893845611,1.0,0.0,1.0,-0.23503096103304616,1.2928097526063034,-1.1928472855293757,7.0,2.0,0.0
3014,3.6375861597263857,0.0,1.0,1.0,0.03479004610828606,-1.2184705569895626,0.09753366078593917,1.0,1.0,1.0
3015,3.4965075614664802,1.0,0.0,0.0,0.02441231506438867,0.6149614572969817,0.44704502779772803,1.0,1.0,1.0
3016,3.871201010907891,0.0,0.0,0.0,0.2942333222057209,-1.2184705569895626,1.3807109618603541,5.0,2.0,1.0
3017,2.9444389791664403,1.0,0.0,1.0,1.902781634009817,1.0690572954425193,0.2990740314972858,2.0,1.0,1.0
3018,3.7612001156935624,0.0,0.0,0.0,0.014034584020491275,-1.2184705569895626,-1.6458738454046415,1.0,2.0,1.0
3019,3.6375861597263857,0.0,0.0,1.0,1.778248861483048,1.4210720280931057,1.270712105773321,5.0,1.0,1.0
3020,3.8066624897703196,0.0,1.0,1.0,-0.3284305404281227,-1.2184705569895626,-1.47445535939715,8.0,2.0,1.0
3021,3.6888794541139363,0.0,0.0,1.0,0.5432988672592584,0.567155364588586,1.7222135069294042,2.0,1.0,0.0
3022,3.8066624897703196,0.0,0.0,1.0,0.49141021203977137,1.3224352066543226,0.11735881160157842,8.0,1.0,0.0
3023,4.1588830833596715,0.0,0.0,1.0,2.058447599668278,1.5007169340347424,1.4548465069753105,8.0,1.0,0.0
3024,3.4011973816621555,0.0,0.0,1.0,1.6744715510440742,-1.2184705569895626,-1.1558209801805754,6.0,1.0,0.0
3025,3.713572066704308,0.0,1.0,0.0,-0.7124065890523262,-0.3470184977005667,0.16008759707711656,3.0,1.0,0.0
3026,3.4011973816621555,0.0,1.0,1.0,0.055545508196080846,0.12467581952798429,0.9150314265370959,7.0,1.0,0.0
3027,3.6109179126442243,0.0,0.0,1.0,1.5188055853856133,-1.2184705569895626,1.0190816072458677,1.0,2.0,1.0
3028,3.713572066704308,0.0,1.0,1.0,-1.5737582656958098,0.36668528777194653,0.9113171121597707,1.0,1.0,1.0
3029,3.8501476017100584,0.0,0.0,0.0,-0.42183011982319923,-1.2184705569895626,-0.39561890002015876,5.0,1.0,0.0
3030,3.367295829986474,0.0,1.0,1.0,-0.46334104399878884,0.9580009095767681,0.17610697962962468,1.0,2.0,1.0
3031,3.4965075614664802,0.0,0.0,1.0,-0.442585581910994,0.6791584802620785,-1.6798272306436794,7.0,1.0,0.0
3032,3.1780538303479458,1.0,0.0,1.0,-1.8747124659688343,0.45615966037295014,0.5442886748153738,6.0,2.0,0.0
3033,3.2188758248682006,0.0,0.0,0.0,0.5536765983031557,0.3853424134791408,0.36472470763654347,7.0,1.0,0.0
3034,3.1780538303479458,0.0,0.0,1.0,0.5121656741275662,-1.2184705569895626,-1.0687707902295323,3.0,2.0,0.0
3035,3.9318256327243257,0.0,0.0,0.0,1.0518076884102305,-1.2184705569895626,-1.7311888456592142,4.0,2.0,1.0
3036,3.5553480614894135,0.0,0.0,1.0,-1.5114918794324255,-1.2184705569895626,0.26794267671550415,7.0,2.0,0.0
3037,3.8066624897703196,0.0,0.0,1.0,-0.5256074302621732,-1.2184705569895626,-1.2140099928916028,3.0,2.0,0.0
3038,3.1780538303479458,1.0,0.0,1.0,0.27347786011792613,0.6318187876771311,-0.15296374843771676,10.0,1.0,1.0
3039,4.248495242049359,0.0,0.0,1.0,0.6989648329177193,-1.2184705569895626,-0.7321740680538307,3.0,2.0,1.0
3040,3.58351893845611,0.0,1.0,0.0,-0.9095834788863767,-1.2184705569895626,0.09399390857847946,9.0,2.0,1.0
3041,4.060443010546419,1.0,0.0,1.0,0.055545508196080846,0.4975005155307652,0.45097997902122783,8.0,1.0,1.0
3042,3.4965075614664802,1.0,0.0,1.0,-1.3454481827300673,0.7741028473078081,1.1363025384443242,8.0,2.0,1.0
3043,3.6109179126442243,0.0,1.0,0.0,-1.2624263343788882,-1.2184705569895626,-1.4902026405593796,2.0,2.0,1.0
3044,3.7612001156935624,0.0,1.0,0.0,0.10743416341556782,0.463024051891178,-0.9073913676563313,6.0,1.0,0.0
3045,3.4339872044851463,0.0,0.0,1.0,1.010296764234641,-1.2184705569895626,0.45414609168382614,1.0,2.0,1.0
3046,3.9512437185814275,0.0,1.0,1.0,-0.42183011982319923,0.7488756120689626,0.8557225383917034,1.0,1.0,1.0
3047,3.4011973816621555,0.0,0.0,0.0,0.7612312191811036,-1.2184705569895626,1.5708081216435523,6.0,2.0,1.0
3048,3.871201010907891,1.0,0.0,0.0,1.902781634009817,0.5153479655001367,-0.948820847259953,5.0,2.0,1.0
3049,3.4657359027997265,1.0,0.0,1.0,-0.9303389409741715,0.5860992471173031,1.4941932373430578,2.0,1.0,1.0
3050,4.219507705176107,0.0,1.0,1.0,0.055545508196080846,0.6994133426091254,0.12349804488638644,5.0,2.0,1.0
3051,3.6888794541139363,0.0,0.0,0.0,0.8131198744005905,0.3667882384342799,1.6432926285463154,1.0,1.0,0.0
3052,3.6375861597263857,0.0,0.0,1.0,-0.28691961625253315,-1.2184705569895626,0.20295912711586148,0.0,2.0,0.0
3053,3.6375861597263857,0.0,0.0,1.0,-1.5114918794324255,-1.2184705569895626,0.47139645049395085,5.0,2.0,1.0
3054,3.332204510175204,0.0,0.0,1.0,-0.4840965060865836,-1.2184705569895626,1.6979912671935502,9.0,2.0,0.0
3055,3.58351893845611,0.0,0.0,1.0,-1.4803586863007334,-1.2184705569895626,-0.5737602898346079,8.0,2.0,1.0
3056,3.6375861597263857,0.0,0.0,1.0,-0.9303389409741715,-1.2184705569895626,-0.832928257672823,2.0,1.0,1.0
3057,4.204692619390966,0.0,0.0,0.0,1.2386068472003837,1.083478553773831,0.5284954928435378,7.0,1.0,1.0
3058,4.02535169073515,0.0,0.0,0.0,-0.785050706359608,-0.5046675033822956,-0.5718726190395594,6.0,3.0,1.0
3059,3.784189633918261,1.0,0.0,1.0,0.3564997084691052,0.9413483597520221,-0.04493132476221498,2.0,1.0,1.0
3060,3.6375861597263857,0.0,0.0,1.0,0.7300980260494114,-1.2184705569895626,0.3560014674109591,2.0,1.0,0.0
3061,3.8066624897703196,0.0,0.0,1.0,-0.12087591955017483,0.977415515196092,-0.13996756011789746,3.0,1.0,0.0
3062,3.8501476017100584,1.0,0.0,0.0,0.1178118944594652,0.30960867204680553,-1.3803748693081508,6.0,1.0,1.0
3063,3.6375861597263857,0.0,0.0,1.0,1.830137516702535,-1.2184705569895626,-0.09711915435065865,4.0,2.0,0.0
3064,4.0943445622221,0.0,1.0,1.0,0.5121656741275662,-1.2184705569895626,-1.2663355249088646,7.0,2.0,1.0
3065,3.871201010907891,0.0,0.0,0.0,0.03479004610828606,-1.2184705569895626,1.1709458267610768,10.0,2.0,0.0
3066,3.828641396489095,0.0,0.0,0.0,1.062185419454128,-1.2184705569895626,-0.4616093116971825,6.0,1.0,0.0
3067,3.6888794541139363,1.0,0.0,0.0,-0.5359851613060705,0.19813952287235193,-0.7267440370507766,7.0,2.0,0.0
3068,3.6109179126442243,1.0,0.0,0.0,-0.36994146460371224,0.03438184437568242,0.6346764099982262,10.0,1.0,0.0
3069,3.4339872044851463,0.0,0.0,1.0,1.7886265925269456,0.9211423309228781,1.0714123552642212,0.0,1.0,1.0
3070,3.6375861597263857,0.0,0.0,1.0,-2.3313326319003194,-1.2184705569895626,0.3660556572484156,5.0,2.0,1.0
3071,3.4657359027997265,0.0,1.0,1.0,-0.7746729753157106,-1.2184705569895626,1.6684937378203593,6.0,1.0,1.0
3072,3.828641396489095,1.0,0.0,0.0,-0.6708956648767367,0.94270465067057,0.39777711562035983,8.0,1.0,1.0
3073,3.4339872044851463,1.0,0.0,0.0,2.058447599668278,1.261155866301515,-0.8039580660099924,8.0,1.0,1.0
3074,3.1354942159291497,0.0,1.0,0.0,-0.7954284374035054,0.4663552983616431,-1.1481150340345554,8.0,1.0,1.0
3075,3.6635616461296463,0.0,1.0,1.0,0.08667870132777303,0.5406459693124682,0.9425421810944983,6.0,1.0,1.0
3076,3.5553480614894135,0.0,0.0,0.0,-0.35956373355981486,0.8828861529975913,1.4395768376463673,0.0,2.0,0.0
3077,4.07753744390572,1.0,0.0,0.0,-0.3076750783403279,0.6535703573204341,0.3474607872235806,7.0,1.0,0.0
3078,3.6888794541139363,1.0,0.0,1.0,1.6640938200001767,0.6344926229196942,1.4807888100044697,5.0,3.0,1.0
3079,3.6109179126442243,0.0,0.0,1.0,0.429143825776387,1.6332759186574386,-0.7252268761999346,8.0,1.0,0.0
3080,3.5263605246161616,0.0,0.0,1.0,-1.4180923000373489,-1.2184705569895626,0.618925129901826,2.0,2.0,1.0
3081,3.58351893845611,0.0,0.0,1.0,-0.19352003685745658,-1.2184705569895626,-0.6042879794233889,10.0,2.0,0.0
3082,3.4965075614664802,0.0,0.0,0.0,0.5017879430836688,0.5575188303524096,1.0677940153069811,8.0,2.0,1.0
3083,4.343805421853684,1.0,0.0,1.0,-0.41145238877930185,0.32125634667111574,1.58152578681986,6.0,1.0,1.0
3084,4.04305126783455,0.0,1.0,0.0,-0.3388082714720201,-1.2184705569895626,-1.0082370111611296,7.0,2.0,1.0
3085,3.871201010907891,0.0,0.0,1.0,-1.7916906176176552,0.7316213692596925,-1.6451161343127358,6.0,1.0,1.0
3086,3.784189633918261,0.0,0.0,1.0,-0.1623868437257644,-1.2184705569895626,-0.9962968891956554,6.0,2.0,0.0
3087,3.5553480614894135,0.0,1.0,1.0,-0.4737187750426862,1.3684608773329399,1.576013516866262,3.0,1.0,1.0
3088,3.8501476017100584,0.0,0.0,0.0,-1.075627175588735,-1.2184705569895626,0.07020337986630613,1.0,1.0,1.0
3089,3.6888794541139363,0.0,1.0,0.0,0.6885871018738219,-1.2184705569895626,-0.8396509876130774,2.0,1.0,1.0
3090,3.713572066704308,1.0,0.0,1.0,0.21121147385454175,0.43034818412810977,-1.723809768914934,10.0,1.0,0.0
3091,3.871201010907891,0.0,0.0,0.0,-0.8265616305351976,-1.2184705569895626,-1.1185121414393144,2.0,2.0,0.0
3092,3.784189633918261,0.0,0.0,1.0,-1.0444939824570427,-1.2184705569895626,1.3555063752522494,7.0,2.0,0.0
3093,3.784189633918261,0.0,0.0,0.0,0.08667870132777303,-1.2184705569895626,0.2015951428304093,1.0,1.0,1.0
3094,3.6375861597263857,0.0,0.0,1.0,0.2942333222057209,-1.2184705569895626,-0.6813909075593536,4.0,2.0,0.0
3095,3.258096538021482,0.0,1.0,1.0,-1.0963826376765298,0.8265849494927939,0.08429840574942174,7.0,2.0,1.0
3096,3.5553480614894135,0.0,1.0,1.0,0.20083374281064434,1.2369751093348484,0.6968328870062237,10.0,1.0,0.0
3097,3.4965075614664802,0.0,1.0,1.0,0.24234466698623391,-1.2184705569895626,1.5841753415076874,10.0,2.0,0.0
3098,3.8918202981106265,1.0,0.0,1.0,0.8442530675322827,0.15712192959206597,-1.3313110766401668,7.0,1.0,1.0
3099,3.58351893845611,0.0,0.0,1.0,1.695227013131869,-1.2184705569895626,1.7049202030436255,4.0,2.0,1.0
3100,3.4657359027997265,0.0,0.0,1.0,-0.7539175132279158,-1.2184705569895626,0.6714160091536913,9.0,1.0,1.0
3101,3.784189633918261,0.0,1.0,1.0,-0.7746729753157106,-1.2184705569895626,0.6011898568568862,3.0,2.0,1.0
3102,3.295836866004329,0.0,0.0,1.0,1.7886265925269456,1.1233928297692963,-1.3653347040272383,7.0,1.0,0.0
3103,3.4657359027997265,0.0,1.0,1.0,0.49141021203977137,0.7977534804129099,0.8211755722284417,8.0,2.0,0.0
3104,3.7376696182833684,0.0,0.0,1.0,0.719720295005514,-1.2184705569895626,1.178615608632862,2.0,2.0,0.0
3105,3.5553480614894135,0.0,1.0,1.0,0.32536651533741306,0.6165417419583048,-1.3055998424593651,9.0,2.0,1.0
3106,3.713572066704308,0.0,0.0,1.0,-0.29729734729643054,-1.2184705569895626,-0.5965752524759496,6.0,2.0,1.0
3107,3.5553480614894135,1.0,0.0,1.0,0.5640543293470531,1.0333351768216665,-0.40266450042798285,0.0,2.0,1.0
3108,3.871201010907891,0.0,0.0,1.0,-1.231293141247196,0.11600138564944647,0.6479135775684771,9.0,1.0,1.0
3109,3.4339872044851463,0.0,0.0,1.0,-1.3558259137739646,0.4997662306515741,-0.6282059524289001,2.0,1.0,0.0
3110,3.5263605246161616,0.0,1.0,0.0,0.08667870132777303,-1.2184705569895626,0.30259100716664555,1.0,2.0,0.0
3111,3.4657359027997265,0.0,0.0,1.0,-1.0548717135009402,1.0582951886461505,0.3788628524620162,5.0,2.0,1.0
3112,3.784189633918261,0.0,0.0,1.0,0.27347786011792613,0.42006512613687547,-0.3613240405763245,5.0,1.0,1.0
3113,3.5553480614894135,1.0,0.0,0.0,0.6574539087421296,0.4190937394053407,1.346098274083339,9.0,1.0,0.0
3114,3.4965075614664802,0.0,0.0,0.0,0.27347786011792613,-1.2184705569895626,-0.1764194098798095,5.0,2.0,0.0
3115,3.4965075614664802,0.0,0.0,0.0,-1.075627175588735,1.5426048847029665,1.5239847753111118,2.0,1.0,0.0
3116,3.367295829986474,0.0,0.0,1.0,-0.8680725547107871,1.1048143180204313,1.4788722773367142,5.0,2.0,0.0
3117,3.6109179126442243,0.0,0.0,0.0,-1.4492254931690411,0.13170048105087132,-1.4388500666124036,3.0,2.0,0.0
3118,3.58351893845611,1.0,0.0,1.0,-1.7916906176176552,0.2678918788560841,-0.01706379573014771,9.0,1.0,0.0
3119,3.4657359027997265,0.0,1.0,0.0,0.33574424638131045,-1.2184705569895626,1.5336044722576383,8.0,2.0,0.0
3120,3.828641396489095,0.0,0.0,1.0,0.33574424638131045,1.1522989100601404,1.445592451705305,6.0,1.0,0.0
3121,3.4657359027997265,0.0,1.0,1.0,-1.4492254931690411,-1.2184705569895626,1.182832050048605,6.0,2.0,0.0
3122,3.091042453358316,0.0,1.0,1.0,0.4083883636885922,0.4306764094123765,0.07332463491951695,3.0,1.0,1.0
3123,3.871201010907891,0.0,1.0,1.0,-0.048231802242893085,0.47234132699719444,0.9898163637879557,5.0,2.0,1.0
3124,3.6635616461296463,0.0,0.0,0.0,-1.0860049066326325,1.4640101395610892,1.0219198073065077,5.0,1.0,1.0
3125,4.0943445622221,0.0,1.0,1.0,1.5084278543417158,0.852093657926635,-0.11834654012642173,4.0,1.0,1.0
3126,4.0943445622221,1.0,0.0,1.0,0.7819866812688984,1.2245031889722922,-0.4972794567621673,5.0,1.0,0.0
3127,3.8501476017100584,0.0,0.0,1.0,1.09331861258582,-1.2184705569895626,-1.0948601844894745,0.0,2.0,0.0
3128,3.9318256327243257,1.0,0.0,0.0,-2.507754059646575,0.41911407336197565,-0.1844518776941636,2.0,2.0,0.0
3129,3.6109179126442243,0.0,0.0,0.0,0.36687743951300267,0.33712451812141164,-0.6475880908851598,4.0,1.0,1.0
3130,3.9512437185814275,0.0,1.0,1.0,2.058447599668278,0.539528882576698,-1.5295667575974328,3.0,2.0,1.0
3131,3.5263605246161616,0.0,0.0,0.0,0.14894508759115738,1.1388218197782536,-0.7653806958032551,2.0,1.0,1.0
3132,3.9512437185814275,0.0,0.0,1.0,-0.7124065890523262,0.7871945530729969,1.1240649305499257,6.0,2.0,0.0
3133,3.6109179126442243,1.0,0.0,0.0,0.1178118944594652,0.0184344185274783,-1.1234104880644318,6.0,1.0,0.0
3134,3.828641396489095,1.0,0.0,1.0,0.4187660947324896,1.2199523854334076,0.13230508886284228,6.0,4.0,1.0
3135,3.4657359027997265,1.0,0.0,0.0,-1.0652494445448377,0.9433366044252045,-1.340305548922514,9.0,2.0,1.0
3136,3.5553480614894135,0.0,0.0,1.0,1.6744715510440742,-1.2184705569895626,-0.9955979450493815,0.0,2.0,0.0
3137,4.30406509320417,0.0,0.0,0.0,1.217851385112589,-1.2184705569895626,-1.2281801291904373,1.0,1.0,1.0
3138,4.060443010546419,0.0,1.0,1.0,-0.9199612099302741,-1.2184705569895626,-1.0629133948703733,6.0,2.0,1.0
3139,3.7612001156935624,0.0,0.0,1.0,0.9065194537956671,1.0493727445406231,1.2469453967994664,2.0,2.0,0.0
3140,3.6375861597263857,0.0,0.0,1.0,0.4395215568202844,1.0844776395171598,-1.166725204329259,10.0,1.0,1.0
3141,4.060443010546419,0.0,0.0,0.0,-0.25578642312084093,-1.2184705569895626,0.12659461086776347,9.0,2.0,1.0
3142,3.9318256327243257,0.0,1.0,1.0,1.8405152477464324,-1.2184705569895626,1.35663963842275,7.0,2.0,1.0
3143,3.5553480614894135,0.0,1.0,1.0,0.16970054967895218,-1.2184705569895626,-0.007761927116802388,0.0,1.0,0.0
3144,4.189654742026425,0.0,0.0,1.0,-1.4180923000373489,0.25635948335600434,0.732275092823506,7.0,1.0,1.0
3145,3.8066624897703196,0.0,0.0,1.0,-1.2416708722910934,1.1606912303041033,-0.44497096368180494,3.0,1.0,0.0
3146,4.007333185232471,0.0,1.0,1.0,-1.4907364173446307,-1.2184705569895626,1.3095304552304898,10.0,1.0,1.0
3147,3.6109179126442243,0.0,0.0,1.0,0.5432988672592584,0.6127128739349125,-0.5845539347601496,3.0,1.0,1.0
3148,3.5263605246161616,0.0,0.0,1.0,1.4772946612100237,-1.2184705569895626,1.3507951091996173,0.0,2.0,0.0
3149,3.295836866004329,0.0,0.0,0.0,0.27347786011792613,-1.2184705569895626,-0.9560514418398257,1.0,2.0,0.0
3150,3.8501476017100584,1.0,0.0,0.0,1.7678711304391508,0.6239783662404202,-1.2897680620794514,3.0,2.0,0.0
3151,3.4339872044851463,1.0,0.0,0.0,1.09331861258582,1.3653512229568285,-0.4956072068122019,6.0,1.0,0.0
3152,3.6635616461296463,0.0,0.0,0.0,-0.13125365059407224,-1.2184705569895626,-0.11674992219228432,5.0,2.0,0.0
3153,4.1588830833596715,0.0,0.0,1.0,1.4669169301661262,0.4423460190922691,-0.3505018815114821,4.0,2.0,1.0
3154,3.367295829986474,0.0,1.0,1.0,2.058447599668278,0.34112838625978126,1.311343537209929,9.0,1.0,1.0
3155,3.58351893845611,1.0,0.0,1.0,0.532921136215361,1.0341328443173818,1.1714959410095374,5.0,2.0,0.0
3156,3.6375861597263857,0.0,1.0,1.0,1.4357837370344342,-1.2184705569895626,0.33126336516714594,6.0,2.0,1.0
3157,3.713572066704308,0.0,1.0,0.0,0.13856735654726,1.5583561759300846,0.28401995688012877,1.0,1.0,1.0
3158,4.02535169073515,0.0,1.0,1.0,-2.2586885145930378,-1.2184705569895626,-0.46716661312687124,6.0,1.0,1.0
3159,3.6109179126442243,0.0,1.0,0.0,1.0206744952785385,0.589811715247202,-1.5748060043983558,8.0,1.0,1.0
3160,3.332204510175204,0.0,0.0,0.0,-0.1727645747696618,0.8224752487139849,0.9125352222813613,8.0,1.0,1.0
3161,4.07753744390572,1.0,0.0,1.0,1.7159824752196637,0.6120272833655318,-1.0014753350793912,3.0,2.0,1.0
3162,3.4657359027997265,0.0,0.0,0.0,0.4602770189080792,-1.2184705569895626,1.5759768309919173,8.0,2.0,0.0
3163,3.7612001156935624,0.0,1.0,1.0,-0.3180528093842253,-0.11877687930738298,-0.45681006909280525,8.0,1.0,1.0
3164,3.6888794541139363,0.0,1.0,0.0,1.2593623092881785,-1.2184705569895626,1.4196244164040936,4.0,2.0,1.0
3165,3.784189633918261,1.0,0.0,0.0,-0.36994146460371224,0.31833161922345715,0.2578660580733536,7.0,1.0,1.0
3166,3.4011973816621555,0.0,0.0,0.0,-0.14163138163796962,0.4373497898261507,-1.479516792989731,9.0,1.0,1.0
3167,3.6635616461296463,0.0,0.0,1.0,0.6885871018738219,-1.2184705569895626,-1.0801112459361761,7.0,2.0,0.0
3168,4.2626798770413155,0.0,1.0,1.0,0.8234976054444879,-1.2184705569895626,0.7084958654470316,3.0,2.0,1.0
3169,3.2188758248682006,0.0,1.0,0.0,-1.0029830582814532,-1.2184705569895626,1.694074745840574,2.0,2.0,1.0
3170,3.1354942159291497,0.0,0.0,0.0,-1.6982910382225787,-1.2184705569895626,-0.5917970477426421,6.0,2.0,1.0
3171,4.1588830833596715,1.0,0.0,1.0,0.5121656741275662,0.7175225722564365,0.7701627338192318,3.0,3.0,0.0
3172,3.8501476017100584,0.0,0.0,1.0,-0.8992057478424793,0.9489324452472152,0.6902322114915129,7.0,1.0,1.0
3173,3.367295829986474,1.0,0.0,1.0,-0.5359851613060705,0.6487840321263515,-0.7046121966857307,2.0,1.0,1.0
3174,3.8066624897703196,0.0,1.0,1.0,0.5536765983031557,1.7363914941824619,-0.5489143902349019,0.0,1.0,0.0
3175,3.6109179126442243,0.0,0.0,1.0,0.9687858400590514,-0.14210985438127266,0.5278299311042502,8.0,1.0,0.0
3176,3.4965075614664802,0.0,1.0,1.0,-0.6086292786133524,1.3198704062500946,1.1548101273842264,10.0,1.0,0.0
3177,3.4011973816621555,0.0,0.0,0.0,-1.1171380997643245,0.6798011613796622,1.107636439645133,1.0,1.0,1.0
3178,4.406719247264253,0.0,0.0,0.0,0.6159429845665401,-1.2184705569895626,-0.4895225676721526,6.0,2.0,1.0
3179,3.6888794541139363,1.0,0.0,0.0,0.5951875224787453,0.7784828135889791,-0.4657789829698038,9.0,1.0,0.0
3180,3.332204510175204,1.0,0.0,0.0,0.23196693594233653,0.5678436770261773,-1.3632037937146182,4.0,1.0,1.0
3181,3.4011973816621555,0.0,0.0,0.0,-1.5011141483885282,0.21210286690463742,1.3943308100440253,4.0,2.0,0.0
3182,3.7612001156935624,0.0,1.0,1.0,-0.03785407119899569,0.36334491503747984,-0.19659629303572526,2.0,2.0,0.0
3183,3.828641396489095,0.0,0.0,1.0,0.1178118944594652,0.11356563382039778,-0.8997461009896767,5.0,1.0,1.0
3184,3.5263605246161616,0.0,0.0,0.0,0.9687858400590514,-1.2184705569895626,1.286608738433474,1.0,2.0,1.0
3185,3.7376696182833684,1.0,0.0,1.0,1.0829408815419228,0.7739288078521994,-0.9273733462381245,2.0,2.0,1.0
3186,3.6888794541139363,0.0,1.0,0.0,0.8234976054444879,-1.2184705569895626,0.6312376743452403,2.0,2.0,0.0
3187,3.7612001156935624,1.0,0.0,1.0,-0.7020288580084288,0.982706346668577,-1.2998655447259682,3.0,1.0,0.0
3188,3.4657359027997265,0.0,0.0,1.0,-0.4529633129548914,0.06181491363469518,-0.6872875967934023,7.0,2.0,0.0
3189,3.4965075614664802,0.0,0.0,1.0,-0.9614721341058636,1.1079825726180261,0.054414892295452606,9.0,1.0,0.0
3190,3.5263605246161616,1.0,0.0,1.0,-0.3076750783403279,0.33341253032119694,-0.9019773323899583,3.0,2.0,0.0
3191,3.713572066704308,0.0,0.0,0.0,-1.158649023939914,1.4281159028033643,1.7287820171040507,3.0,1.0,1.0
3192,3.871201010907891,0.0,1.0,0.0,-0.027476340155098297,0.5552793732543421,-0.5044069483871295,8.0,1.0,1.0
3193,3.4657359027997265,0.0,0.0,1.0,1.217851385112589,-0.23704413450363204,-1.622407056493553,4.0,2.0,1.0
3194,3.828641396489095,0.0,0.0,1.0,-0.12087591955017483,-1.2184705569895626,-1.556506186168602,1.0,1.0,1.0
3195,3.4011973816621555,1.0,0.0,1.0,-0.8473170926229924,0.7353288739828535,1.2755118699778072,4.0,2.0,1.0
3196,3.7376696182833684,0.0,0.0,0.0,-1.4492254931690411,1.1055290485906588,-0.6183042436900213,8.0,1.0,0.0
3197,4.394449154672439,0.0,0.0,1.0,-0.28691961625253315,-1.2184705569895626,-0.6020977805650279,3.0,1.0,1.0
3198,3.295836866004329,0.0,0.0,1.0,0.09705643237167041,-1.2184705569895626,1.6768501193025014,8.0,2.0,0.0
3199,3.4657359027997265,1.0,0.0,0.0,2.058447599668278,1.4181016693254394,-0.6693031727629872,4.0,1.0,1.0
3200,3.7612001156935624,0.0,1.0,1.0,1.830137516702535,-1.2184705569895626,1.4889918410545193,10.0,1.0,1.0
3201,3.258096538021482,0.0,0.0,1.0,1.404650543902742,-1.2184705569895626,-0.9236388633232452,5.0,2.0,0.0
3202,3.784189633918261,1.0,0.0,0.0,1.09331861258582,0.8859071064920032,-1.6853570611342858,5.0,2.0,1.0
3203,3.6888794541139363,0.0,1.0,0.0,2.058447599668278,-1.2184705569895626,0.06068191760700456,6.0,2.0,0.0
3204,3.58351893845611,0.0,1.0,1.0,-1.2728040654227855,0.31494945780645694,0.21472903357904669,5.0,1.0,1.0
3205,3.5553480614894135,0.0,0.0,0.0,-1.5737582656958098,-1.2184705569895626,-1.5230258922285718,4.0,2.0,0.0
3206,3.5263605246161616,1.0,0.0,1.0,-0.6605179338328393,1.1861594309345693,-0.6054087241912698,9.0,2.0,1.0
3207,3.4011973816621555,0.0,0.0,0.0,0.18007828072284957,1.1193164318485982,-0.8725001454210245,7.0,1.0,0.0
3208,3.58351893845611,0.0,0.0,0.0,0.6574539087421296,-1.2184705569895626,0.8968230621931481,3.0,1.0,1.0
3209,3.8066624897703196,0.0,0.0,1.0,-0.5256074302621732,0.3904126135166404,-0.6563947871282098,1.0,2.0,1.0
3210,3.8501476017100584,1.0,0.0,0.0,-1.0029830582814532,0.7091403389358435,1.343791236800526,4.0,1.0,0.0
3211,3.58351893845611,0.0,1.0,1.0,-0.5463628923499679,0.9766785293504922,-0.40963829388744616,6.0,1.0,0.0
3212,3.970291913552122,1.0,0.0,1.0,0.481032480995874,0.33109525981427396,0.9204924058132933,8.0,1.0,1.0
3213,3.58351893845611,1.0,0.0,1.0,-0.152009112681867,1.1371912606099746,-0.27245937771221795,8.0,2.0,1.0
3214,3.4965075614664802,1.0,0.0,1.0,-0.11049818850627745,0.7500472962788473,-0.022192863470216623,5.0,1.0,1.0
3215,3.8918202981106265,0.0,1.0,1.0,-0.08974272641848266,-1.2184705569895626,1.291795008318847,8.0,2.0,0.0
3216,3.58351893845611,1.0,0.0,1.0,-0.5048519681743784,0.4682236207236472,0.5206996576120391,1.0,2.0,1.0
3217,3.8501476017100584,1.0,0.0,1.0,-0.6812733959206341,0.49420833587462265,-0.3662382090714197,8.0,1.0,1.0
3218,3.6375861597263857,1.0,0.0,1.0,1.9235370960976117,0.28658823148749574,0.7005395512486146,6.0,2.0,0.0
3219,3.7612001156935624,0.0,0.0,1.0,-0.06898726433068787,0.35538056854222133,-1.7344112911336018,4.0,1.0,1.0
3220,3.5263605246161616,1.0,0.0,0.0,-0.7435397821840184,0.8893283347233262,-0.35914079638608554,7.0,2.0,0.0
3221,3.7612001156935624,0.0,0.0,1.0,0.1593228186350548,-1.2184705569895626,-0.20066373068695148,6.0,1.0,0.0
3222,3.4011973816621555,0.0,1.0,1.0,-0.3284305404281227,-1.2184705569895626,-1.5178112820706007,9.0,2.0,0.0
3223,3.6109179126442243,0.0,0.0,1.0,0.5432988672592584,0.7032801566775768,0.0029633881944392646,7.0,2.0,1.0
3224,3.9889840465642745,0.0,1.0,0.0,0.5640543293470531,-1.2184705569895626,-0.20781017378254646,3.0,3.0,0.0
3225,3.8066624897703196,1.0,0.0,1.0,-1.5737582656958098,1.3567070498484013,1.666170704800866,9.0,2.0,0.0
3226,3.970291913552122,0.0,0.0,1.0,-0.2765418852086357,1.422990624962066,-0.567549597334845,5.0,1.0,1.0
3227,3.8918202981106265,1.0,0.0,1.0,-1.4596032242129386,1.1787921342368866,-0.21078590240530187,6.0,1.0,0.0
3228,3.713572066704308,0.0,1.0,0.0,-0.3180528093842253,-1.2184705569895626,0.5364189462350775,7.0,2.0,1.0
3229,3.713572066704308,0.0,0.0,0.0,2.058447599668278,-1.2184705569895626,-1.7270412554578805,0.0,2.0,0.0
3230,3.912023005428146,0.0,0.0,0.0,-0.23503096103304616,-1.2184705569895626,1.6674545365362106,4.0,2.0,1.0
3231,3.5263605246161616,0.0,0.0,0.0,0.4083883636885922,0.8358487478939589,0.2286260252873845,1.0,1.0,1.0
3232,3.6109179126442243,0.0,0.0,0.0,-1.9266011211883212,0.6954855266707685,-0.34473072403703764,5.0,1.0,1.0
3233,3.5263605246161616,0.0,1.0,1.0,-0.048231802242893085,0.7230250690097997,-0.4036282435630068,7.0,2.0,0.0
3234,3.912023005428146,0.0,1.0,1.0,-0.25578642312084093,0.5601502364728602,0.8041154235914573,4.0,1.0,1.0
3235,3.4339872044851463,0.0,1.0,1.0,0.19045601176674695,0.9181373884179427,-1.6913116479804513,3.0,1.0,0.0
3236,3.7612001156935624,0.0,0.0,0.0,-0.3284305404281227,-1.2184705569895626,-0.6061926891553365,1.0,2.0,1.0
3237,3.4657359027997265,0.0,0.0,1.0,-1.0652494445448377,-1.2184705569895626,-1.2995917046686594,4.0,2.0,1.0
3238,3.332204510175204,1.0,0.0,1.0,1.217851385112589,1.8014273328862287,1.2329374781345803,7.0,1.0,0.0
3239,3.7612001156935624,0.0,1.0,0.0,0.8027421433566931,-1.2184705569895626,0.853766885715761,1.0,2.0,1.0
3240,3.713572066704308,0.0,0.0,1.0,0.9999190331907436,-1.2184705569895626,-0.6957194364246696,0.0,1.0,0.0
3241,3.4011973816621555,0.0,0.0,1.0,1.0310522263224358,0.9516029181819884,-0.5842957427061155,1.0,1.0,0.0
3242,3.6109179126442243,0.0,0.0,1.0,-0.4322078508670966,0.853996724135803,0.038373428671656905,4.0,2.0,0.0
3243,4.007333185232471,1.0,0.0,0.0,0.39801063264469483,1.0875570331231605,0.14430467324076085,1.0,1.0,1.0
3244,3.4011973816621555,0.0,1.0,1.0,0.5017879430836688,-1.2184705569895626,0.8982950177011964,8.0,2.0,1.0
3245,3.6635616461296463,0.0,1.0,1.0,2.058447599668278,1.124641366728668,0.06034600713670594,1.0,1.0,1.0
3246,3.5263605246161616,0.0,0.0,0.0,-0.19352003685745658,-1.2184705569895626,1.5766185729928868,3.0,2.0,0.0
3247,3.713572066704308,0.0,1.0,0.0,-0.7746729753157106,-1.2184705569895626,0.1452779790444525,1.0,2.0,1.0
3248,3.58351893845611,0.0,0.0,0.0,-0.3803191956476097,0.3416405778131322,0.6847707106152063,2.0,2.0,1.0
3249,3.6375861597263857,0.0,0.0,0.0,-1.6775355761347839,0.6462578182067611,-1.3213090468136262,3.0,1.0,1.0
3250,3.6109179126442243,0.0,1.0,1.0,0.24234466698623391,0.4817452215562782,-1.3463710627252277,9.0,1.0,1.0
3251,3.828641396489095,0.0,1.0,1.0,-1.0341162514131454,-1.2184705569895626,-1.2810277829169678,9.0,2.0,0.0
3252,3.9318256327243257,0.0,0.0,0.0,0.03479004610828606,-1.2184705569895626,1.3707068456333773,10.0,4.0,0.0
3253,3.784189633918261,0.0,1.0,0.0,-0.5878738165255575,-1.2184705569895626,0.08203918180994864,5.0,2.0,0.0
3254,3.4657359027997265,1.0,0.0,1.0,0.08667870132777303,0.7859412128167824,0.6857848750941153,9.0,2.0,1.0
3255,3.7376696182833684,1.0,0.0,1.0,1.6329606268684846,0.05770537296578106,1.1343710532401063,1.0,2.0,0.0
3256,3.1780538303479458,0.0,0.0,1.0,-0.29729734729643054,0.4788896615831576,1.5819201165023846,1.0,2.0,1.0
3257,3.8918202981106265,0.0,0.0,0.0,0.33574424638131045,-0.04471484528628115,-1.3770755747510135,3.0,1.0,0.0
3258,3.4657359027997265,0.0,0.0,0.0,-0.017098609111200903,1.3523517404910237,-1.2754423150813843,1.0,2.0,0.0
3259,3.6635616461296463,1.0,0.0,1.0,-1.2105376791594011,0.8225341691552582,-0.6894776217850603,8.0,1.0,0.0
3260,3.332204510175204,0.0,0.0,1.0,-1.81244607970545,0.8398218749325338,0.569272624577304,1.0,1.0,1.0
3261,3.8066624897703196,0.0,1.0,1.0,0.44989928786418176,-1.2184705569895626,-0.5121619249434107,8.0,2.0,1.0
3262,3.6375861597263857,0.0,1.0,0.0,2.0273144065365853,0.5861628107455245,0.272379059510609,9.0,1.0,0.0
3263,3.6888794541139363,0.0,0.0,0.0,1.165962729893102,0.07909877677449655,0.16298056514921846,5.0,1.0,1.0
3264,3.295836866004329,1.0,0.0,1.0,-0.12087591955017483,0.2289672421201565,-1.688813183457577,5.0,1.0,1.0
3265,3.6375861597263857,1.0,0.0,0.0,1.0206744952785385,0.9141885980833718,-1.2703487161487381,1.0,2.0,1.0
3266,3.6109179126442243,0.0,1.0,1.0,-0.3906969266915071,-1.2184705569895626,0.5247208467202531,5.0,2.0,0.0
3267,3.6375861597263857,0.0,0.0,0.0,0.5121656741275662,-1.2184705569895626,1.1099127025215056,3.0,2.0,1.0
3268,3.58351893845611,0.0,0.0,1.0,0.09705643237167041,-1.2184705569895626,0.9556275630329837,5.0,1.0,0.0
3269,3.8918202981106265,0.0,0.0,1.0,-1.4180923000373489,0.8531583887268174,0.8262949034331397,5.0,1.0,1.0
3270,3.6375861597263857,1.0,0.0,0.0,-0.46334104399878884,0.9578561702319011,1.398916022736944,4.0,1.0,0.0
3271,4.143134726391533,0.0,0.0,0.0,-0.4529633129548914,1.1027466588394454,1.311037357945852,8.0,1.0,0.0
3272,3.4011973816621555,1.0,0.0,1.0,-0.22465322998914877,0.8846431989827346,-1.5840470196656324,6.0,1.0,1.0
3273,4.07753744390572,0.0,0.0,1.0,-1.4596032242129386,1.169045124173323,1.0808983487160997,0.0,1.0,1.0
3274,3.5263605246161616,0.0,1.0,1.0,1.3735173507710499,-1.2184705569895626,1.0708655444831188,10.0,2.0,0.0
3275,3.828641396489095,0.0,0.0,1.0,0.7612312191811036,0.8606416049883092,-1.3250840406703168,1.0,1.0,0.0
3276,3.4339872044851463,1.0,0.0,0.0,-1.0444939824570427,1.0765517193966447,0.788749779842429,2.0,1.0,0.0
3277,3.4011973816621555,0.0,1.0,1.0,-0.40107465773540446,-1.2184705569895626,0.5818628341454942,0.0,2.0,1.0
3278,3.871201010907891,0.0,0.0,1.0,-0.4737187750426862,0.279816703708231,0.6483362475235994,3.0,2.0,1.0
3279,4.356708826689592,0.0,0.0,0.0,-1.3558259137739646,-1.2184705569895626,-0.8932782596360983,6.0,2.0,1.0
3280,4.248495242049359,1.0,0.0,1.0,-0.40107465773540446,0.04285101736913258,-1.5940047134828943,9.0,1.0,1.0
3281,3.828641396489095,0.0,1.0,0.0,-0.8784502857546845,1.3003864730463375,-0.66482054142487,1.0,1.0,0.0
3282,3.6888794541139363,0.0,0.0,0.0,-0.017098609111200903,-1.2184705569895626,1.492548458332175,4.0,2.0,0.0
3283,2.995732273553991,1.0,0.0,0.0,0.9272749158834619,0.5221092462461365,-1.3139809130133406,8.0,2.0,0.0
3284,3.6888794541139363,0.0,0.0,0.0,-0.7539175132279158,1.4473779236929785,-0.11467638789167214,3.0,2.0,0.0
3285,3.6635616461296463,1.0,0.0,0.0,1.0414299573663333,0.4090225068048795,1.2443666058597813,10.0,2.0,0.0
3286,3.044522437723423,0.0,1.0,0.0,-0.08974272641848266,0.9160079268175781,-1.6772155788971175,0.0,1.0,1.0
3287,4.127134385045092,0.0,0.0,1.0,-0.5982515475694549,-0.21952539014821154,1.5996227026071503,3.0,1.0,1.0
3288,3.4339872044851463,0.0,0.0,1.0,-1.4388477621251439,-1.2184705569895626,1.0795795697734412,5.0,2.0,0.0
3289,3.5553480614894135,0.0,1.0,0.0,0.04516777715218345,-0.25977525648310296,-1.502185186000399,6.0,1.0,0.0
3290,3.58351893845611,1.0,0.0,0.0,1.3112509645076653,1.214530423957111,0.5356325471371678,1.0,3.0,1.0
3291,4.04305126783455,0.0,0.0,1.0,-0.9407166720180689,1.2273521844397273,0.5691669136218473,7.0,2.0,0.0
3292,3.6635616461296463,0.0,0.0,0.0,-1.5841359967397073,-1.2184705569895626,1.4363286598999283,9.0,2.0,1.0
3293,3.6888794541139363,0.0,0.0,0.0,-1.366203644817862,1.1134347948644332,0.06411578499230493,6.0,1.0,0.0
3294,3.9512437185814275,0.0,0.0,1.0,-3.1304179222804187,-1.2184705569895626,0.4414910298353971,10.0,1.0,1.0
3295,3.367295829986474,0.0,0.0,1.0,-0.7020288580084288,-1.2184705569895626,-1.4013129408900336,10.0,2.0,0.0
3296,4.02535169073515,0.0,1.0,0.0,-0.24540869207694355,-1.2184705569895626,-0.2528115709336929,7.0,3.0,0.0
3297,3.713572066704308,0.0,0.0,1.0,-0.006720878067303511,-1.2184705569895626,0.8221207116262387,4.0,2.0,1.0
3298,3.784189633918261,0.0,0.0,0.0,-1.4388477621251439,-1.2184705569895626,0.9052980207667725,9.0,2.0,0.0
3299,3.8918202981106265,1.0,0.0,1.0,-0.5774960854816601,0.8841961721565526,-1.7263445715787462,2.0,1.0,0.0
3300,3.6375861597263857,0.0,1.0,1.0,-1.8954679280566291,0.33101680596583954,0.3383371319808648,9.0,1.0,1.0
3301,3.4657359027997265,1.0,0.0,1.0,0.4602770189080792,1.192856827832558,-1.64938108453863,3.0,1.0,0.0
3302,3.1354942159291497,0.0,1.0,0.0,0.6782093708299244,0.39960404224537216,-0.2735223987346851,6.0,1.0,1.0
3303,3.6635616461296463,0.0,0.0,0.0,0.6159429845665401,0.8473002878971827,-1.4962347719551068,2.0,2.0,1.0
3304,3.8918202981106265,0.0,0.0,0.0,0.27347786011792613,-1.2184705569895626,-1.1845435856582585,2.0,2.0,1.0
3305,3.8918202981106265,0.0,1.0,0.0,-0.4840965060865836,1.1882360562696619,0.5747176081168203,10.0,1.0,1.0
3306,3.4657359027997265,1.0,0.0,0.0,-2.4039767492076014,0.5167644577391161,-1.5739571871540499,1.0,2.0,1.0
3307,3.5263605246161616,0.0,0.0,1.0,-0.21427549894525139,-1.2184705569895626,-0.736990871195216,7.0,1.0,1.0
3308,3.4965075614664802,0.0,0.0,0.0,0.6366984466543348,0.6563205649827999,0.8541643449989403,1.0,1.0,0.0
3309,3.7612001156935624,1.0,0.0,1.0,-0.4529633129548914,0.8852253585600972,-0.508615739667938,8.0,2.0,0.0
3310,3.6109179126442243,1.0,0.0,1.0,1.2801177713759733,0.5419225255034236,-0.4998450338324203,2.0,2.0,1.0
3311,4.007333185232471,0.0,0.0,1.0,0.6470761776982322,0.8007278419279457,0.21465740049738885,7.0,1.0,0.0
3312,3.4657359027997265,1.0,0.0,0.0,0.06592323923997824,0.9110395566731485,0.7981869167507496,3.0,1.0,1.0
3313,3.5553480614894135,0.0,1.0,1.0,1.8924039029659194,-1.2184705569895626,-0.817072483687888,5.0,2.0,0.0
3314,3.295836866004329,1.0,0.0,0.0,0.2631001290740287,0.36219308445454573,0.8817715955765375,6.0,1.0,1.0
3315,3.258096538021482,0.0,0.0,1.0,-1.6360246519591943,-1.2184705569895626,0.16616093488146727,6.0,2.0,1.0
3316,3.4339872044851463,1.0,0.0,1.0,1.6018274337367924,1.4726378213503555,-0.2678056615382964,8.0,1.0,0.0
3317,3.58351893845611,0.0,0.0,1.0,-0.5256074302621732,-1.2184705569895626,0.3225555990781333,2.0,2.0,1.0
3318,4.143134726391533,0.0,0.0,0.0,-0.6190070096572498,-1.2184705569895626,0.008872074230998847,5.0,1.0,1.0
3319,3.6888794541139363,0.0,0.0,0.0,1.0310522263224358,-1.2184705569895626,-0.2826368390421391,3.0,2.0,1.0
3320,3.7612001156935624,0.0,1.0,0.0,-0.5256074302621732,0.3308150674984365,1.7180005428477227,4.0,1.0,1.0
3321,3.58351893845611,0.0,0.0,0.0,-0.7642952442718132,-1.2184705569895626,-1.2873328850364885,2.0,2.0,1.0
3322,3.1780538303479458,0.0,1.0,0.0,-0.017098609111200903,-1.2184705569895626,1.3942569166952277,5.0,1.0,1.0
3323,4.060443010546419,0.0,1.0,0.0,0.5536765983031557,-1.2184705569895626,-1.152686685124636,3.0,2.0,1.0
3324,3.8501476017100584,1.0,0.0,0.0,0.04516777715218345,1.0476531642708546,-0.8664845313620874,7.0,1.0,0.0
3325,3.828641396489095,0.0,1.0,1.0,-0.06898726433068787,-1.2184705569895626,1.2950558783346096,4.0,1.0,1.0
3326,3.58351893845611,0.0,0.0,0.0,-1.5011141483885282,-1.2184705569895626,-0.0486367719376846,2.0,2.0,0.0
3327,3.713572066704308,0.0,1.0,1.0,-2.05113389371509,0.7537152538580015,0.8324510017881439,2.0,1.0,0.0
3328,3.9889840465642745,1.0,0.0,0.0,0.6159429845665401,0.7637704754689864,0.03472500977478871,5.0,1.0,0.0
3329,3.6888794541139363,0.0,1.0,1.0,0.9272749158834619,1.0813092248096696,1.2830731590268873,7.0,2.0,1.0
3330,3.5263605246161616,0.0,1.0,0.0,-0.19352003685745658,0.26823019106372104,1.0324533476442816,4.0,1.0,1.0
3331,3.6635616461296463,1.0,0.0,0.0,-0.8992057478424793,1.1095383604654505,-0.28838400291156213,7.0,2.0,1.0
3332,3.5553480614894135,0.0,1.0,1.0,0.03479004610828606,0.6406443652963262,-0.8856620287088536,1.0,1.0,1.0
3333,3.4657359027997265,0.0,1.0,1.0,0.49141021203977137,0.6146865486076712,0.6600854638491215,6.0,1.0,0.0
3334,3.4657359027997265,0.0,1.0,0.0,-0.2765418852086357,-1.2184705569895626,0.8938878445122046,8.0,2.0,0.0
3335,3.713572066704308,1.0,0.0,1.0,-0.4737187750426862,0.30727843263840665,-0.05990941963013761,9.0,2.0,1.0
3336,4.174387269895637,0.0,1.0,0.0,-0.048231802242893085,0.24198785909207,-1.0193997750972532,1.0,1.0,1.0
3337,4.02535169073515,1.0,0.0,1.0,-0.6501402027889419,0.702231436866871,-0.6133054021105392,7.0,1.0,0.0
3338,3.6635616461296463,0.0,0.0,1.0,0.003656852976593882,-1.2184705569895626,0.7870759650921362,6.0,2.0,1.0
3339,4.127134385045092,1.0,0.0,0.0,0.8338753364883853,0.3004468636486053,0.9927147217278525,9.0,2.0,1.0
3340,3.4011973816621555,0.0,0.0,0.0,0.4083883636885922,-1.2184705569895626,1.7248383725453982,9.0,2.0,0.0
3341,3.4339872044851463,1.0,0.0,1.0,0.2942333222057209,0.5155239262744827,-0.9744658382268915,4.0,2.0,1.0
3342,3.713572066704308,1.0,0.0,0.0,-0.442585581910994,0.9812756046489634,1.211693227288621,10.0,2.0,0.0
3343,3.9889840465642745,0.0,1.0,1.0,-2.4558654044270884,1.4595185766832675,-1.3574475887766366,5.0,1.0,1.0
3344,3.4657359027997265,0.0,1.0,0.0,0.7819866812688984,-1.2184705569895626,0.3706794683494118,0.0,1.0,0.0
3345,3.912023005428146,0.0,0.0,1.0,-1.4907364173446307,0.2836390072259382,0.5570249324141286,1.0,2.0,1.0
3346,4.007333185232471,1.0,0.0,1.0,-1.0444939824570427,0.430565933584989,1.3257139679506804,5.0,1.0,0.0
3347,3.7376696182833684,1.0,0.0,1.0,0.03479004610828606,0.7919008233196975,1.1059600168942947,8.0,1.0,0.0
3348,3.4011973816621555,1.0,0.0,1.0,0.8027421433566931,0.5375590505414134,-1.3019628987648986,5.0,1.0,1.0
3349,3.8501476017100584,1.0,0.0,1.0,-0.8680725547107871,1.1965777817868795,-0.6244333927060521,8.0,1.0,0.0
3350,3.58351893845611,0.0,0.0,1.0,-2.0718893558028846,1.153916820546733,-1.6735645519997036,4.0,1.0,1.0
3351,3.5263605246161616,0.0,0.0,0.0,0.34612197742520784,-1.2184705569895626,-0.5252540876833154,1.0,3.0,1.0
3352,3.713572066704308,0.0,0.0,1.0,0.1593228186350548,-0.0505442864447531,-0.02607635014961254,8.0,2.0,0.0
3353,3.4339872044851463,0.0,1.0,0.0,0.2942333222057209,-1.2184705569895626,1.037989263469495,3.0,1.0,0.0
3354,3.5263605246161616,1.0,0.0,1.0,0.9168971848395645,0.8073056367345456,0.6335358444261971,2.0,1.0,0.0
3355,3.8066624897703196,0.0,0.0,1.0,-0.07936499537458526,-0.04408753471859491,0.9864414372149906,5.0,1.0,0.0
3356,3.4011973816621555,0.0,1.0,0.0,-1.4596032242129386,-1.2184705569895626,0.699738547347649,9.0,2.0,1.0
3357,3.5553480614894135,0.0,1.0,1.0,-0.23503096103304616,0.7212776296183425,0.32907125377505136,1.0,1.0,0.0
3358,3.8501476017100584,0.0,1.0,1.0,0.5848097914348479,-0.11691896408853843,-1.0558429315240128,7.0,1.0,1.0
3359,3.7376696182833684,0.0,1.0,1.0,-0.7746729753157106,0.206757437958038,0.6049855408512402,4.0,1.0,1.0
3360,3.6375861597263857,0.0,0.0,1.0,0.03479004610828606,0.2729050797710477,-0.5949224755967261,5.0,2.0,0.0
3361,3.367295829986474,0.0,0.0,0.0,-0.9095834788863767,-1.2184705569895626,1.0779172302255495,1.0,1.0,1.0
3362,3.871201010907891,1.0,0.0,0.0,2.058447599668278,0.37013133303695755,0.3774618345688136,4.0,2.0,1.0
3363,3.8066624897703196,0.0,0.0,1.0,0.8027421433566931,-1.2184705569895626,0.8919733982448858,6.0,2.0,0.0
3364,3.5263605246161616,0.0,0.0,0.0,1.4357837370344342,0.9449458689774802,1.6477990796227509,10.0,1.0,0.0
3365,3.8066624897703196,1.0,0.0,1.0,-0.03785407119899569,0.5646699786921603,-0.14750068276108255,9.0,2.0,1.0
3366,3.6888794541139363,0.0,0.0,1.0,1.2904955024198705,0.7862902523873685,0.7661398060439871,8.0,2.0,0.0
3367,4.007333185232471,0.0,0.0,1.0,-0.6190070096572498,-1.2184705569895626,-1.246512634360365,8.0,1.0,1.0
3368,3.6635616461296463,0.0,1.0,0.0,-0.3388082714720201,-1.2184705569895626,0.2987899333044967,6.0,2.0,1.0
3369,3.6888794541139363,0.0,1.0,1.0,-1.075627175588735,0.8864692523325207,1.1222144672293308,7.0,1.0,0.0
3370,3.6375861597263857,1.0,0.0,0.0,-0.027476340155098297,0.618586505424339,0.10822489822338253,8.0,1.0,1.0
3371,4.127134385045092,0.0,1.0,1.0,-0.7435397821840184,0.7976551729375247,-0.10003350802723604,8.0,1.0,1.0
3372,3.4339872044851463,0.0,0.0,0.0,-1.5945137277836046,-1.2184705569895626,0.6148663855857525,1.0,2.0,0.0
3373,3.6375861597263857,0.0,1.0,0.0,-0.1727645747696618,-1.2184705569895626,-0.16247077976066487,3.0,2.0,0.0
3374,3.912023005428146,0.0,0.0,0.0,1.8924039029659194,0.8852863604300023,1.633207664302419,2.0,1.0,0.0
3375,4.204692619390966,0.0,1.0,1.0,-0.3906969266915071,-1.2184705569895626,1.3848728091313385,2.0,2.0,1.0
3376,3.8066624897703196,1.0,0.0,1.0,2.058447599668278,0.5868540051612218,1.0039075646036038,2.0,2.0,0.0
3377,3.6109179126442243,0.0,0.0,1.0,-2.1549112041540637,-1.2184705569895626,0.6661280272470315,7.0,2.0,1.0
3378,3.6109179126442243,1.0,0.0,1.0,0.1281896255033626,-0.07940441519579951,0.3825380468311542,6.0,2.0,0.0
3379,3.58351893845611,0.0,1.0,1.0,0.9272749158834619,-0.027709413253474802,-0.01452864533292928,6.0,1.0,0.0
3380,3.871201010907891,0.0,0.0,1.0,0.6055652535226427,1.3212428682680137,-0.29438066549986636,5.0,1.0,0.0
3381,3.713572066704308,0.0,0.0,1.0,-0.4737187750426862,0.6948727861035059,-0.9329052631291677,6.0,2.0,0.0
3382,3.4965075614664802,0.0,0.0,1.0,-0.6086292786133524,0.36921582465869546,0.4860064695515099,6.0,1.0,0.0
3383,3.6109179126442243,0.0,0.0,1.0,0.9791635711029488,1.0615066729153317,1.6170890038624672,7.0,1.0,1.0
3384,3.4657359027997265,1.0,0.0,0.0,-0.1831423058135592,0.011156142931284748,1.661999468727917,8.0,1.0,0.0
3385,3.9318256327243257,0.0,0.0,1.0,-0.07936499537458526,0.01144562162101855,1.6680743713325952,9.0,4.0,0.0
3386,4.1588830833596715,0.0,0.0,0.0,1.5291833164295108,0.5477690984206353,-1.0947915071417684,1.0,2.0,0.0
3387,4.07753744390572,1.0,0.0,0.0,-0.8992057478424793,0.5249379077569366,0.6162569714767719,3.0,3.0,1.0
3388,3.4011973816621555,0.0,0.0,1.0,0.771608950225001,-1.2184705569895626,-0.14930194180471365,7.0,2.0,1.0
3389,3.6888794541139363,0.0,1.0,1.0,-0.3180528093842253,-1.2184705569895626,-1.1181077274880127,8.0,2.0,0.0
3390,3.8066624897703196,1.0,0.0,1.0,0.39801063264469483,0.3885305217036868,-1.1316802839284532,9.0,2.0,0.0
3391,3.8918202981106265,1.0,0.0,1.0,-0.4737187750426862,0.9014414488117157,-1.1186475836009928,4.0,1.0,0.0
3392,3.8918202981106265,1.0,0.0,0.0,-0.28691961625253315,0.7410885072272082,-1.224216316094231,3.0,2.0,0.0
3393,3.5553480614894135,0.0,0.0,1.0,1.3942728128588446,0.980830339031624,1.4474542163615982,3.0,1.0,0.0
3394,3.5263605246161616,0.0,0.0,0.0,-0.3284305404281227,0.8251457216487581,1.6045511281718963,9.0,1.0,1.0
3395,3.713572066704308,0.0,0.0,0.0,-0.3180528093842253,-1.2184705569895626,0.9514674544290304,6.0,1.0,0.0
3396,3.713572066704308,1.0,0.0,0.0,2.058447599668278,0.35045414719022017,0.10883586581791141,4.0,2.0,0.0
3397,3.6375861597263857,0.0,0.0,0.0,0.9168971848395645,-1.2184705569895626,1.6315585386239593,7.0,2.0,1.0
3398,3.912023005428146,0.0,0.0,0.0,0.07630097028387564,-1.2184705569895626,0.2750298312653579,1.0,1.0,0.0
3399,3.5553480614894135,0.0,1.0,1.0,-0.6812733959206341,1.472880868170608,-1.3974132846072536,5.0,1.0,0.0
3400,4.219507705176107,1.0,0.0,1.0,-0.1623868437257644,0.9703814071894141,-0.5855515819022686,7.0,1.0,1.0
3401,3.6109179126442243,0.0,0.0,0.0,-1.0444939824570427,-1.2184705569895626,1.4439252438897276,5.0,1.0,0.0
3402,3.2188758248682006,0.0,1.0,0.0,1.1970959230247942,-1.2184705569895626,-0.5735069660482593,5.0,2.0,1.0
3403,3.6635616461296463,1.0,0.0,0.0,1.5188055853856133,0.8478297713191683,0.9861076131451283,4.0,1.0,0.0
3404,3.7612001156935624,0.0,0.0,0.0,-1.553002803608015,1.337856831608121,0.2347249214970843,8.0,3.0,0.0
3405,3.58351893845611,0.0,0.0,0.0,-1.7916906176176552,0.5922186472951928,1.6555326705745568,2.0,1.0,0.0
3406,3.58351893845611,0.0,0.0,1.0,0.36687743951300267,-1.2184705569895626,-0.4746121069517176,9.0,2.0,1.0
3407,3.6888794541139363,1.0,0.0,1.0,-0.46334104399878884,0.13395642946809957,0.37405908932335963,2.0,2.0,1.0
3408,3.8918202981106265,0.0,0.0,1.0,1.1970959230247942,-1.2184705569895626,1.3044683261710965,9.0,2.0,1.0
3409,3.8501476017100584,0.0,0.0,0.0,-0.5256074302621732,0.35385279992638086,0.6490903074147409,3.0,1.0,0.0
3410,3.295836866004329,0.0,1.0,0.0,0.5225434051714636,0.9465285552872249,-0.7073533791260673,4.0,1.0,1.0
3411,3.4339872044851463,0.0,1.0,0.0,0.16970054967895218,-1.2184705569895626,0.6612917510349046,8.0,2.0,0.0
3412,3.4339872044851463,1.0,0.0,0.0,2.058447599668278,0.4612639638180347,-0.999699286707703,3.0,2.0,1.0
3413,3.6109179126442243,0.0,0.0,1.0,1.352761888683255,0.08179342630337902,0.13165343645979902,5.0,2.0,1.0
3414,3.912023005428146,1.0,0.0,0.0,-0.5463628923499679,1.085322219212041,1.1441314083494027,10.0,2.0,1.0
3415,3.1780538303479458,0.0,1.0,0.0,-0.6397624717450445,-1.2184705569895626,1.6753553872563531,7.0,2.0,0.0
3416,3.1780538303479458,0.0,0.0,1.0,0.6263207156104375,-1.2184705569895626,-0.5848095188136377,2.0,2.0,1.0
3417,3.258096538021482,0.0,0.0,0.0,1.217851385112589,-1.2184705569895626,1.5212373336694656,10.0,2.0,0.0
3418,3.4011973816621555,0.0,1.0,0.0,-0.20389776790135397,0.07718274166385274,-1.6101884000697877,7.0,1.0,0.0
3419,3.295836866004329,1.0,0.0,1.0,-0.006720878067303511,1.1357424261722529,0.7186253395669101,5.0,1.0,0.0
3420,3.6375861597263857,0.0,1.0,1.0,1.2593623092881785,0.4337867042280668,1.3533274777295867,2.0,2.0,0.0
3421,3.4339872044851463,1.0,0.0,0.0,-1.2935595275105802,0.8095375686675592,1.075132928842856,6.0,1.0,1.0
3422,3.9318256327243257,0.0,0.0,0.0,0.5536765983031557,0.015430756901700775,0.7776704719237713,4.0,2.0,1.0
3423,4.02535169073515,0.0,0.0,1.0,0.8650085296200775,0.929254458851004,-1.70673484160819,6.0,1.0,0.0
3424,3.713572066704308,0.0,0.0,1.0,0.14894508759115738,-1.2184705569895626,0.8249411772831674,5.0,2.0,0.0
3425,3.8501476017100584,0.0,0.0,0.0,-0.6812733959206341,-1.2184705569895626,0.5411171722849807,0.0,3.0,1.0
3426,3.4965075614664802,0.0,0.0,0.0,-0.19352003685745658,0.4466944437241717,-1.1090720487970418,1.0,1.0,1.0
3427,3.7612001156935624,1.0,0.0,1.0,-2.28982170772473,0.7160229829820745,0.44721906836748443,8.0,2.0,0.0
3428,3.258096538021482,0.0,0.0,0.0,-1.4907364173446307,0.5650821015612836,-0.9081793315545683,2.0,1.0,1.0
3429,3.7376696182833684,1.0,0.0,1.0,-0.8784502857546845,0.9330684366541836,0.09242145811606643,0.0,1.0,1.0
3430,3.8501476017100584,0.0,1.0,1.0,-0.28691961625253315,-1.2184705569895626,-0.6538476399284806,3.0,2.0,1.0
3431,3.7612001156935624,0.0,0.0,1.0,1.2074736540686914,-1.2184705569895626,-0.6910312946435435,5.0,3.0,0.0
3432,4.02535169073515,0.0,0.0,0.0,-0.3388082714720201,-1.2184705569895626,-0.6888711747248109,0.0,3.0,0.0
3433,3.784189633918261,0.0,0.0,0.0,0.8338753364883853,-1.2184705569895626,1.4381537386818775,9.0,2.0,0.0
3434,3.6888794541139363,0.0,0.0,1.0,1.300873233463768,-1.2184705569895626,-1.422538587998766,8.0,2.0,1.0
3435,3.367295829986474,0.0,0.0,1.0,0.6782093708299244,0.8342470085067372,-0.802554266249541,4.0,1.0,1.0
3436,3.970291913552122,1.0,0.0,0.0,1.4980501232978185,1.4584765814881413,-0.6541275653203962,9.0,1.0,1.0
3437,3.9512437185814275,0.0,0.0,0.0,-0.9303389409741715,0.7480311924839758,-1.1789045668781346,7.0,2.0,0.0
3438,3.6109179126442243,1.0,0.0,1.0,0.7508534881372062,0.2964109735312828,-1.561393926924833,6.0,2.0,1.0
3439,3.8501476017100584,1.0,0.0,0.0,1.0518076884102305,0.5669589097477101,1.0283426171839953,3.0,3.0,0.0
3440,3.4011973816621555,0.0,1.0,1.0,-1.4803586863007334,-1.2184705569895626,-0.5445183445149052,1.0,2.0,0.0
3441,3.8501476017100584,0.0,1.0,0.0,-0.19352003685745658,-1.2184705569895626,0.3445914650230939,3.0,2.0,0.0
3442,3.367295829986474,1.0,0.0,1.0,1.3735173507710499,-0.09395888495955461,1.3704423943780335,2.0,2.0,1.0
3443,3.6109179126442243,0.0,0.0,0.0,0.1281896255033626,0.4387023982171191,0.7956232522142307,0.0,1.0,1.0
3444,3.4657359027997265,0.0,1.0,1.0,0.958408109015154,0.6636409494813162,1.0176002629358545,0.0,1.0,0.0
3445,3.4657359027997265,0.0,0.0,0.0,0.1281896255033626,0.6151010731252161,-0.36875858079887847,9.0,2.0,1.0
3446,3.784189633918261,0.0,0.0,1.0,-1.6982910382225787,0.5867865988955261,-1.2535665803699358,10.0,1.0,1.0
3447,3.58351893845611,0.0,0.0,1.0,-1.366203644817862,0.4688938407431304,-1.3104721090790246,9.0,1.0,1.0
3448,3.871201010907891,1.0,0.0,0.0,-1.1897822170716064,0.7699707311437322,-0.8615056844534564,4.0,2.0,1.0
3449,3.4965075614664802,0.0,1.0,0.0,1.1244518057175124,-1.2184705569895626,0.24574424540318893,2.0,1.0,1.0
3450,3.6635616461296463,0.0,1.0,1.0,0.38763290160079744,-0.016443280508388062,-1.5957376429122254,5.0,1.0,1.0
3451,3.367295829986474,0.0,1.0,0.0,-0.7642952442718132,1.3687894228369963,1.3457891390853103,8.0,1.0,0.0
3452,3.332204510175204,1.0,0.0,1.0,-0.7124065890523262,0.47721203010581775,1.6569627242071692,4.0,2.0,1.0
3453,3.713572066704308,0.0,0.0,1.0,-0.36994146460371224,-1.2184705569895626,-0.11672957978802713,9.0,2.0,0.0
3454,3.6888794541139363,0.0,1.0,1.0,-1.9162233901444239,-1.2184705569895626,-1.6172268719427865,5.0,2.0,1.0
3455,3.6888794541139363,1.0,0.0,0.0,1.0829408815419228,0.39412187944864413,-0.4698791075612041,3.0,3.0,1.0
3456,3.5553480614894135,1.0,0.0,0.0,1.7056047441757665,0.5172947417105752,0.043077566189463797,2.0,2.0,0.0
3457,3.58351893845611,0.0,1.0,1.0,-1.521869610476323,0.6537359109516203,-0.16236454720509938,8.0,1.0,0.0
3458,3.4965075614664802,0.0,0.0,1.0,-0.23503096103304616,-1.2184705569895626,-0.39060632297113546,2.0,2.0,1.0
3459,3.713572066704308,0.0,0.0,1.0,0.3149887842935157,-1.2184705569895626,0.08556432921435193,4.0,1.0,1.0
3460,3.784189633918261,0.0,0.0,0.0,-2.2067998593735507,-1.2184705569895626,0.0775099541954132,8.0,1.0,1.0
3461,3.6109179126442243,1.0,0.0,0.0,1.2386068472003837,0.027935339682789127,-0.0108718808343146,5.0,1.0,0.0
3462,3.6109179126442243,0.0,0.0,1.0,1.5706942406051003,-1.2184705569895626,0.8508973896485711,1.0,2.0,1.0
3463,3.332204510175204,0.0,0.0,1.0,-0.6190070096572498,-1.2184705569895626,-1.4045932839765376,3.0,2.0,1.0
3464,3.5263605246161616,0.0,1.0,1.0,1.8924039029659194,-1.2184705569895626,-0.5936871526715334,5.0,2.0,0.0
3465,3.713572066704308,0.0,0.0,1.0,-1.7916906176176552,-1.2184705569895626,0.25323929123840533,1.0,2.0,0.0
3466,3.6109179126442243,1.0,0.0,1.0,0.07630097028387564,0.904249135926302,-0.28010533984568464,4.0,2.0,0.0
3467,3.4657359027997265,0.0,1.0,1.0,-0.11049818850627745,1.2362725471166234,-0.7042175192698001,3.0,1.0,0.0
3468,3.6888794541139363,0.0,0.0,0.0,-1.0133607893253507,-1.2184705569895626,-1.4263913002717215,10.0,2.0,1.0
3469,3.5263605246161616,0.0,0.0,0.0,0.24234466698623391,-1.2184705569895626,-1.1542259270467656,6.0,2.0,0.0
3470,3.4657359027997265,0.0,0.0,1.0,1.6018274337367924,-1.2184705569895626,0.6908953390969574,9.0,2.0,1.0
3471,3.5553480614894135,1.0,0.0,0.0,1.1867181919808967,0.4856581472744218,0.6531193205245927,6.0,1.0,1.0
3472,3.5263605246161616,0.0,0.0,1.0,2.058447599668278,-0.04871759265538753,1.4926406076847931,8.0,1.0,1.0
3473,4.007333185232471,1.0,0.0,1.0,-0.8058061684474028,0.37901791252605804,-1.661038673111643,1.0,1.0,0.0
3474,3.828641396489095,0.0,1.0,0.0,2.058447599668278,1.5688553822792506,-1.647595299631571,5.0,4.0,0.0
3475,3.044522437723423,0.0,0.0,1.0,0.06592323923997824,-1.2184705569895626,1.516240230757014,7.0,2.0,0.0
3476,3.8066624897703196,0.0,0.0,1.0,-1.4907364173446307,0.630014989602717,-0.5771845945512403,3.0,2.0,0.0
3477,3.713572066704308,0.0,0.0,0.0,0.19045601176674695,-0.4601188464828787,0.8371358401019117,3.0,1.0,1.0
3478,3.6375861597263857,0.0,0.0,0.0,-2.0615116247589875,0.892334397997525,-1.5905689335638604,4.0,2.0,0.0
3479,3.6375861597263857,1.0,0.0,0.0,-0.1831423058135592,1.0752453827652633,1.6046278033879426,7.0,2.0,0.0
3480,3.713572066704308,0.0,0.0,0.0,-0.11049818850627745,-1.2184705569895626,0.8904995302031041,9.0,1.0,0.0
3481,3.6375861597263857,0.0,0.0,0.0,1.9754257513170985,0.9021222360842531,-0.23228782370518605,4.0,2.0,0.0
3482,3.4657359027997265,0.0,0.0,1.0,1.6848492820879715,0.6847704921834603,0.02213149673924065,1.0,1.0,0.0
3483,3.4339872044851463,1.0,0.0,0.0,0.5017879430836688,0.6448480505833618,0.5909037288375566,4.0,1.0,1.0
3484,3.8501476017100584,0.0,0.0,0.0,0.16970054967895218,-1.2184705569895626,-0.19790950824388595,2.0,3.0,0.0
3485,3.4965075614664802,0.0,0.0,1.0,1.6744715510440742,0.7491180184496357,-1.2858331108559515,1.0,1.0,1.0
3486,3.970291913552122,1.0,0.0,0.0,0.8546307985761801,-0.0771577531524676,-1.0683573352096716,6.0,2.0,1.0
3487,3.828641396489095,0.0,1.0,0.0,-1.521869610476323,0.8846577689831577,1.651108458448665,9.0,3.0,0.0
3488,3.58351893845611,1.0,0.0,1.0,0.08667870132777303,0.6059589582440719,1.538036508385167,9.0,1.0,0.0
3489,3.4965075614664802,1.0,0.0,0.0,1.1555849988492046,0.5181718237140938,-0.693360412997644,1.0,2.0,0.0
3490,3.6635616461296463,1.0,0.0,0.0,1.404650543902742,1.31724156188796,-1.2553687087470822,3.0,1.0,1.0
3491,3.258096538021482,0.0,1.0,0.0,0.4706547499519766,0.10935042062093939,0.48582860391428656,5.0,2.0,1.0
3492,3.6375861597263857,1.0,0.0,0.0,-0.23503096103304616,-0.649282923190635,-0.88245975177202,1.0,2.0,0.0
3493,3.5263605246161616,0.0,0.0,1.0,-0.11049818850627745,1.1222336341312031,-0.776044636168319,2.0,2.0,1.0
3494,3.044522437723423,0.0,1.0,1.0,-0.017098609111200903,-1.2184705569895626,0.2266936707496514,8.0,2.0,1.0
3495,3.58351893845611,0.0,0.0,0.0,-0.3906969266915071,-1.2184705569895626,-1.6880486915642523,1.0,2.0,1.0
3496,3.6635616461296463,0.0,1.0,1.0,-1.3039372585544777,-1.2184705569895626,-0.7375479401117984,2.0,2.0,0.0
3497,3.6888794541139363,0.0,0.0,0.0,1.8820261719220222,-1.2184705569895626,-1.7164190431015494,3.0,2.0,0.0
3498,3.7376696182833684,0.0,0.0,1.0,-0.442585581910994,-1.2184705569895626,0.21131585633140967,6.0,1.0,1.0
3499,3.6635616461296463,0.0,0.0,1.0,1.9961812134048933,0.5667813478744167,0.328644411019056,7.0,1.0,1.0
3500,3.6635616461296463,0.0,0.0,0.0,-0.6812733959206341,-1.2184705569895626,-1.0865879544916102,6.0,2.0,1.0
3501,3.5263605246161616,0.0,0.0,0.0,-0.5774960854816601,0.9936527399538195,-0.2611260505403993,1.0,1.0,0.0
3502,3.367295829986474,0.0,0.0,1.0,-0.6190070096572498,0.6467812174527454,0.7625612815617464,2.0,1.0,0.0
3503,4.0943445622221,0.0,0.0,1.0,1.7159824752196637,0.6862380594788695,0.35448448042682007,1.0,1.0,1.0
3504,3.8501476017100584,0.0,0.0,1.0,-0.3906969266915071,-1.2184705569895626,-0.4529526624188673,4.0,1.0,0.0
3505,3.4011973816621555,0.0,1.0,0.0,-0.1727645747696618,0.9958002939722925,0.7066676570644275,8.0,2.0,0.0
3506,3.295836866004329,0.0,0.0,0.0,-2.2275553214613457,0.7176346491827715,-0.3751473128025677,1.0,1.0,1.0
3507,3.5263605246161616,0.0,0.0,1.0,-0.6293847407011471,0.8912289992840725,0.31905879194632775,9.0,1.0,0.0
3508,3.7376696182833684,0.0,1.0,0.0,0.33574424638131045,-1.2184705569895626,0.6600515598420259,7.0,1.0,1.0
3509,3.091042453358316,0.0,0.0,0.0,0.9791635711029488,1.4534925205740252,1.636648312489138,8.0,2.0,1.0
3510,3.58351893845611,0.0,1.0,1.0,-0.6190070096572498,0.06697429488357863,-0.48252425900755896,6.0,1.0,0.0
3511,3.4011973816621555,1.0,0.0,0.0,-0.19352003685745658,1.0002897754214821,1.6157728329203545,0.0,1.0,0.0
3512,4.04305126783455,0.0,1.0,1.0,0.44989928786418176,-1.2184705569895626,1.5179119591068702,1.0,3.0,0.0
3513,3.4657359027997265,0.0,0.0,1.0,0.2942333222057209,0.5954491846418513,0.3861308283830452,10.0,1.0,1.0
3514,3.367295829986474,1.0,0.0,1.0,0.719720295005514,1.254835688315591,0.015120321938621024,9.0,2.0,1.0
3515,3.2188758248682006,0.0,0.0,1.0,1.6225828958245871,0.737570412509553,1.2809759788546597,4.0,1.0,0.0
3516,3.4011973816621555,0.0,1.0,1.0,-0.23503096103304616,-1.2184705569895626,-0.20148525085887778,6.0,2.0,1.0
3517,3.713572066704308,0.0,0.0,0.0,0.06592323923997824,1.0801650795016844,1.5504810176561985,5.0,1.0,1.0
3518,3.295836866004329,1.0,0.0,1.0,1.09331861258582,0.7281705206978385,0.4629679143300416,8.0,2.0,1.0
3519,3.9318256327243257,1.0,0.0,1.0,-0.733162051140121,1.0843772506131426,1.4047203887516713,2.0,2.0,0.0
3520,4.04305126783455,0.0,1.0,0.0,0.21121147385454175,2.1401116359185326,0.8739084739309573,2.0,2.0,1.0
3521,4.07753744390572,1.0,0.0,0.0,-0.5359851613060705,0.6824039078289499,-1.638203020332638,8.0,1.0,0.0
3522,3.7612001156935624,0.0,1.0,1.0,-0.3284305404281227,0.4934390078302804,0.3358372765243661,4.0,1.0,1.0
3523,3.4011973816621555,0.0,0.0,0.0,-1.1690267549838116,-1.2184705569895626,0.008482960549565741,4.0,2.0,1.0
3524,3.713572066704308,0.0,0.0,1.0,0.9480303779712567,-0.1272321227399885,-0.09657669023713278,8.0,1.0,0.0
3525,3.8501476017100584,1.0,0.0,0.0,1.300873233463768,0.500514103970018,-1.7376931990204336,0.0,1.0,0.0
3526,3.6635616461296463,0.0,0.0,0.0,1.9235370960976117,-1.2184705569895626,-0.9395075034442062,2.0,2.0,1.0
3527,3.7612001156935624,1.0,0.0,1.0,2.058447599668278,0.13358833682003646,-0.7025944735967986,6.0,3.0,1.0
3528,3.784189633918261,0.0,1.0,1.0,0.34612197742520784,-1.2184705569895626,0.12831345709414727,9.0,2.0,0.0
3529,3.6635616461296463,0.0,0.0,1.0,1.3423841576393576,0.6677967619098172,-0.6050380403803604,2.0,1.0,1.0
3530,3.6375861597263857,0.0,1.0,1.0,-0.5359851613060705,1.6259994042700874,-0.404917639032849,8.0,1.0,1.0
3531,3.7612001156935624,0.0,1.0,1.0,-1.0341162514131454,-1.2184705569895626,1.6562717779292355,4.0,2.0,0.0
3532,3.6109179126442243,0.0,0.0,1.0,-0.10012045746238005,-1.2184705569895626,1.6481454220952332,4.0,2.0,1.0
3533,3.828641396489095,0.0,0.0,0.0,0.532921136215361,-1.2184705569895626,-0.5494113012722278,7.0,2.0,1.0
3534,3.2188758248682006,1.0,0.0,0.0,0.6366984466543348,1.1461482884527712,0.3679229856392067,7.0,1.0,1.0
3535,3.6635616461296463,0.0,0.0,1.0,-0.07936499537458526,-1.2184705569895626,-0.3564768107619047,3.0,2.0,1.0
3536,3.4657359027997265,0.0,0.0,1.0,-0.9095834788863767,-1.2184705569895626,-0.8156306071194679,4.0,2.0,0.0
3537,3.5263605246161616,0.0,1.0,1.0,1.3112509645076653,0.6463979143646797,-1.176621001600234,5.0,2.0,1.0
3538,3.4339872044851463,0.0,0.0,0.0,-0.4529633129548914,-1.2184705569895626,0.4945563646741502,8.0,2.0,0.0
3539,3.6375861597263857,0.0,0.0,0.0,-1.4077145689934516,0.59306274666039,-1.6876880920221198,8.0,1.0,0.0
3540,3.6375861597263857,0.0,0.0,1.0,0.055545508196080846,0.1024405578925983,0.25783441433339804,4.0,1.0,1.0
3541,4.007333185232471,0.0,0.0,1.0,-0.733162051140121,0.21130776116723807,-1.6495224381682125,4.0,1.0,0.0
3542,3.4965075614664802,0.0,1.0,0.0,0.719720295005514,-1.2184705569895626,0.6205071430329068,10.0,1.0,0.0
3543,3.7612001156935624,0.0,0.0,0.0,2.058447599668278,0.5957524327825349,1.6997636643644745,9.0,1.0,1.0
3544,3.828641396489095,1.0,0.0,0.0,1.1867181919808967,0.34504995791224224,0.4677195174577822,6.0,1.0,0.0
3545,3.1354942159291497,0.0,1.0,1.0,1.0206744952785385,0.729775782502745,0.4905137899614607,3.0,1.0,0.0
3546,3.5263605246161616,1.0,0.0,0.0,-1.6982910382225787,1.0231055955352835,0.4030668361940497,4.0,1.0,0.0
3547,3.6635616461296463,0.0,0.0,0.0,-1.3869591069056568,0.13869760367185863,1.0748893415918783,10.0,1.0,1.0
3548,3.7376696182833684,1.0,0.0,1.0,0.5432988672592584,0.5271563904587901,-0.9965029212387734,4.0,2.0,1.0
3549,3.58351893845611,0.0,0.0,0.0,2.058447599668278,0.839717963610832,-0.4338381048186066,2.0,4.0,0.0
3550,3.871201010907891,1.0,0.0,0.0,-1.1897822170716064,0.4332767542132428,-1.4634647234970488,6.0,1.0,0.0
3551,3.6635616461296463,1.0,0.0,1.0,-1.0341162514131454,0.8993209533654578,-0.9366072329705761,10.0,2.0,1.0
3552,3.9889840465642745,0.0,1.0,1.0,-0.442585581910994,-1.2184705569895626,0.9425595677648035,10.0,1.0,1.0
3553,3.5553480614894135,1.0,0.0,0.0,-1.9784897764078082,-0.19914804373167,1.171044235315005,5.0,1.0,1.0
3554,3.970291913552122,1.0,0.0,0.0,-1.8954679280566291,1.014954400792835,0.8634573464104303,8.0,3.0,0.0
3555,3.5263605246161616,1.0,0.0,0.0,-0.048231802242893085,1.4803491942118865,-0.17666821313187855,3.0,2.0,0.0
3556,3.5263605246161616,0.0,0.0,1.0,0.9999190331907436,1.065423921600634,-0.5441789567105453,1.0,1.0,0.0
3557,3.7376696182833684,1.0,0.0,1.0,1.0829408815419228,1.167966143592507,-0.8694887741241434,6.0,1.0,1.0
3558,3.4339872044851463,1.0,0.0,1.0,1.248984578244281,0.37919051099261386,1.6831468758202754,6.0,2.0,0.0
3559,3.6635616461296463,1.0,0.0,1.0,-0.25578642312084093,0.49347118991912786,-0.2809894520307102,8.0,2.0,1.0
3560,3.6375861597263857,1.0,0.0,1.0,-1.127515830808222,1.0373827549613068,0.30649048958272235,8.0,2.0,1.0
3561,3.713572066704308,0.0,0.0,0.0,0.9895413021468462,-1.2184705569895626,-0.7409060016145677,3.0,1.0,0.0
3562,4.007333185232471,0.0,1.0,0.0,-2.217177590417448,-1.2184705569895626,1.5879555513654697,2.0,1.0,0.0
3563,4.04305126783455,1.0,0.0,1.0,2.058447599668278,1.499296118828604,0.9635537982917722,1.0,1.0,0.0
3564,3.2188758248682006,0.0,0.0,0.0,0.6470761776982322,-1.2184705569895626,1.1458460817749132,7.0,2.0,0.0
3565,4.189654742026425,0.0,1.0,0.0,-0.7435397821840184,-1.2184705569895626,0.04783368985148369,1.0,2.0,1.0
3566,3.1780538303479458,1.0,0.0,0.0,-1.7916906176176552,0.7600956331643571,-0.09185394898209907,9.0,1.0,1.0
3567,3.58351893845611,0.0,0.0,0.0,0.7404757570933088,-1.2184705569895626,-0.6805194876436512,0.0,2.0,1.0
3568,3.8501476017100584,0.0,1.0,0.0,-1.2935595275105802,0.8856097824174263,-0.790811482992032,10.0,1.0,0.0
3569,3.091042453358316,0.0,0.0,0.0,-0.6605179338328393,-1.2184705569895626,0.16835339400696803,8.0,2.0,1.0
3570,3.6109179126442243,0.0,0.0,0.0,0.003656852976593882,0.5830653247214154,0.1736931881911373,6.0,2.0,1.0
3571,3.4657359027997265,0.0,0.0,1.0,-1.6152691898713996,-1.2184705569895626,-0.11680642887077661,5.0,2.0,0.0
3572,3.8501476017100584,0.0,1.0,0.0,-0.4322078508670966,0.6529994054357048,0.13113287955085776,5.0,1.0,0.0
3573,3.6888794541139363,0.0,1.0,0.0,-1.7398019623981682,-1.2184705569895626,1.3003982805193246,5.0,2.0,1.0
3574,3.6375861597263857,0.0,1.0,0.0,-0.7020288580084288,-1.2184705569895626,0.007022480243918999,8.0,2.0,1.0
3575,3.5553480614894135,0.0,1.0,1.0,0.49141021203977137,-1.2184705569895626,-0.41590358053196747,8.0,1.0,1.0
3576,3.58351893845611,0.0,0.0,1.0,1.6122051647806899,1.5800926952432799,-1.7357274620757144,3.0,1.0,1.0
3577,3.871201010907891,0.0,0.0,0.0,0.9895413021468462,1.0217006312087271,0.5134852326355502,5.0,4.0,1.0
3578,4.110873864173311,0.0,1.0,1.0,-0.1623868437257644,0.7740607384054851,0.7116943173163978,7.0,1.0,1.0
3579,3.4011973816621555,0.0,0.0,1.0,0.5744320603909505,-1.2184705569895626,0.6871672892500914,4.0,2.0,0.0
3580,3.4657359027997265,1.0,0.0,0.0,-0.3906969266915071,0.7124448470538829,-0.9435372120208698,7.0,2.0,1.0
3581,3.4011973816621555,0.0,0.0,0.0,-0.9614721341058636,0.0578512330799113,-0.3160724492394846,3.0,1.0,0.0
3582,3.6635616461296463,0.0,0.0,1.0,-0.42183011982319923,-0.08139249975908724,-1.703667659099629,4.0,2.0,0.0
3583,3.4657359027997265,0.0,1.0,0.0,0.06592323923997824,-0.6329973452446888,0.05587537260109935,2.0,1.0,0.0
3584,3.6109179126442243,0.0,0.0,0.0,1.2074736540686914,1.6662204508239211,-1.4445320304681817,5.0,2.0,0.0
3585,3.912023005428146,1.0,0.0,0.0,0.1281896255033626,0.8216782216578484,0.14683843270435484,5.0,2.0,0.0
3586,3.6888794541139363,0.0,0.0,0.0,1.7367379373074585,0.9126388944119489,-1.2759178405142346,9.0,1.0,0.0
3587,3.4965075614664802,0.0,1.0,0.0,0.06592323923997824,1.1119781150418684,-1.1987505816981403,5.0,1.0,1.0
3588,4.07753744390572,1.0,0.0,0.0,1.3631396197271524,0.823559833141118,-0.0667804578680964,3.0,1.0,1.0
3589,3.7376696182833684,1.0,0.0,1.0,0.09705643237167041,0.7437159106002895,0.3514734568633449,5.0,2.0,1.0
3590,3.4657359027997265,0.0,1.0,0.0,-1.1794044860277089,-1.2184705569895626,1.373935898042481,0.0,2.0,0.0
3591,3.5553480614894135,0.0,0.0,1.0,1.830137516702535,0.853885287649047,-1.0831812103119862,8.0,2.0,0.0
3592,3.6888794541139363,1.0,0.0,1.0,-0.36994146460371224,0.7301360297659646,-0.7802266519768573,2.0,2.0,0.0
3593,3.4011973816621555,0.0,1.0,0.0,0.03479004610828606,-1.2184705569895626,-0.2554976376291616,9.0,2.0,1.0
3594,3.8066624897703196,1.0,0.0,0.0,-0.3906969266915071,0.6822878281552458,0.5765388618313023,6.0,1.0,0.0
3595,3.6888794541139363,0.0,0.0,0.0,-0.2661641541647383,-1.2184705569895626,-0.2979414555783956,0.0,2.0,1.0
3596,3.8066624897703196,0.0,0.0,1.0,-0.12087591955017483,0.5720939542925894,-0.5777338394661853,7.0,1.0,0.0
3597,4.060443010546419,1.0,0.0,1.0,0.875386260663975,0.3073029294523056,-1.251785489863859,9.0,1.0,0.0
3598,3.5553480614894135,1.0,0.0,1.0,1.2697400403320758,0.7168614785009547,0.2256089163893026,4.0,2.0,1.0
3599,3.6635616461296463,0.0,1.0,1.0,0.38763290160079744,-1.2184705569895626,-0.30811769984139525,2.0,1.0,1.0
3600,3.7376696182833684,0.0,0.0,0.0,-1.4284700310812464,-1.2184705569895626,-1.6808500884577413,7.0,2.0,1.0
3601,3.6888794541139363,1.0,0.0,1.0,1.4254060059905367,0.7801566024288447,0.41692870682837097,7.0,2.0,1.0
3602,3.7612001156935624,1.0,0.0,1.0,-0.14163138163796962,1.105970311460629,1.617663633316058,8.0,1.0,0.0
3603,3.4657359027997265,1.0,0.0,1.0,0.02441231506438867,1.1926818277175806,0.08323277672640864,5.0,2.0,1.0
3604,3.58351893845611,0.0,0.0,0.0,1.0206744952785385,-1.2184705569895626,1.5837380667495087,3.0,1.0,0.0
3605,3.091042453358316,0.0,0.0,0.0,-0.20389776790135397,-1.2184705569895626,-0.28553484924862943,1.0,2.0,0.0
3606,3.713572066704308,1.0,0.0,0.0,-0.8784502857546845,0.4662515471498359,-0.1153680296364177,2.0,2.0,0.0
3607,3.5263605246161616,0.0,1.0,1.0,-1.0029830582814532,-0.3204991756109735,1.3625384140572356,1.0,2.0,0.0
3608,3.784189633918261,0.0,0.0,1.0,0.1281896255033626,1.8080312256056752,-0.7707759534656984,9.0,2.0,1.0
3609,3.713572066704308,1.0,0.0,0.0,-0.5048519681743784,1.1655180633015612,0.08035441345736313,8.0,1.0,0.0
3610,3.332204510175204,0.0,0.0,0.0,-0.35956373355981486,-1.2184705569895626,1.5619823000631667,4.0,2.0,0.0
3611,3.6635616461296463,0.0,1.0,0.0,0.33574424638131045,-1.2184705569895626,-0.9767073277626531,3.0,2.0,0.0
3612,3.8501476017100584,1.0,0.0,1.0,0.429143825776387,0.45889529803489226,-0.6617881322569195,2.0,1.0,1.0
3613,3.2188758248682006,0.0,0.0,1.0,-1.0963826376765298,1.2844534570886619,0.4337927338243115,8.0,1.0,1.0
3614,3.912023005428146,0.0,0.0,0.0,-1.2209154102032984,-1.2184705569895626,-1.5102898084965202,7.0,1.0,0.0
3615,3.713572066704308,0.0,1.0,0.0,0.19045601176674695,-1.2184705569895626,1.429512215806728,3.0,1.0,1.0
3616,4.143134726391533,0.0,1.0,1.0,-0.12087591955017483,-1.2184705569895626,0.021423511524408065,3.0,1.0,1.0
3617,3.871201010907891,0.0,1.0,1.0,-1.023738520369248,0.6472604263677748,0.7871449901732482,3.0,1.0,0.0
3618,3.6109179126442243,0.0,0.0,0.0,-0.4840965060865836,-1.2184705569895626,-1.7341543161464894,6.0,1.0,1.0
3619,3.6109179126442243,1.0,0.0,0.0,0.481032480995874,0.7230799867037037,-1.5133950678130499,7.0,1.0,1.0
3620,3.58351893845611,1.0,0.0,1.0,-0.3284305404281227,0.014215042470755895,-1.4463710185863752,0.0,1.0,1.0
3621,3.6888794541139363,1.0,0.0,0.0,0.07630097028387564,0.4547116264847022,-1.38708421151227,1.0,1.0,0.0
3622,4.30406509320417,1.0,0.0,1.0,0.32536651533741306,0.7785843232622595,-0.8420675609188136,9.0,1.0,1.0
3623,3.367295829986474,0.0,0.0,0.0,1.8820261719220222,0.9698235843160555,-1.654385315985907,4.0,2.0,0.0
3624,3.58351893845611,0.0,1.0,0.0,0.5744320603909505,-0.3110560541276725,-1.4334247300103318,3.0,1.0,0.0
3625,3.4965075614664802,1.0,0.0,1.0,0.49141021203977137,0.7653906274941059,0.4696579573301222,1.0,3.0,1.0
3626,3.6635616461296463,1.0,0.0,1.0,0.14894508759115738,0.3796324143021633,1.0071520911492795,6.0,2.0,1.0
3627,3.6888794541139363,1.0,0.0,1.0,0.10743416341556782,1.0202197747920523,0.7961114699164039,5.0,2.0,1.0
3628,3.58351893845611,0.0,0.0,0.0,-2.507754059646575,0.6577570709586248,0.16173846142260648,7.0,1.0,1.0
3629,3.6888794541139363,0.0,0.0,1.0,0.9272749158834619,-1.2184705569895626,-1.047098827294062,5.0,1.0,1.0
3630,4.143134726391533,0.0,0.0,1.0,-1.0860049066326325,0.8267532249921911,-0.2656385869514415,10.0,2.0,1.0
3631,3.912023005428146,0.0,0.0,0.0,-0.34918600251591747,-0.5091608274689596,-0.18607196763321307,9.0,3.0,1.0
3632,4.02535169073515,1.0,0.0,0.0,0.6470761776982322,1.6647118953954523,-0.00527824126368756,9.0,1.0,1.0
3633,3.871201010907891,0.0,0.0,0.0,-1.2520486033349907,-1.2184705569895626,1.644206124204157,6.0,1.0,0.0
3634,3.332204510175204,1.0,0.0,1.0,0.667831639786027,0.7437136690617628,-0.5706292982460262,1.0,2.0,0.0
3635,4.04305126783455,0.0,1.0,0.0,-0.4529633129548914,-1.2184705569895626,0.9280851647356261,5.0,2.0,1.0
3636,4.290459441148391,0.0,0.0,0.0,0.36687743951300267,-1.2184705569895626,-0.532064968042018,9.0,1.0,1.0
3637,3.7376696182833684,0.0,0.0,1.0,-0.5878738165255575,-1.2184705569895626,-1.6424178969480534,9.0,2.0,0.0
3638,3.784189633918261,0.0,1.0,0.0,-1.6152691898713996,-1.2184705569895626,1.722571150737585,3.0,2.0,1.0
3639,3.5263605246161616,0.0,1.0,1.0,1.4772946612100237,-1.2184705569895626,-0.15806691003903064,8.0,2.0,0.0
3640,4.110873864173311,1.0,0.0,1.0,1.7886265925269456,0.9310075020887781,0.9147974019547865,8.0,3.0,0.0
3641,3.4011973816621555,0.0,0.0,0.0,-0.8473170926229924,-1.2184705569895626,-1.1012518722271156,0.0,1.0,0.0
3642,3.828641396489095,0.0,1.0,0.0,-0.6086292786133524,0.05055646616455705,-0.7838608138040749,6.0,1.0,0.0
3643,3.5553480614894135,0.0,0.0,1.0,0.21121147385454175,-1.2184705569895626,1.0670109196764295,9.0,2.0,0.0
3644,3.1780538303479458,1.0,0.0,0.0,0.04516777715218345,1.4001208478137293,-1.3795656936721412,4.0,1.0,1.0
3645,3.6888794541139363,0.0,0.0,1.0,0.7612312191811036,1.3537341293224188,-0.7439363243820815,4.0,2.0,0.0
3646,3.4339872044851463,0.0,0.0,1.0,0.4083883636885922,-1.2184705569895626,-0.8838908486048508,9.0,1.0,0.0
3647,3.258096538021482,0.0,0.0,0.0,0.4706547499519766,-1.2184705569895626,-0.21955834690785003,1.0,2.0,0.0
3648,3.4965075614664802,0.0,0.0,1.0,-0.7642952442718132,-1.2184705569895626,0.7196605419168884,4.0,2.0,1.0
3649,3.8066624897703196,0.0,0.0,0.0,-0.2765418852086357,-1.2184705569895626,-1.6628522766911908,7.0,1.0,0.0
3650,3.5553480614894135,0.0,0.0,1.0,0.6159429845665401,-1.2184705569895626,-0.9070817110581936,8.0,2.0,0.0
3651,3.044522437723423,0.0,1.0,1.0,0.532921136215361,1.4275212546542102,-1.0224146237281955,3.0,1.0,1.0
3652,3.6635616461296463,1.0,0.0,0.0,0.014034584020491275,0.6110767109203165,-0.18962702011054153,5.0,2.0,1.0
3653,3.6888794541139363,0.0,0.0,1.0,-1.1482712928960168,-1.2184705569895626,-1.4015094102644834,7.0,2.0,0.0
3654,3.970291913552122,0.0,1.0,0.0,0.8131198744005905,-1.2184705569895626,0.38194255337319705,7.0,2.0,1.0
3655,3.332204510175204,0.0,0.0,0.0,1.1867181919808967,1.3238611453770934,-0.918920990335897,7.0,2.0,1.0
3656,3.828641396489095,1.0,0.0,1.0,-1.656780114046989,1.5081215363379048,1.118145812511183,9.0,2.0,0.0
3657,3.4339872044851463,1.0,0.0,0.0,0.6055652535226427,0.9195905458228233,0.9590913354912092,10.0,2.0,0.0
3658,3.4339872044851463,0.0,1.0,1.0,-0.7954284374035054,-1.2184705569895626,-0.316583965079867,2.0,2.0,1.0
3659,3.871201010907891,0.0,0.0,1.0,0.14894508759115738,-1.2184705569895626,-1.1368156108698322,2.0,1.0,0.0
3660,3.4011973816621555,0.0,1.0,1.0,-0.8784502857546845,-1.2184705569895626,0.9683406963602327,8.0,2.0,0.0
3661,3.912023005428146,1.0,0.0,0.0,-0.42183011982319923,0.6306149213783986,0.6646145175969538,9.0,2.0,1.0
3662,3.044522437723423,0.0,1.0,1.0,0.5640543293470531,-1.2184705569895626,-1.5311254725903043,8.0,2.0,1.0
3663,3.871201010907891,0.0,0.0,0.0,-1.6879133071786812,0.44498126785019415,0.12508266601801313,8.0,2.0,1.0
3664,3.6635616461296463,0.0,0.0,0.0,0.08667870132777303,0.5518770379906016,1.6599975675089624,5.0,2.0,0.0
3665,3.8501476017100584,1.0,0.0,1.0,-1.3869591069056568,0.600793012489503,-0.13394464365743208,4.0,1.0,0.0
3666,3.5553480614894135,0.0,1.0,1.0,-0.3388082714720201,-1.2184705569895626,0.6865664059243396,1.0,1.0,0.0
3667,3.6635616461296463,0.0,1.0,1.0,-0.8161838994913002,-1.2184705569895626,1.670618041198263,4.0,2.0,1.0
3668,3.6375861597263857,1.0,0.0,0.0,1.7574933993952533,0.4859557915687885,0.46912210015131217,5.0,2.0,1.0
3669,3.6375861597263857,0.0,0.0,1.0,0.5017879430836688,0.024117679352030415,1.3029948058627208,3.0,2.0,1.0
3670,3.6635616461296463,0.0,0.0,0.0,0.37725517055690005,0.7595944891937452,0.9950866112909037,7.0,1.0,1.0
3671,3.6888794541139363,0.0,1.0,0.0,-0.3906969266915071,-1.2184705569895626,1.10557820561439,6.0,2.0,1.0
3672,3.9318256327243257,1.0,0.0,0.0,-0.7539175132279158,0.6663594553845187,1.5946243826277777,5.0,1.0,1.0
3673,3.7612001156935624,1.0,0.0,1.0,0.5536765983031557,1.450335953998748,-0.7844479616602855,8.0,2.0,1.0
3674,3.4965075614664802,0.0,1.0,0.0,1.062185419454128,-1.2184705569895626,-0.18969795772538725,7.0,2.0,0.0
3675,3.8066624897703196,0.0,0.0,0.0,-0.03785407119899569,-1.2184705569895626,-0.7263987377785129,2.0,2.0,1.0
3676,2.995732273553991,0.0,0.0,1.0,-0.5671183544377627,-1.2184705569895626,-0.16333993940922759,2.0,2.0,1.0
3677,3.4965075614664802,0.0,1.0,0.0,0.7612312191811036,-1.2184705569895626,0.6623260840513678,0.0,2.0,1.0
3678,3.4011973816621555,0.0,1.0,1.0,-1.6152691898713996,-1.2184705569895626,-0.783125183783457,2.0,2.0,0.0
3679,3.4657359027997265,0.0,0.0,0.0,1.1140740746736149,0.5403142216105167,-1.0157073679245128,1.0,1.0,1.0
3680,3.7376696182833684,0.0,0.0,0.0,0.3564997084691052,0.8558133310017981,1.5155701484834467,4.0,2.0,0.0
3681,3.8501476017100584,0.0,0.0,1.0,1.6537160889562794,1.667129875026182,-1.5120604670004136,9.0,1.0,0.0
3682,3.6109179126442243,0.0,1.0,1.0,-0.5774960854816601,-1.2184705569895626,0.43686895740143133,2.0,2.0,1.0
3683,4.04305126783455,1.0,0.0,1.0,0.16970054967895218,0.5586498466490243,0.5905443463623459,9.0,1.0,0.0
3684,3.4657359027997265,0.0,0.0,1.0,-0.8161838994913002,-1.2184705569895626,-0.14733290139263636,2.0,2.0,1.0
3685,3.7612001156935624,0.0,1.0,1.0,-0.3076750783403279,-1.2184705569895626,0.3250571932016626,9.0,2.0,0.0
3686,3.4965075614664802,1.0,0.0,0.0,0.2838555911618235,0.19586099895996184,1.0284827537466563,0.0,1.0,0.0
3687,4.174387269895637,0.0,0.0,1.0,-0.5567406233938653,-1.2184705569895626,1.6552807377218324,1.0,2.0,0.0
3688,4.127134385045092,1.0,0.0,1.0,-0.5463628923499679,0.7787076078812282,-0.17459137536390834,1.0,1.0,1.0
3689,3.4339872044851463,0.0,1.0,0.0,1.4772946612100237,1.2627611281064217,0.9795156309655701,1.0,1.0,1.0
3690,3.970291913552122,0.0,0.0,0.0,-0.2661641541647383,-1.2184705569895626,-1.1870197952431418,0.0,2.0,0.0
3691,3.4657359027997265,1.0,0.0,0.0,2.058447599668278,0.864392019163267,-1.6685132026758993,1.0,2.0,1.0
3692,3.828641396489095,0.0,0.0,1.0,-0.7642952442718132,1.1607770492076972,0.7470330724453638,1.0,1.0,0.0
3693,3.4965075614664802,0.0,0.0,0.0,-0.46334104399878884,-1.2184705569895626,1.6626998038078151,6.0,2.0,0.0
3694,3.6375861597263857,0.0,1.0,1.0,0.7300980260494114,-1.2184705569895626,-1.1911493033073581,9.0,2.0,0.0
3695,3.4965075614664802,0.0,1.0,0.0,-0.1727645747696618,-1.2184705569895626,-1.4094210407202157,8.0,2.0,1.0
3696,3.4965075614664802,0.0,0.0,1.0,-0.06898726433068787,-1.2184705569895626,-0.04873848395897056,4.0,2.0,1.0
3697,3.6888794541139363,1.0,0.0,1.0,2.058447599668278,0.775682011199868,0.34684373429444476,3.0,2.0,1.0
3698,3.6109179126442243,0.0,0.0,1.0,0.532921136215361,-1.2184705569895626,0.14534665639215846,2.0,2.0,0.0
3699,3.6375861597263857,1.0,0.0,0.0,0.03479004610828606,0.5245299477450772,-0.3629677763869892,4.0,1.0,0.0
3700,3.1354942159291497,0.0,0.0,0.0,-1.469980955256836,1.2926024102925833,-0.9746419651970843,3.0,1.0,0.0
3701,3.58351893845611,0.0,1.0,0.0,-0.4529633129548914,-1.2184705569895626,0.7481830268193572,6.0,2.0,1.0
3702,3.4965075614664802,0.0,1.0,1.0,-0.19352003685745658,1.396766385408523,-0.45233317535588896,5.0,2.0,1.0
3703,3.8501476017100584,1.0,0.0,1.0,0.08667870132777303,0.5270419118840336,-1.1605729310417223,5.0,2.0,1.0
3704,3.6109179126442243,0.0,0.0,1.0,-0.7746729753157106,0.7203397058548136,0.7537498909177139,3.0,2.0,1.0
3705,3.332204510175204,0.0,0.0,1.0,0.6885871018738219,-1.2184705569895626,-1.2901265752211468,2.0,2.0,0.0
3706,3.9889840465642745,0.0,1.0,0.0,-2.756819604700113,0.8942606801414338,-0.6592441146578453,1.0,1.0,1.0
3707,3.58351893845611,0.0,1.0,0.0,-1.7398019623981682,0.9248919445483623,-1.2717512988422683,7.0,1.0,1.0
3708,3.5553480614894135,0.0,0.0,1.0,-0.2661641541647383,0.5910066153918275,-0.7612755290774664,7.0,2.0,1.0
3709,4.02535169073515,0.0,0.0,1.0,-1.0029830582814532,1.1319236450722305,-0.4569481192550295,4.0,1.0,1.0
3710,3.4965075614664802,0.0,0.0,0.0,0.03479004610828606,-1.2184705569895626,-0.5108860910764066,2.0,1.0,1.0
3711,3.58351893845611,1.0,0.0,1.0,-0.8473170926229924,0.1531683359606521,0.08856891970981395,6.0,1.0,0.0
3712,3.4657359027997265,0.0,0.0,0.0,-0.6293847407011471,-1.2184705569895626,-0.8980707214390562,7.0,2.0,1.0
3713,3.6109179126442243,0.0,0.0,0.0,-1.127515830808222,-1.2184705569895626,-1.2937716906506571,3.0,2.0,0.0
3714,3.4011973816621555,0.0,0.0,1.0,0.4602770189080792,-1.2184705569895626,1.5775760569266006,8.0,2.0,0.0
3715,3.828641396489095,1.0,0.0,1.0,-0.12087591955017483,0.712313717050071,1.646389889994505,8.0,1.0,0.0
3716,3.4339872044851463,1.0,0.0,0.0,0.8442530675322827,0.4218987046517158,-1.371362141021983,1.0,1.0,0.0
3717,4.23410650459726,1.0,0.0,1.0,0.719720295005514,0.9674456321590166,1.3034412955561618,4.0,1.0,0.0
3718,3.871201010907891,0.0,0.0,1.0,0.21121147385454175,-1.2184705569895626,-0.15398278118431147,1.0,1.0,0.0
3719,3.6635616461296463,0.0,0.0,1.0,0.429143825776387,1.957129402247624,-1.497915715240225,7.0,2.0,1.0
3720,3.7612001156935624,0.0,0.0,1.0,1.6122051647806899,0.6752245801477208,-1.29609924420443,7.0,1.0,1.0
3721,3.091042453358316,1.0,0.0,0.0,0.14894508759115738,0.7321071426804071,-0.010657677056153211,1.0,2.0,1.0
3722,3.713572066704308,0.0,1.0,1.0,-1.6775355761347839,1.2810223020438636,1.5727606447188398,6.0,1.0,0.0
3723,3.9512437185814275,1.0,0.0,0.0,0.481032480995874,0.5590531634739355,-0.24377867410997087,2.0,1.0,0.0
3724,3.970291913552122,1.0,0.0,0.0,-1.6879133071786812,0.8860380763859207,-1.0986842087564264,1.0,1.0,0.0
3725,3.6635616461296463,0.0,0.0,1.0,1.8405152477464324,-1.2184705569895626,-1.2153527654392826,9.0,2.0,0.0
3726,3.7612001156935624,0.0,0.0,1.0,0.7404757570933088,0.3681501331991446,-1.4416811381382186,2.0,1.0,1.0
3727,3.6888794541139363,0.0,0.0,0.0,0.8961417227517697,0.29353443916194816,1.547406185012703,1.0,2.0,1.0
3728,4.127134385045092,0.0,0.0,1.0,-0.5671183544377627,-1.2184705569895626,-0.33264385857418655,5.0,2.0,1.0
3729,3.6888794541139363,0.0,0.0,0.0,-0.2765418852086357,0.8755574427845472,0.3631167883667077,3.0,1.0,1.0
3730,3.6888794541139363,0.0,0.0,0.0,0.19045601176674695,0.4135057439681733,-0.19517841007232675,8.0,1.0,0.0
3731,3.295836866004329,1.0,0.0,0.0,0.33574424638131045,0.6073488722405203,-0.0616548674620885,2.0,1.0,0.0
3732,3.6375861597263857,0.0,0.0,0.0,-1.6464023830030916,1.070900160331256,1.0155502006401542,8.0,2.0,0.0
3733,3.1354942159291497,0.0,1.0,0.0,-0.152009112681867,0.3634152032812813,0.3900570862713923,5.0,1.0,0.0
3734,3.9318256327243257,1.0,0.0,1.0,-0.14163138163796962,0.42498514309308616,1.181053741409777,1.0,1.0,0.0
3735,3.7376696182833684,0.0,0.0,0.0,-0.5463628923499679,-1.2184705569895626,-0.07583143682893585,1.0,2.0,0.0
3736,3.4011973816621555,0.0,0.0,1.0,-0.7227843200962236,-1.2184705569895626,0.7317190671071423,0.0,1.0,0.0
3737,3.713572066704308,0.0,0.0,0.0,-0.42183011982319923,0.7969814305003567,-0.12566841472539758,2.0,1.0,0.0
3738,3.4965075614664802,0.0,0.0,0.0,0.14894508759115738,0.5833512809934643,-1.1489242096705652,10.0,2.0,1.0
3739,3.871201010907891,1.0,0.0,0.0,-0.2661641541647383,0.43240335473730374,1.1482878657525921,2.0,1.0,1.0
3740,3.7612001156935624,0.0,1.0,1.0,-0.3284305404281227,0.7267053550508509,-1.2367929640595827,9.0,1.0,1.0
3741,3.58351893845611,0.0,0.0,0.0,-2.497376328602678,-1.2184705569895626,-0.1148478204608826,2.0,2.0,1.0
3742,3.6888794541139363,0.0,1.0,1.0,-0.3076750783403279,-1.2184705569895626,0.007494876076114468,9.0,2.0,1.0
3743,3.6888794541139363,1.0,0.0,0.0,-0.10012045746238005,0.8351634775443679,-0.6717953780845515,8.0,1.0,0.0
3744,3.6375861597263857,0.0,0.0,1.0,-1.4077145689934516,-1.2184705569895626,0.0243985446803511,8.0,1.0,0.0
3745,3.4965075614664802,0.0,1.0,1.0,-0.05860953328679048,-1.2184705569895626,1.4406235151987479,1.0,2.0,0.0
3746,3.5553480614894135,0.0,0.0,0.0,-0.5048519681743784,-1.2184705569895626,1.1733404928622284,9.0,2.0,0.0
3747,4.07753744390572,0.0,1.0,1.0,-1.2105376791594011,-1.2184705569895626,-1.5413510949969713,1.0,2.0,1.0
3748,3.332204510175204,0.0,1.0,0.0,0.03479004610828606,-1.2184705569895626,0.13173463221012482,9.0,2.0,0.0
3749,3.6109179126442243,0.0,0.0,1.0,-0.14163138163796962,1.798883506878214,-0.9284462776626656,6.0,1.0,0.0
3750,3.8066624897703196,0.0,1.0,1.0,-1.023738520369248,-1.2184705569895626,-1.558575721535044,4.0,1.0,0.0
3751,3.970291913552122,0.0,0.0,0.0,-0.9926053272375559,-1.2184705569895626,1.2990956711800505,9.0,1.0,0.0
3752,3.6109179126442243,0.0,1.0,1.0,0.06592323923997824,-1.2184705569895626,-0.26956067203891526,1.0,2.0,1.0
3753,3.6375861597263857,0.0,1.0,1.0,-0.3076750783403279,-1.2184705569895626,-1.6686298672336481,4.0,2.0,0.0
3754,3.4339872044851463,0.0,0.0,1.0,-0.8473170926229924,0.8854784923037194,-0.9124322849779523,2.0,1.0,1.0
3755,4.07753744390572,0.0,1.0,0.0,1.5188055853856133,-1.2184705569895626,0.3240922329997174,9.0,2.0,0.0
3756,3.4011973816621555,0.0,0.0,0.0,1.0725631504980253,-1.2184705569895626,-1.6638582694350565,3.0,3.0,0.0
3757,3.2188758248682006,0.0,0.0,0.0,0.2942333222057209,-1.2184705569895626,0.9482749140275678,10.0,3.0,0.0
3758,3.6109179126442243,0.0,1.0,0.0,0.6055652535226427,-1.2184705569895626,-0.29948713056853826,8.0,2.0,0.0
3759,3.6109179126442243,0.0,1.0,0.0,0.4602770189080792,-1.2184705569895626,-0.61533842546934,3.0,3.0,0.0
3760,3.5553480614894135,0.0,0.0,1.0,-0.14163138163796962,0.9190183130589354,0.9599484983372617,5.0,1.0,1.0
3761,4.31748811353631,1.0,0.0,0.0,-0.12087591955017483,0.6516170166043103,-1.1527511896714686,2.0,1.0,1.0
3762,3.6375861597263857,1.0,0.0,0.0,0.4083883636885922,0.7519639718290703,-0.039447742814620636,7.0,1.0,1.0
3763,4.110873864173311,0.0,1.0,0.0,-1.314314989598375,-1.2184705569895626,1.1754016826269238,7.0,2.0,1.0
3764,3.7376696182833684,0.0,0.0,1.0,-0.785050706359608,-1.2184705569895626,1.527302673605476,1.0,1.0,1.0
3765,3.5553480614894135,0.0,0.0,0.0,0.2527223980301313,0.10898681104992966,-0.14976720910208388,8.0,1.0,0.0
3766,3.367295829986474,0.0,0.0,1.0,1.7574933993952533,-1.2184705569895626,-0.9451180080850294,2.0,2.0,0.0
3767,3.784189633918261,0.0,0.0,0.0,0.3046110532496183,1.2488277246244568,0.24738659028022916,8.0,1.0,0.0
3768,3.6109179126442243,0.0,0.0,0.0,-1.6464023830030916,-1.2184705569895626,-0.011492411097511453,2.0,2.0,1.0
3769,3.970291913552122,0.0,0.0,0.0,1.2697400403320758,-0.31255388219319213,0.2231577436096589,2.0,1.0,0.0
3770,3.713572066704308,1.0,0.0,0.0,-0.28691961625253315,1.18256928676427,0.07266880971560032,3.0,2.0,0.0
3771,3.367295829986474,0.0,1.0,1.0,0.429143825776387,1.105025502971625,-0.3944845936494397,1.0,1.0,1.0
3772,3.332204510175204,0.0,1.0,1.0,-0.8680725547107871,0.8119786041231352,0.3167300213256334,5.0,2.0,1.0
3773,3.8501476017100584,1.0,0.0,1.0,0.003656852976593882,0.7198806707865244,0.8875994335961767,10.0,3.0,0.0
3774,3.6375861597263857,0.0,0.0,0.0,0.8131198744005905,-1.2184705569895626,0.416121095992689,1.0,2.0,1.0
3775,3.4965075614664802,0.0,0.0,0.0,-1.9058456591005264,0.9854336586159913,1.7088141217252049,8.0,1.0,0.0
3776,3.4339872044851463,0.0,0.0,0.0,0.7508534881372062,1.0627090982250114,0.12895606842863194,9.0,1.0,1.0
3777,3.4965075614664802,0.0,0.0,0.0,1.1036963436297176,0.1325191229428008,-0.4352728528522015,2.0,1.0,1.0
3778,3.6888794541139363,0.0,1.0,1.0,2.058447599668278,-1.2184705569895626,-1.1012864717010231,8.0,2.0,1.0
3779,3.4657359027997265,0.0,0.0,0.0,0.5536765983031557,0.6995606437123084,1.4273960841638678,3.0,1.0,0.0
3780,3.5263605246161616,0.0,0.0,1.0,0.481032480995874,0.953559941425692,-1.0549586454722841,5.0,2.0,1.0
3781,3.6375861597263857,1.0,0.0,1.0,1.3216286955515628,0.7043295169278618,0.6171299561928019,7.0,2.0,0.0
3782,3.4657359027997265,0.0,0.0,1.0,-0.6086292786133524,-1.2184705569895626,-1.3898752936963827,9.0,2.0,1.0
3783,3.8918202981106265,1.0,0.0,0.0,-0.6086292786133524,0.9254508881909843,-0.252609190091339,3.0,2.0,1.0
3784,3.6375861597263857,0.0,0.0,1.0,0.22158920489843914,-1.2184705569895626,1.0976514487554923,4.0,2.0,0.0
3785,3.367295829986474,1.0,0.0,1.0,1.5291833164295108,1.4659052002755186,0.1861583875998323,7.0,2.0,1.0
3786,3.1780538303479458,0.0,0.0,0.0,0.4706547499519766,-1.2184705569895626,-0.3598529544017915,10.0,2.0,1.0
3787,3.713572066704308,0.0,0.0,1.0,-1.1171380997643245,-1.2184705569895626,-0.6754737020543448,8.0,2.0,0.0
3788,3.9318256327243257,1.0,0.0,1.0,-0.05860953328679048,1.1078511223944247,-1.2625600094520646,6.0,2.0,1.0
3789,3.5263605246161616,1.0,0.0,1.0,-1.6775355761347839,0.3240441801587509,0.13704260878763536,5.0,2.0,0.0
3790,4.04305126783455,1.0,0.0,1.0,-0.2765418852086357,1.1592772998234402,-0.9320508821503642,0.0,1.0,0.0
3791,3.5263605246161616,0.0,1.0,1.0,0.7093425639616167,0.33761541505875864,-0.14865602700287117,6.0,1.0,0.0
3792,3.912023005428146,1.0,0.0,1.0,-0.152009112681867,0.513990874032115,1.1928394697429399,2.0,1.0,0.0
3793,3.6635616461296463,0.0,0.0,1.0,1.3735173507710499,0.9704384063119502,1.2081932905561605,5.0,1.0,1.0
3794,4.127134385045092,1.0,0.0,0.0,-0.24540869207694355,0.34038595667775945,0.8604852689884391,1.0,1.0,1.0
3795,3.332204510175204,0.0,0.0,1.0,1.9650480202732012,-1.2184705569895626,1.2429979271733467,8.0,1.0,0.0
3796,3.7612001156935624,0.0,0.0,0.0,-0.6293847407011471,-1.2184705569895626,1.228680004176917,10.0,2.0,0.0
3797,3.4339872044851463,0.0,1.0,1.0,0.958408109015154,0.831978731627612,0.3667577309953442,1.0,1.0,0.0
3798,4.276666119016055,0.0,1.0,1.0,-0.36994146460371224,-1.2184705569895626,1.2721494618074618,4.0,2.0,1.0
3799,3.332204510175204,0.0,0.0,0.0,-0.3906969266915071,0.48533200341878713,-0.3986846915950956,9.0,2.0,0.0
3800,3.912023005428146,0.0,0.0,1.0,-1.366203644817862,0.7220235816180491,-0.48428761510992435,5.0,1.0,0.0
3801,3.6109179126442243,0.0,0.0,1.0,-1.0341162514131454,-1.2184705569895626,0.5583856132322226,8.0,2.0,0.0
3802,3.5263605246161616,0.0,0.0,0.0,-1.4596032242129386,-1.2184705569895626,0.5564676896308429,3.0,2.0,0.0
3803,3.4657359027997265,1.0,0.0,1.0,0.06592323923997824,0.015698940975430904,-1.511753766136228,2.0,2.0,0.0
3804,3.8066624897703196,0.0,0.0,1.0,1.7159824752196637,-1.2184705569895626,-0.6073056099215799,8.0,1.0,0.0
3805,3.871201010907891,0.0,0.0,0.0,1.6122051647806899,1.4660092717071154,0.43482011217265265,9.0,1.0,0.0
3806,3.6375861597263857,1.0,0.0,0.0,1.2904955024198705,0.4429773324073247,1.6285716825322085,2.0,2.0,0.0
3807,3.4339872044851463,1.0,0.0,1.0,-1.127515830808222,-0.0419662387228632,1.3259311274627938,6.0,1.0,1.0
3808,4.127134385045092,0.0,1.0,0.0,0.27347786011792613,-1.2184705569895626,1.034637808901442,8.0,2.0,1.0
3809,3.7612001156935624,0.0,0.0,1.0,-0.6916511269645315,-1.2184705569895626,-1.4217692278377556,2.0,2.0,1.0
3810,3.58351893845611,0.0,1.0,1.0,1.1452072678053071,0.7497510929735334,0.8587406904900036,9.0,2.0,0.0
3811,4.04305126783455,0.0,0.0,0.0,-1.9058456591005264,-1.2184705569895626,-0.6637260505291502,10.0,3.0,1.0
3812,3.912023005428146,0.0,0.0,0.0,0.24234466698623391,-1.2184705569895626,-0.3465959660273922,0.0,1.0,1.0
3813,3.6888794541139363,0.0,1.0,1.0,-1.3765813758617593,0.5731614069609826,-0.049623639344214376,4.0,1.0,1.0
3814,3.7612001156935624,0.0,1.0,0.0,-0.5048519681743784,0.24831412125399516,0.769256018962809,8.0,1.0,0.0
3815,3.58351893845611,0.0,1.0,0.0,-0.7539175132279158,0.8547982342689928,-1.5967997946011774,1.0,2.0,1.0
3816,3.8066624897703196,0.0,0.0,1.0,0.1593228186350548,0.7393191327801683,-0.14988317819302033,8.0,1.0,1.0
3817,3.6635616461296463,0.0,0.0,0.0,-0.3076750783403279,0.3608652930972659,0.17433093125793653,4.0,1.0,1.0
3818,3.6109179126442243,0.0,1.0,1.0,-0.5463628923499679,-1.2184705569895626,-1.516478072191589,4.0,2.0,0.0
3819,3.713572066704308,0.0,0.0,1.0,0.1281896255033626,0.7926493370777205,0.37628562632265866,7.0,1.0,0.0
3820,3.7612001156935624,0.0,0.0,1.0,-0.9303389409741715,0.3864446099946981,-0.23704777243467287,2.0,1.0,0.0
3821,4.143134726391533,1.0,0.0,0.0,-1.283181796466683,0.9142119741280077,1.1836217526138721,7.0,1.0,0.0
3822,4.189654742026425,1.0,0.0,1.0,0.9480303779712567,0.893947505187275,-0.07009644362872675,2.0,1.0,1.0
3823,3.2188758248682006,1.0,0.0,1.0,-1.9369788522322187,1.2793573192482104,1.5810930325959605,6.0,1.0,0.0
3824,4.07753744390572,0.0,0.0,1.0,-0.42183011982319923,-1.2184705569895626,0.1257819578976928,8.0,2.0,1.0
3825,3.2188758248682006,1.0,0.0,1.0,-1.604891458827502,0.5710639673395709,-0.774959012474455,6.0,2.0,0.0
3826,3.4965075614664802,0.0,0.0,0.0,-1.1067603687204273,-1.2184705569895626,-0.8408875276051916,6.0,2.0,1.0
3827,3.912023005428146,1.0,0.0,0.0,-0.9407166720180689,0.41505576785938625,0.5671592748016927,1.0,1.0,0.0
3828,3.6375861597263857,0.0,0.0,0.0,0.10743416341556782,-1.2184705569895626,0.8943798872818449,5.0,2.0,0.0
3829,4.04305126783455,1.0,0.0,1.0,1.591449702692895,1.2120343106977365,-0.9326244684037368,6.0,1.0,0.0
3830,3.7376696182833684,0.0,0.0,0.0,1.4357837370344342,0.8088292424931223,1.7002962180759262,2.0,1.0,0.0
3831,3.5553480614894135,0.0,1.0,0.0,-1.5011141483885282,-1.2184705569895626,-0.6909968690363391,4.0,2.0,1.0
3832,3.4339872044851463,1.0,0.0,0.0,0.03479004610828606,0.11322716150286614,1.4574951923296227,1.0,2.0,1.0
3833,3.1780538303479458,0.0,1.0,1.0,-0.21427549894525139,-1.2184705569895626,-1.5059994737319795,3.0,2.0,0.0
3834,3.5553480614894135,0.0,0.0,1.0,0.36687743951300267,0.8612799631387342,-1.2472001033042375,7.0,1.0,1.0
3835,3.4011973816621555,0.0,1.0,0.0,0.667831639786027,-1.2184705569895626,-0.3792792550006267,8.0,2.0,0.0
3836,3.4011973816621555,0.0,1.0,0.0,0.6263207156104375,0.029102220595831094,0.38452864671441017,7.0,1.0,0.0
3837,3.7376696182833684,0.0,0.0,0.0,-0.1831423058135592,-1.2184705569895626,0.5364420705065833,7.0,2.0,1.0
3838,3.4339872044851463,0.0,0.0,1.0,-1.3246927206422725,-1.2184705569895626,0.45868748996757547,1.0,2.0,0.0
3839,3.4657359027997265,0.0,1.0,1.0,0.532921136215361,-1.2184705569895626,-0.5696586004428802,6.0,2.0,1.0
3840,3.713572066704308,0.0,0.0,1.0,2.058447599668278,-1.2184705569895626,0.3268874879847035,9.0,2.0,1.0
3841,3.9512437185814275,1.0,0.0,0.0,-1.0133607893253507,0.4739216116585176,1.3799191728946503,7.0,1.0,1.0
3842,3.7612001156935624,0.0,1.0,1.0,0.6159429845665401,1.625509788211898,-1.4611509054128171,3.0,3.0,1.0
3843,3.6109179126442243,0.0,1.0,0.0,0.33574424638131045,-1.2184705569895626,0.28875208693712745,4.0,1.0,0.0
3844,3.4657359027997265,0.0,0.0,1.0,0.7508534881372062,-1.2184705569895626,0.5991213646906625,5.0,1.0,0.0
3845,3.871201010907891,1.0,0.0,0.0,0.5640543293470531,0.7128052544269972,0.7019417862087389,6.0,1.0,1.0
3846,4.174387269895637,0.0,0.0,1.0,-1.1171380997643245,0.6040515690677452,0.4157187684418239,9.0,1.0,1.0
3847,3.4657359027997265,0.0,0.0,1.0,-0.06898726433068787,1.3620478356080528,-1.5270947208134225,7.0,2.0,0.0
3848,3.5263605246161616,0.0,0.0,0.0,-2.020000700583398,0.828334950642567,-0.7027365226931931,7.0,1.0,1.0
3849,3.5263605246161616,0.0,0.0,1.0,0.2942333222057209,0.5170142291749484,-1.0670828922762918,2.0,1.0,1.0
3850,3.6635616461296463,0.0,0.0,0.0,1.1140740746736149,0.44813399178799695,-0.15420898176498357,1.0,1.0,0.0
3851,3.091042453358316,0.0,0.0,0.0,-1.1171380997643245,1.3677198887399709,-1.5851169953562216,10.0,2.0,0.0
3852,3.713572066704308,0.0,0.0,1.0,-0.20389776790135397,1.8773320716861719,0.8477239745844446,3.0,2.0,0.0
3853,3.295836866004329,0.0,0.0,0.0,1.0829408815419228,0.408904665922333,0.9393911948350653,5.0,2.0,1.0
3854,3.5263605246161616,1.0,0.0,0.0,1.3838950818149471,0.8183106302412718,1.5914113259553546,6.0,1.0,0.0
3855,3.8501476017100584,0.0,0.0,1.0,-1.1482712928960168,0.7756522307594419,-0.10314172307771786,4.0,2.0,0.0
3856,3.4011973816621555,0.0,0.0,0.0,-0.5671183544377627,-1.2184705569895626,1.2934688230691402,5.0,2.0,1.0
3857,3.7612001156935624,1.0,0.0,0.0,1.0414299573663333,-0.17701845462682841,0.6903897347244791,3.0,2.0,1.0
3858,3.784189633918261,0.0,1.0,1.0,0.7300980260494114,-1.2184705569895626,-0.9714127389212777,1.0,1.0,0.0
3859,3.6888794541139363,0.0,0.0,1.0,-1.1690267549838116,1.0095175490963253,0.8211905247649041,3.0,2.0,0.0
3860,3.7612001156935624,0.0,1.0,1.0,-0.11049818850627745,0.9055080800288329,-1.131248051304663,9.0,1.0,0.0
3861,3.7376696182833684,0.0,1.0,1.0,1.1867181919808967,0.3699550520428222,-0.6611961161330234,6.0,2.0,0.0
3862,3.7612001156935624,0.0,0.0,0.0,1.456539199122229,0.36735278592321857,-0.9262101779946986,0.0,2.0,0.0
3863,3.295836866004329,0.0,0.0,1.0,0.003656852976593882,0.9910171709761053,1.192003692501363,3.0,2.0,1.0
3864,3.4657359027997265,0.0,1.0,0.0,-0.9614721341058636,1.0099879519671426,0.7463970680455949,1.0,1.0,1.0
3865,3.4339872044851463,0.0,0.0,1.0,-0.11049818850627745,0.18257860231010872,-1.6196156265760344,2.0,2.0,1.0
3866,3.6375861597263857,0.0,0.0,0.0,1.5188055853856133,0.5703265011642868,-0.2947591733124132,4.0,1.0,1.0
3867,3.6109179126442243,1.0,0.0,0.0,0.1593228186350548,0.6130524670217073,-0.8174995003105865,1.0,1.0,1.0
3868,3.4011973816621555,0.0,0.0,1.0,0.6263207156104375,0.4233060706266935,1.5517516355221115,3.0,1.0,1.0
3869,3.713572066704308,1.0,0.0,1.0,-0.006720878067303511,0.9391737471613338,1.2866617677779049,1.0,2.0,0.0
3870,3.5263605246161616,0.0,0.0,0.0,-0.1727645747696618,-1.2184705569895626,0.39152034844428796,5.0,2.0,0.0
3871,4.219507705176107,0.0,0.0,0.0,-0.3284305404281227,-1.2184705569895626,-0.9900762862938185,3.0,2.0,1.0
3872,4.127134385045092,0.0,0.0,0.0,-0.9926053272375559,0.6615294201891654,-0.10914412326722285,2.0,1.0,1.0
3873,3.58351893845611,0.0,0.0,0.0,-0.027476340155098297,0.5156227140795522,1.6005290697301666,4.0,1.0,1.0
3874,3.5553480614894135,1.0,0.0,1.0,-0.1623868437257644,-0.5763416584328831,-0.8157674402147707,2.0,2.0,1.0
3875,3.4011973816621555,0.0,1.0,0.0,1.8093820546147403,0.8619665143674834,1.5607881835465975,4.0,1.0,1.0
3876,3.6635616461296463,0.0,1.0,0.0,-1.6775355761347839,0.3388559465233923,-0.13273088020341783,3.0,1.0,1.0
3877,3.4965075614664802,0.0,0.0,0.0,0.003656852976593882,-1.2184705569895626,-0.7963647854875507,2.0,2.0,0.0
3878,3.6635616461296463,0.0,0.0,0.0,0.06592323923997824,0.42898180628619165,0.9603435234865986,6.0,1.0,0.0
3879,3.4965075614664802,0.0,0.0,1.0,0.9376526469273593,1.3510556508929075,-1.2415518695888517,6.0,1.0,0.0
3880,3.58351893845611,1.0,0.0,1.0,-0.7435397821840184,0.7245461130100601,-1.125957982997567,9.0,1.0,1.0
3881,3.6375861597263857,1.0,0.0,0.0,-0.25578642312084093,1.140933989509984,0.5668171051300837,7.0,1.0,1.0
3882,3.9889840465642745,1.0,0.0,1.0,0.6470761776982322,0.3688887201436922,-0.4857008036723406,1.0,1.0,1.0
3883,3.713572066704308,0.0,1.0,1.0,-0.24540869207694355,-1.2184705569895626,0.05913711195037717,10.0,2.0,0.0
3884,3.6109179126442243,0.0,0.0,0.0,1.7990043235708428,1.1199930562638722,0.6591879639279611,3.0,1.0,1.0
3885,3.713572066704308,0.0,0.0,1.0,-1.4492254931690411,-1.2184705569895626,0.8002482803821481,5.0,2.0,1.0
3886,3.6109179126442243,0.0,1.0,1.0,1.0414299573663333,-1.2184705569895626,-0.9538405528438015,2.0,2.0,1.0
3887,3.6635616461296463,0.0,1.0,1.0,-1.6360246519591943,-1.2184705569895626,-1.6383047323539242,7.0,2.0,1.0
3888,3.912023005428146,1.0,0.0,0.0,-1.656780114046989,1.2031827952755894,1.1615452018603973,2.0,2.0,1.0
3889,3.713572066704308,1.0,0.0,0.0,1.8716484408781247,0.5050954884988025,0.5947576581774335,9.0,2.0,1.0
3890,3.6109179126442243,0.0,1.0,0.0,-0.46334104399878884,0.35487013819771307,-0.9391397753672487,4.0,1.0,1.0
3891,3.332204510175204,0.0,0.0,1.0,0.2631001290740287,-1.2184705569895626,-1.3968172695491872,2.0,2.0,1.0
3892,3.7376696182833684,1.0,0.0,1.0,0.5121656741275662,1.4080698237590903,-0.8871611074225781,9.0,1.0,0.0
3893,3.4339872044851463,0.0,1.0,1.0,1.2801177713759733,-1.2184705569895626,-0.7471080007791777,4.0,2.0,1.0
3894,3.5553480614894135,0.0,0.0,0.0,0.5848097914348479,-1.2184705569895626,-0.6530947971042602,4.0,1.0,1.0
3895,3.7376696182833684,0.0,0.0,0.0,-0.9718498651497611,-1.2184705569895626,0.7503043744633093,6.0,1.0,1.0
3896,3.58351893845611,1.0,0.0,0.0,0.5432988672592584,1.2505212069813785,-1.0461524708293435,3.0,2.0,1.0
3897,3.6109179126442243,0.0,1.0,1.0,-0.4737187750426862,0.28902110133843856,0.34263876808110366,0.0,1.0,1.0
3898,3.713572066704308,0.0,0.0,1.0,0.4706547499519766,-1.2184705569895626,-1.2846664652784647,4.0,2.0,1.0
3899,4.02535169073515,0.0,0.0,1.0,-1.760557424485963,0.33969091962458775,-0.3827701506645285,5.0,1.0,1.0
3900,3.7612001156935624,0.0,0.0,1.0,0.4395215568202844,0.9232745143914539,-1.1132003397943366,8.0,1.0,0.0
3901,3.332204510175204,1.0,0.0,1.0,0.9376526469273593,1.8256257019413191,-1.3672477593609325,5.0,2.0,0.0
3902,3.6375861597263857,1.0,0.0,0.0,1.0310522263224358,1.2026949404262426,0.1543588630782171,0.0,1.0,1.0
3903,3.4965075614664802,1.0,0.0,1.0,0.39801063264469483,0.4896381590384717,0.6517428178365203,0.0,2.0,1.0
3904,3.1354942159291497,0.0,0.0,1.0,0.8442530675322827,-1.2184705569895626,0.29159011313106453,5.0,2.0,1.0
3905,3.2188758248682006,1.0,0.0,0.0,0.5432988672592584,0.5913191499064073,1.07922870676668,7.0,1.0,0.0
3906,3.6109179126442243,0.0,1.0,0.0,1.2697400403320758,0.6572536854494859,0.02429092119116114,8.0,1.0,0.0
3907,3.9318256327243257,1.0,0.0,0.0,-0.5567406233938653,0.1965776508489266,-0.6306849438810325,5.0,3.0,1.0
3908,3.5263605246161616,0.0,1.0,0.0,-0.9407166720180689,-1.2184705569895626,-0.9592194670361578,6.0,2.0,0.0
3909,3.258096538021482,0.0,0.0,0.0,0.2631001290740287,-1.2184705569895626,1.3766360479408968,3.0,2.0,0.0
3910,3.4657359027997265,0.0,1.0,1.0,0.9791635711029488,0.6041607640159745,1.2932944347659778,2.0,1.0,1.0
3911,3.6375861597263857,0.0,0.0,0.0,0.3046110532496183,-0.10394798118400173,-0.49210292341216494,7.0,1.0,1.0
3912,3.4657359027997265,0.0,0.0,0.0,0.18007828072284957,0.5907818210995786,-1.0425650791452472,6.0,1.0,0.0
3913,3.9512437185814275,0.0,0.0,0.0,0.5848097914348479,-0.08562612559644389,-0.13059562322322174,8.0,1.0,1.0
3914,3.6375861597263857,1.0,0.0,0.0,0.429143825776387,0.3169839742392262,-1.0820602916774023,6.0,1.0,1.0
3915,3.5263605246161616,0.0,1.0,0.0,0.07630097028387564,0.6293513340889192,-1.7194039866595663,8.0,1.0,1.0
3916,4.07753744390572,0.0,0.0,1.0,0.4083883636885922,-1.2184705569895626,1.643023135156583,3.0,1.0,1.0
3917,3.367295829986474,0.0,0.0,1.0,-0.6501402027889419,-1.2184705569895626,0.8904525861932795,7.0,2.0,0.0
3918,3.6375861597263857,0.0,1.0,0.0,0.5432988672592584,1.2731529007162006,0.6025748790134074,9.0,1.0,1.0
3919,4.290459441148391,0.0,1.0,0.0,1.6848492820879715,-1.2184705569895626,0.5289327676017165,2.0,2.0,1.0
3920,3.7376696182833684,1.0,0.0,0.0,0.958408109015154,0.12826836534670472,1.6885471756171075,2.0,1.0,0.0
3921,3.7612001156935624,1.0,0.0,1.0,-0.3076750783403279,0.6350618135955809,-0.49161574891020987,9.0,1.0,0.0
3922,3.6375861597263857,1.0,0.0,0.0,0.1178118944594652,1.2680955094702822,0.3179211821082509,8.0,1.0,0.0
3923,4.04305126783455,0.0,0.0,1.0,-0.006720878067303511,-1.2184705569895626,0.24500235618126076,2.0,1.0,0.0
3924,3.784189633918261,0.0,1.0,0.0,0.5640543293470531,-1.2184705569895626,-1.190439579425495,1.0,2.0,0.0
3925,3.828641396489095,1.0,0.0,0.0,0.6470761776982322,0.4856105946356768,1.107294443840228,9.0,2.0,1.0
3926,3.7612001156935624,0.0,1.0,1.0,0.667831639786027,-1.2184705569895626,1.3973515701428716,8.0,2.0,0.0
3927,3.4657359027997265,0.0,1.0,1.0,-0.8576948236668898,0.629309225186596,0.7840854577996214,1.0,1.0,0.0
3928,3.5263605246161616,1.0,0.0,0.0,1.3112509645076653,0.5597696552530055,-0.29339379809333654,4.0,2.0,0.0
3929,3.8501476017100584,1.0,0.0,1.0,-0.5048519681743784,0.36501245959144946,-0.24760269837692261,4.0,2.0,1.0
3930,3.912023005428146,0.0,1.0,0.0,0.7819866812688984,0.3233361742041033,1.5652624692829682,7.0,1.0,0.0
3931,3.8501476017100584,0.0,1.0,0.0,-0.5463628923499679,0.0903131940235745,-0.2981653958919279,7.0,2.0,0.0
3932,3.4011973816621555,0.0,0.0,1.0,-0.9614721341058636,-1.2184705569895626,0.9598914700586603,1.0,2.0,0.0
3933,4.060443010546419,1.0,0.0,0.0,-0.8473170926229924,0.16758078824775136,0.05614191025687991,5.0,1.0,1.0
3934,3.4657359027997265,0.0,0.0,1.0,-0.494474237130481,0.9404125174171248,1.592582492067121,6.0,1.0,0.0
3935,3.258096538021482,0.0,0.0,1.0,-0.3388082714720201,-1.2184705569895626,0.7840183452522426,4.0,1.0,0.0
3936,3.713572066704308,0.0,1.0,1.0,-0.46334104399878884,0.5834774475905383,-1.4011755861946213,1.0,1.0,1.0
3937,3.58351893845611,0.0,0.0,0.0,2.058447599668278,2.1722456917977184,1.5325103290953246,1.0,1.0,0.0
3938,3.6109179126442243,0.0,1.0,1.0,2.058447599668278,-1.2184705569895626,-1.0282518505498,6.0,2.0,1.0
3939,3.5263605246161616,0.0,1.0,1.0,0.6055652535226427,-1.2184705569895626,1.180239871372785,1.0,2.0,0.0
3940,3.9318256327243257,1.0,0.0,0.0,0.2838555911618235,0.904560709781513,1.4532942250504517,6.0,2.0,1.0
3941,3.4657359027997265,0.0,1.0,0.0,2.058447599668278,0.24321590198491178,1.073066696943772,4.0,1.0,1.0
3942,3.4657359027997265,1.0,0.0,1.0,1.1140740746736149,0.36501486123987104,-0.9145122523465775,4.0,1.0,1.0
3943,3.4339872044851463,0.0,0.0,0.0,-0.42183011982319923,0.20000928622340888,1.6674018549251854,9.0,1.0,0.0
3944,3.828641396489095,0.0,1.0,0.0,0.429143825776387,-1.2184705569895626,-1.2838618101767347,4.0,2.0,1.0
3945,4.31748811353631,1.0,0.0,0.0,1.2801177713759733,1.3652468313054424,0.5987732835511497,0.0,1.0,1.0
3946,4.110873864173311,0.0,0.0,1.0,-2.186044397285756,1.0329011188969606,1.285743229985675,1.0,1.0,1.0
3947,3.4657359027997265,1.0,0.0,1.0,-2.217177590417448,0.03677004356598611,-0.9648607460834214,8.0,1.0,0.0
3948,4.23410650459726,0.0,0.0,1.0,0.429143825776387,-1.2184705569895626,-0.7053134010991443,2.0,2.0,1.0
3949,3.258096538021482,1.0,0.0,1.0,-0.494474237130481,1.429962129999891,-1.1327685156228633,7.0,1.0,1.0
3950,3.4657359027997265,0.0,1.0,1.0,0.08667870132777303,0.1354193535765605,0.6494436045553452,1.0,1.0,1.0
3951,3.7376696182833684,0.0,0.0,1.0,-0.40107465773540446,-1.2184705569895626,-0.6977891456578147,7.0,2.0,0.0
3952,4.02535169073515,0.0,1.0,1.0,-0.6190070096572498,0.15599971933966314,0.4952963413623445,8.0,2.0,1.0
3953,3.7612001156935624,0.0,0.0,0.0,1.0829408815419228,-1.2184705569895626,-1.1259237312570656,9.0,2.0,0.0
3954,3.713572066704308,0.0,0.0,1.0,-1.4388477621251439,1.039150368199504,0.07992948323510136,3.0,1.0,0.0
3955,3.4965075614664802,0.0,0.0,0.0,0.6159429845665401,-1.2184705569895626,0.4478307314288254,1.0,2.0,0.0
3956,3.6375861597263857,0.0,0.0,1.0,-1.0548717135009402,-1.2184705569895626,1.377702720164128,3.0,1.0,1.0
3957,3.295836866004329,0.0,1.0,1.0,-0.785050706359608,-1.2184705569895626,-1.1532618361783358,8.0,2.0,1.0
3958,3.4657359027997265,1.0,0.0,1.0,0.8442530675322827,1.307920604254364,1.3485713540675672,6.0,2.0,0.0
3959,4.060443010546419,0.0,0.0,0.0,1.2386068472003837,-1.2184705569895626,-0.2530563752515918,4.0,1.0,0.0
3960,3.258096538021482,0.0,0.0,1.0,-0.5463628923499679,0.7089869536566593,-1.313183908046545,6.0,1.0,1.0
3961,3.258096538021482,1.0,0.0,1.0,0.1281896255033626,1.5484320843229118,0.13174506421230786,6.0,2.0,1.0
3962,3.4657359027997265,0.0,0.0,1.0,0.1593228186350548,0.6911071614885453,-1.254859627040542,1.0,1.0,1.0
3963,3.4011973816621555,0.0,1.0,0.0,-0.733162051140121,-1.2184705569895626,-0.933596383273804,8.0,2.0,0.0
3964,3.6635616461296463,0.0,1.0,1.0,-0.21427549894525139,-1.2184705569895626,1.4113553160068841,7.0,2.0,0.0
3965,3.8501476017100584,0.0,1.0,0.0,-0.9199612099302741,0.48144309418485787,1.0903912968361003,8.0,1.0,0.0
3966,3.9318256327243257,0.0,0.0,1.0,-0.7435397821840184,0.7932680017110895,-0.7457179364882675,0.0,1.0,0.0
3967,3.367295829986474,1.0,0.0,1.0,-0.7539175132279158,1.1884478816604347,0.7846105352428422,6.0,1.0,0.0
3968,3.4339872044851463,0.0,1.0,1.0,0.771608950225001,0.9294403464388256,0.8239743045474889,8.0,1.0,1.0
3969,3.6375861597263857,0.0,1.0,0.0,-0.3180528093842253,0.11142240276908344,-1.5867205679584813,9.0,2.0,0.0
3970,3.4339872044851463,0.0,0.0,1.0,0.2631001290740287,0.03251848542041594,1.2830422107537438,1.0,1.0,1.0
3971,3.871201010907891,1.0,0.0,0.0,2.058447599668278,0.9331105455565062,-1.2799788450974479,10.0,1.0,0.0
3972,3.6375861597263857,0.0,0.0,1.0,-0.36994146460371224,1.090886198164994,0.9480320222434026,5.0,2.0,0.0
3973,3.6375861597263857,0.0,0.0,1.0,0.2527223980301313,0.4825797143277894,1.1518145779573228,10.0,1.0,1.0
3974,4.007333185232471,0.0,0.0,1.0,0.8961417227517697,-1.2184705569895626,-0.7772928252295378,4.0,1.0,1.0
3975,3.4965075614664802,0.0,0.0,1.0,-0.9718498651497611,0.4626870205626992,1.557642587154959,10.0,1.0,0.0
3976,3.9318256327243257,1.0,0.0,0.0,-0.7227843200962236,0.32637489989683427,-1.3924509550354125,6.0,2.0,1.0
3977,3.367295829986474,0.0,0.0,0.0,-1.3246927206422725,-1.2184705569895626,0.8114259968547345,7.0,2.0,1.0
3978,3.367295829986474,1.0,0.0,1.0,0.5951875224787453,0.7780313036857439,0.779271610392188,8.0,2.0,0.0
3979,3.6635616461296463,0.0,0.0,0.0,1.062185419454128,-1.2184705569895626,-1.6848831005017628,2.0,2.0,0.0
3980,3.8501476017100584,0.0,1.0,1.0,1.2282291161564862,1.834473214616097,-1.4901407440130927,9.0,1.0,1.0
3981,3.258096538021482,1.0,0.0,1.0,-0.5463628923499679,0.5168120103778611,-0.37251531865174875,7.0,1.0,1.0
3982,3.7376696182833684,1.0,0.0,0.0,0.4187660947324896,0.8741864217556807,-0.7141931213574765,8.0,1.0,0.0
3983,3.6888794541139363,0.0,0.0,1.0,1.2386068472003837,-1.2184705569895626,-0.07233984569822195,5.0,2.0,0.0
3984,4.060443010546419,1.0,0.0,1.0,1.062185419454128,0.40079878228010296,-0.5125047900818316,2.0,2.0,1.0
3985,3.5553480614894135,0.0,0.0,1.0,-0.1831423058135592,0.4675292241100547,0.3952630030942107,8.0,1.0,1.0
3986,3.367295829986474,0.0,1.0,0.0,0.08667870132777303,0.8458243948872459,1.6976070217798025,3.0,1.0,1.0
3987,3.4339872044851463,0.0,1.0,0.0,-0.7954284374035054,-1.2184705569895626,1.4763080912000863,8.0,2.0,0.0
3988,3.6888794541139363,0.0,0.0,0.0,2.058447599668278,-1.2184705569895626,1.3738969519009971,2.0,2.0,0.0
3989,3.4965075614664802,0.0,1.0,1.0,0.6159429845665401,-1.2184705569895626,0.8221979084423943,5.0,2.0,1.0
3990,3.58351893845611,0.0,1.0,0.0,-1.0029830582814532,-1.2184705569895626,0.02148488647058582,1.0,2.0,0.0
3991,4.143134726391533,0.0,0.0,1.0,-0.10012045746238005,-1.2184705569895626,-0.6834793943964286,7.0,2.0,1.0
3992,3.6375861597263857,0.0,1.0,1.0,1.1970959230247942,-1.2184705569895626,-1.316119473460895,7.0,2.0,1.0
3993,3.4965075614664802,1.0,0.0,0.0,0.19045601176674695,0.4299357410391969,0.6000341648816917,4.0,2.0,1.0
3994,3.6375861597263857,1.0,0.0,1.0,-1.1171380997643245,0.0581162149557462,-0.7454072366899115,2.0,1.0,1.0
3995,3.784189633918261,0.0,1.0,1.0,0.16970054967895218,0.5913205908954602,-0.00012883111936145295,10.0,1.0,1.0
3996,3.5553480614894135,1.0,0.0,1.0,1.248984578244281,0.567810053948277,0.35889460934976397,7.0,1.0,1.0
3997,3.4339872044851463,0.0,0.0,0.0,-0.836939361579095,0.15456561501225982,0.7769174552328479,4.0,1.0,0.0
3998,3.58351893845611,0.0,0.0,1.0,-0.05860953328679048,0.12688261420752003,1.1096938043423616,6.0,1.0,1.0
3999,3.4657359027997265,0.0,0.0,1.0,-0.11049818850627745,1.2788942814325523,-0.15509917928461583,10.0,1.0,0.0
4000,3.6375861597263857,1.0,0.0,1.0,-0.14163138163796962,0.2181772762020985,-1.097731940823804,2.0,2.0,1.0
4001,3.5553480614894135,0.0,1.0,1.0,-0.6605179338328393,-1.2184705569895626,-0.37124678718627263,10.0,2.0,0.0
4002,3.6375861597263857,0.0,1.0,1.0,-1.2105376791594011,1.5920149583371108,-1.5854864621002096,3.0,2.0,1.0
4003,3.58351893845611,0.0,0.0,1.0,-0.9926053272375559,-1.2184705569895626,1.6051354941608578,10.0,2.0,1.0
4004,3.5263605246161616,0.0,0.0,1.0,0.6159429845665401,-1.2184705569895626,-1.023047150793903,1.0,1.0,0.0
4005,4.110873864173311,0.0,0.0,0.0,-2.3001994387686273,-0.034665707851297425,1.0693902855077122,7.0,1.0,0.0
4006,4.02535169073515,1.0,0.0,1.0,2.058447599668278,0.36198846400903706,-0.2923415568064586,0.0,1.0,1.0
4007,3.828641396489095,1.0,0.0,1.0,0.37725517055690005,0.4370636734442068,0.5118573186948632,9.0,1.0,0.0
4008,3.4657359027997265,0.0,0.0,1.0,0.1593228186350548,0.37484560877839634,1.5513425271698273,3.0,1.0,1.0
4009,3.4339872044851463,0.0,1.0,1.0,1.09331861258582,1.1094711143096494,1.702326459567478,3.0,1.0,1.0
4010,3.6109179126442243,1.0,0.0,1.0,-1.0652494445448377,1.0138195418587461,-0.2859742104072449,6.0,1.0,0.0
4011,3.8918202981106265,0.0,0.0,1.0,0.2838555911618235,-1.2184705569895626,-1.3402749483827767,8.0,2.0,0.0
4012,3.7612001156935624,0.0,1.0,0.0,-0.9199612099302741,0.3675175390049311,0.9374311954915471,6.0,2.0,0.0
4013,3.7376696182833684,0.0,1.0,1.0,-0.017098609111200903,-1.2184705569895626,1.585114569437581,9.0,2.0,1.0
4014,3.5263605246161616,0.0,1.0,1.0,-1.314314989598375,-1.2184705569895626,1.053128011171039,5.0,2.0,0.0
4015,3.784189633918261,1.0,0.0,0.0,1.4254060059905367,0.6491199426855668,-0.6999037125003476,9.0,2.0,1.0
4016,4.143134726391533,0.0,0.0,1.0,-0.9303389409741715,-1.2184705569895626,0.09657808938595876,3.0,2.0,0.0
4017,3.4657359027997265,0.0,0.0,1.0,0.22158920489843914,0.516243620251448,-1.0715276206731434,1.0,1.0,1.0
4018,3.4339872044851463,0.0,1.0,1.0,0.3046110532496183,0.5602384570248753,-0.5467290596442264,2.0,1.0,0.0
4019,3.367295829986474,1.0,0.0,0.0,0.38763290160079744,-0.1808252274847434,-0.37972730949439487,2.0,2.0,0.0
4020,4.143134726391533,1.0,0.0,1.0,1.1348295367614096,0.3642852404494302,-0.23489947545174777,5.0,1.0,0.0
4021,3.6375861597263857,0.0,0.0,1.0,0.04516777715218345,0.5794249060441603,0.9167414055616241,7.0,1.0,0.0
4022,3.6109179126442243,0.0,0.0,1.0,0.1178118944594652,-1.2184705569895626,0.6244989486683047,10.0,2.0,0.0
4023,3.6635616461296463,1.0,0.0,0.0,1.2801177713759733,0.7863078644757924,-1.4715279657178433,4.0,2.0,1.0
4024,3.912023005428146,0.0,0.0,0.0,-1.2105376791594011,-1.2184705569895626,-0.6713146366506094,3.0,1.0,0.0
4025,3.8066624897703196,0.0,1.0,1.0,2.058447599668278,0.20840096602779298,0.06623417690230511,7.0,1.0,0.0
4026,3.713572066704308,0.0,0.0,0.0,-0.9926053272375559,-1.2184705569895626,-0.666232686787068,8.0,2.0,0.0
4027,3.367295829986474,0.0,0.0,1.0,1.1452072678053071,-1.2184705569895626,1.173221741904043,2.0,2.0,0.0
4028,3.6109179126442243,0.0,1.0,1.0,0.4083883636885922,0.8619115966735792,-0.4306109649432364,7.0,1.0,0.0
4029,3.5553480614894135,0.0,0.0,0.0,-1.5114918794324255,0.22744379647147447,1.0224057647415417,4.0,1.0,1.0
4030,3.367295829986474,0.0,0.0,1.0,-0.9407166720180689,-1.2184705569895626,-1.6106016812229451,7.0,2.0,0.0
4031,3.4011973816621555,0.0,0.0,0.0,0.875386260663975,-1.2184705569895626,1.3165431948314374,9.0,2.0,0.0
4032,3.4011973816621555,0.0,0.0,0.0,-1.4077145689934516,0.4624042664885457,0.9901223691853294,2.0,1.0,0.0
4033,3.6375861597263857,1.0,0.0,1.0,0.06592323923997824,1.4831556004473143,-0.5226615612740894,3.0,2.0,0.0
4034,3.4965075614664802,1.0,0.0,1.0,1.2386068472003837,0.022176186768118906,-1.169918614064237,9.0,1.0,0.0
4035,3.367295829986474,0.0,0.0,0.0,1.3423841576393576,-1.2184705569895626,1.343500357806318,4.0,2.0,0.0
4036,3.871201010907891,0.0,0.0,1.0,-0.3180528093842253,-1.2184705569895626,0.5807161832388583,0.0,1.0,1.0
4037,3.258096538021482,0.0,0.0,1.0,-0.733162051140121,0.028569855195739947,0.8673896896333839,5.0,2.0,0.0
4038,3.784189633918261,0.0,1.0,1.0,0.14894508759115738,-1.2184705569895626,-1.2359347580133127,5.0,2.0,0.0
4039,3.8501476017100584,0.0,0.0,0.0,-0.6501402027889419,0.4985295418244151,-1.102436773808423,10.0,2.0,0.0
4040,3.5553480614894135,0.0,0.0,0.0,0.8027421433566931,0.896928751427785,0.08655119662088172,9.0,1.0,1.0
4041,3.58351893845611,0.0,0.0,1.0,2.058447599668278,1.3823921993862727,1.445449359408692,3.0,1.0,0.0
4042,3.6375861597263857,0.0,0.0,1.0,-0.4529633129548914,1.1206291728757707,1.0460189494166006,5.0,2.0,0.0
4043,3.295836866004329,0.0,0.0,1.0,0.27347786011792613,-1.2184705569895626,-1.6594178877057812,3.0,2.0,0.0
4044,3.5263605246161616,0.0,0.0,0.0,2.058447599668278,-1.2184705569895626,-1.5521445660558097,3.0,2.0,1.0
4045,3.912023005428146,0.0,0.0,0.0,-0.46334104399878884,0.7022123837893939,0.045847436635804026,9.0,2.0,0.0
4046,3.4965075614664802,0.0,0.0,1.0,1.09331861258582,-1.2184705569895626,0.2698353896449411,9.0,2.0,0.0
4047,3.713572066704308,0.0,0.0,0.0,-0.23503096103304616,0.9815865380645957,1.3117618604974748,9.0,1.0,0.0
4048,4.248495242049359,1.0,0.0,1.0,1.643338357912382,-0.7815557914313874,0.1752334733134854,3.0,1.0,1.0
4049,3.4339872044851463,0.0,0.0,0.0,0.36687743951300267,-1.2184705569895626,1.3696459110113468,6.0,2.0,0.0
4050,3.6109179126442243,0.0,0.0,1.0,2.058447599668278,-1.2184705569895626,1.6448099632638609,3.0,2.0,0.0
4051,3.58351893845611,1.0,0.0,1.0,1.3423841576393576,0.2629646569546088,1.2762902712073765,7.0,2.0,1.0
4052,3.4339872044851463,0.0,1.0,1.0,-0.22465322998914877,-1.2184705569895626,-1.5638371018361363,3.0,2.0,1.0
4053,4.127134385045092,0.0,0.0,0.0,-0.8473170926229924,1.0567767064042064,-0.960044116808739,6.0,1.0,1.0
4054,3.5263605246161616,0.0,0.0,1.0,-0.8265616305351976,-1.2184705569895626,-1.0308946244362083,5.0,1.0,1.0
4055,3.4657359027997265,0.0,0.0,1.0,1.2801177713759733,-1.2184705569895626,1.197023919685321,9.0,2.0,0.0
4056,3.58351893845611,0.0,0.0,0.0,-0.442585581910994,1.1495616712992505,0.687973161418743,2.0,1.0,0.0
4057,3.295836866004329,1.0,0.0,0.0,0.875386260663975,0.13586541974337374,1.5231848146103644,0.0,1.0,1.0
4058,3.044522437723423,0.0,0.0,0.0,0.7404757570933088,-1.2184705569895626,0.6946677249531025,4.0,2.0,1.0
4059,3.7376696182833684,1.0,0.0,0.0,0.6055652535226427,1.1696570641911122,-1.0136433962925684,9.0,2.0,0.0
4060,3.7612001156935624,1.0,0.0,1.0,-1.5426250725641177,1.2356841432533647,0.8850801050689362,9.0,1.0,1.0
4061,3.6635616461296463,0.0,0.0,0.0,0.8442530675322827,1.3057957858409475,-1.4043710823300357,3.0,1.0,0.0
4062,3.7376696182833684,0.0,0.0,1.0,0.09705643237167041,-1.2184705569895626,-0.21127742357483303,5.0,1.0,1.0
4063,3.58351893845611,0.0,0.0,1.0,0.6782093708299244,-1.2184705569895626,1.1673718228131156,4.0,1.0,1.0
4064,4.143134726391533,1.0,0.0,1.0,-0.14163138163796962,0.522189621413308,-0.45536036852274797,4.0,2.0,1.0
4065,3.9318256327243257,0.0,0.0,1.0,-0.5982515475694549,0.08338844107502046,1.4506867461047632,7.0,1.0,1.0
4066,4.007333185232471,0.0,0.0,0.0,-2.165288935197961,0.9998195326605597,-0.525687015773918,3.0,1.0,1.0
4067,3.4965075614664802,1.0,0.0,1.0,-0.9407166720180689,1.4525561979094437,0.678439876223634,6.0,1.0,0.0
4068,4.143134726391533,0.0,0.0,1.0,1.3216286955515628,0.6883830517390263,0.28769028298158156,10.0,1.0,1.0
4069,3.8501476017100584,0.0,0.0,0.0,-1.4284700310812464,0.4868895524750538,-0.7886414526712252,3.0,1.0,0.0
4070,3.4339872044851463,0.0,0.0,0.0,-0.4529633129548914,0.15622915681886032,0.7354384236188557,8.0,1.0,0.0
4071,3.6109179126442243,1.0,0.0,1.0,0.9687858400590514,1.1042635399824419,-1.64048154347615,8.0,1.0,0.0
4072,3.258096538021482,0.0,0.0,1.0,-0.19352003685745658,-1.2184705569895626,0.0029155748510996393,1.0,1.0,0.0
4073,3.5263605246161616,0.0,1.0,1.0,0.08667870132777303,0.06980952090006409,0.8691780825409892,2.0,1.0,0.0
4074,3.4965075614664802,0.0,0.0,1.0,-0.9718498651497611,-0.04175553410135339,0.6236565644920123,5.0,1.0,0.0
4075,3.4011973816621555,0.0,0.0,1.0,-2.030378431627295,0.4947131623728143,0.9212906278470105,5.0,1.0,1.0
4076,3.1354942159291497,0.0,0.0,0.0,0.10743416341556782,0.8047192214945239,-0.05300308645145903,2.0,2.0,1.0
4077,3.6109179126442243,0.0,0.0,1.0,0.1593228186350548,-1.2184705569895626,-1.0496158955541628,9.0,2.0,1.0
4078,3.6109179126442243,1.0,0.0,0.0,-0.05860953328679048,1.0994930656679411,-0.8208940738209969,6.0,2.0,0.0
4079,3.7376696182833684,0.0,0.0,1.0,-1.3454481827300673,1.0894764305415945,-1.4890186083115875,5.0,1.0,1.0
4080,3.4339872044851463,0.0,0.0,1.0,0.7923644123127958,0.6201583042612397,-1.091340426952866,10.0,1.0,1.0
4081,3.970291913552122,1.0,0.0,0.0,0.6159429845665401,1.1073264422692823,0.5397173714586994,8.0,1.0,1.0
4082,3.8501476017100584,0.0,0.0,1.0,-0.7642952442718132,0.5943972626332502,-0.7591112363578603,5.0,1.0,0.0
4083,3.871201010907891,0.0,0.0,1.0,-0.027476340155098297,-1.2184705569895626,0.7852265449717595,1.0,2.0,1.0
4084,3.2188758248682006,0.0,0.0,1.0,-1.0029830582814532,-1.2184705569895626,-1.267798091614948,5.0,2.0,0.0
4085,3.871201010907891,0.0,0.0,1.0,-0.40107465773540446,1.1196901283429779,-0.40485122195228285,6.0,1.0,1.0
4086,3.8066624897703196,0.0,1.0,1.0,2.058447599668278,-1.2184705569895626,1.4463280817259228,8.0,2.0,1.0
4087,3.8066624897703196,0.0,0.0,1.0,0.1593228186350548,0.7477902270923555,-1.4832643159073393,2.0,1.0,0.0
4088,3.4657359027997265,0.0,1.0,0.0,-0.21427549894525139,0.193087895582645,0.47291030787743504,2.0,2.0,0.0
4089,3.6635616461296463,0.0,0.0,0.0,-0.5256074302621732,-1.2184705569895626,1.1260539656328539,0.0,2.0,0.0
4090,3.6635616461296463,0.0,1.0,1.0,0.03479004610828606,-1.2184705569895626,-0.17284018993075664,9.0,1.0,1.0
4091,3.4965075614664802,1.0,0.0,0.0,0.03479004610828606,0.877937316260323,-1.585481072232415,6.0,1.0,0.0
4092,3.58351893845611,0.0,1.0,1.0,0.49141021203977137,1.4626602530383317,-0.7842570560203331,2.0,2.0,1.0
4093,3.6635616461296463,0.0,0.0,0.0,-0.7539175132279158,1.5952904865641977,1.6117314752745862,4.0,1.0,1.0
4094,3.4657359027997265,0.0,0.0,0.0,-1.1378935618521193,-1.2184705569895626,0.25708452724312963,3.0,2.0,1.0
4095,3.713572066704308,0.0,0.0,0.0,-0.23503096103304616,-1.2184705569895626,0.6767763196088207,6.0,2.0,1.0
4096,4.02535169073515,0.0,1.0,0.0,-0.25578642312084093,-1.2184705569895626,-0.14756675210824283,6.0,1.0,0.0
4097,3.8501476017100584,0.0,0.0,1.0,1.591449702692895,0.6711794036565017,1.0816571030082236,6.0,3.0,0.0
4098,3.367295829986474,0.0,1.0,1.0,1.695227013131869,-1.2184705569895626,1.479891136216606,6.0,2.0,1.0
4099,3.7376696182833684,0.0,1.0,1.0,-0.34918600251591747,0.6268222381912228,0.6259976796486234,4.0,1.0,0.0
4100,3.8066624897703196,0.0,1.0,0.0,1.6640938200001767,-1.2184705569895626,-0.5825309956701257,8.0,3.0,0.0
4101,4.127134385045092,0.0,0.0,1.0,0.3149887842935157,-0.03864956225282174,1.2467988271687922,10.0,1.0,1.0
4102,3.4657359027997265,0.0,0.0,0.0,-1.6879133071786812,1.0133826019559342,-1.6397446963886106,7.0,1.0,1.0
4103,3.8066624897703196,0.0,0.0,1.0,-0.5463628923499679,0.6800683847940238,-1.1993806746300049,10.0,1.0,1.0
4104,3.6635616461296463,0.0,1.0,0.0,0.9687858400590514,-1.2184705569895626,1.6308615070114192,7.0,2.0,1.0
4105,3.58351893845611,0.0,1.0,1.0,-0.08974272641848266,-1.2184705569895626,-0.564231177440372,2.0,2.0,0.0
4106,3.5553480614894135,0.0,0.0,1.0,0.3046110532496183,-1.2184705569895626,-0.7757078563645051,3.0,2.0,0.0
4107,4.007333185232471,0.0,0.0,1.0,0.719720295005514,-1.2184705569895626,-1.6680453273779834,5.0,2.0,1.0
4108,3.4965075614664802,0.0,0.0,0.0,-1.8228238107493473,0.5727097369478525,0.203451343752205,6.0,1.0,0.0
4109,3.5553480614894135,0.0,0.0,0.0,-0.20389776790135397,-1.2184705569895626,1.1293383076535284,2.0,2.0,0.0
4110,4.007333185232471,0.0,1.0,0.0,-0.03785407119899569,0.6746851699122599,1.2545456319900303,7.0,1.0,0.0
4111,3.713572066704308,1.0,0.0,1.0,-0.3180528093842253,1.5694710048246192,1.2528745991069858,8.0,3.0,0.0
4112,3.6635616461296463,0.0,0.0,0.0,-1.6256469209152968,-0.20828903784355085,-0.9274322870504595,2.0,1.0,1.0
4113,3.58351893845611,0.0,1.0,1.0,0.14894508759115738,0.46000133718792374,1.2967644664255131,2.0,1.0,0.0
4114,3.828641396489095,0.0,0.0,0.0,-1.397336837949554,-1.2184705569895626,1.256066444041636,4.0,1.0,0.0
4115,3.4657359027997265,0.0,1.0,0.0,0.8442530675322827,0.4192911549055851,0.2609803584584424,9.0,1.0,1.0
4116,3.9318256327243257,1.0,0.0,1.0,-0.152009112681867,0.804446714453635,-1.4449764337611855,4.0,1.0,1.0
4117,3.367295829986474,0.0,0.0,1.0,0.16970054967895218,0.4969671894713055,1.6097869500676396,4.0,1.0,0.0
4118,3.784189633918261,0.0,1.0,1.0,-0.7746729753157106,0.058521292989499804,0.6123486218588393,8.0,1.0,0.0
4119,3.295836866004329,1.0,0.0,1.0,0.6159429845665401,0.8436428975710829,-1.411262810705658,9.0,1.0,0.0
4120,3.5263605246161616,0.0,0.0,1.0,0.8131198744005905,-1.2184705569895626,-1.720524035960635,0.0,2.0,0.0
4121,3.58351893845611,0.0,1.0,1.0,2.037692137580483,0.703596533829631,-0.27332958056099915,5.0,2.0,0.0
4122,3.5263605246161616,1.0,0.0,0.0,-0.3803191956476097,0.9855582241141179,1.2383878515418916,3.0,2.0,1.0
4123,3.091042453358316,0.0,0.0,1.0,-0.9407166720180689,-1.2184705569895626,-1.103861263706538,4.0,1.0,1.0
4124,4.330733340286331,0.0,1.0,0.0,0.003656852976593882,-1.2184705569895626,0.24766373380489598,10.0,2.0,1.0
4125,3.6375861597263857,0.0,0.0,1.0,0.21121147385454175,1.23434242233524,1.0837410693110192,5.0,1.0,1.0
4126,3.4011973816621555,0.0,1.0,1.0,-1.5945137277836046,0.8287627642813772,-0.9345924656155957,8.0,1.0,1.0
4127,3.970291913552122,1.0,0.0,0.0,-0.05860953328679048,0.570587800512542,-0.5574881050958606,6.0,2.0,1.0
4128,3.5263605246161616,1.0,0.0,1.0,-1.314314989598375,0.8793494855321436,-0.788630846802339,4.0,2.0,0.0
4129,3.1780538303479458,0.0,1.0,1.0,0.34612197742520784,1.4217805143774376,0.7080024317437665,5.0,1.0,0.0
4130,4.02535169073515,0.0,0.0,1.0,-0.6708956648767367,-1.2184705569895626,-0.6231073113618655,9.0,1.0,0.0
4131,3.5263605246161616,0.0,0.0,0.0,-1.5011141483885282,0.5980187883429229,0.7385979293467382,1.0,1.0,0.0
4132,4.3694478524670215,0.0,0.0,0.0,-0.1727645747696618,-0.45736575684240727,0.3298041019284207,6.0,1.0,1.0
4133,3.4339872044851463,0.0,0.0,1.0,0.5640543293470531,0.3572568963989637,0.1754174242853157,3.0,1.0,1.0
4134,3.7612001156935624,0.0,0.0,1.0,1.010296764234641,-0.31021787882858165,1.479815330334075,2.0,2.0,1.0
4135,3.5553480614894135,0.0,0.0,1.0,-1.521869610476323,0.4546584699996404,0.45239855745143864,10.0,1.0,1.0
4136,3.367295829986474,0.0,1.0,1.0,-0.20389776790135397,1.271551961878453,-1.7141179172866403,7.0,1.0,0.0
4137,3.970291913552122,1.0,0.0,0.0,-0.28691961625253315,0.9225738734919654,-1.6616736343111935,0.0,1.0,0.0
4138,3.58351893845611,0.0,0.0,1.0,-0.42183011982319923,-1.2184705569895626,-1.3358710786611427,10.0,1.0,1.0
4139,4.07753744390572,0.0,0.0,1.0,0.5744320603909505,0.21748976431398076,0.45274611699084205,6.0,1.0,1.0
4140,3.7612001156935624,1.0,0.0,0.0,0.19045601176674695,-0.42578584130900027,-0.0018652378827537692,5.0,3.0,1.0
4141,3.6375861597263857,0.0,0.0,1.0,-0.13125365059407224,0.3535956634353895,1.2684560114345032,5.0,1.0,1.0
4142,3.871201010907891,1.0,0.0,1.0,-0.3180528093842253,0.5005219493548614,-0.5847486654675691,7.0,1.0,1.0
4143,3.5553480614894135,0.0,1.0,1.0,-1.3350704516861698,-1.2184705569895626,-0.6676695212210996,7.0,2.0,0.0
4144,3.4339872044851463,0.0,0.0,0.0,1.8093820546147403,-1.2184705569895626,0.990453932988052,5.0,2.0,1.0
4145,3.1780538303479458,0.0,0.0,0.0,-0.8784502857546845,0.2789124030226025,-0.33044548798078205,9.0,1.0,1.0
4146,3.4011973816621555,0.0,0.0,1.0,0.7508534881372062,-1.2184705569895626,-1.589985610775117,4.0,1.0,0.0
4147,3.784189633918261,1.0,0.0,1.0,1.217851385112589,0.545660931436274,-0.2241832012090647,4.0,2.0,1.0
4148,3.6375861597263857,0.0,0.0,0.0,-1.2520486033349907,-1.2184705569895626,-1.6660658549637228,1.0,1.0,0.0
4149,3.295836866004329,0.0,0.0,1.0,-0.442585581910994,-1.2184705569895626,-0.03420479238405184,7.0,2.0,0.0
4150,3.5553480614894135,0.0,1.0,1.0,0.6470761776982322,-1.2184705569895626,1.6101626760129377,5.0,2.0,0.0
4151,3.6375861597263857,1.0,0.0,1.0,0.8234976054444879,0.6529023788394777,1.2568312836683673,3.0,1.0,0.0
4152,3.367295829986474,0.0,1.0,0.0,-0.494474237130481,-1.2184705569895626,-0.5455072983218717,6.0,2.0,1.0
4153,3.5263605246161616,0.0,0.0,1.0,-0.5671183544377627,-1.2184705569895626,-0.8877020067357766,9.0,2.0,0.0
4154,3.332204510175204,0.0,0.0,0.0,0.09705643237167041,-1.2184705569895626,-0.40930829488505127,3.0,2.0,1.0
4155,3.258096538021482,0.0,0.0,1.0,-1.3558259137739646,-1.2184705569895626,0.9988186600719406,7.0,2.0,1.0
4156,3.6109179126442243,0.0,0.0,1.0,-2.2483107835491403,-1.2184705569895626,1.6792726040761417,4.0,1.0,1.0
4157,4.23410650459726,0.0,0.0,1.0,2.058447599668278,1.4945179592391544,1.4935807049482017,5.0,1.0,1.0
4158,3.8501476017100584,0.0,1.0,1.0,-1.5011141483885282,0.2670879670744727,-0.8520685475451357,6.0,1.0,1.0
4159,4.060443010546419,0.0,1.0,0.0,2.058447599668278,0.8113434481706053,0.5540645040612417,8.0,2.0,1.0
4160,3.367295829986474,0.0,0.0,0.0,-1.7709351555298602,-1.2184705569895626,0.7786562961300825,10.0,2.0,0.0
4161,3.784189633918261,0.0,0.0,1.0,0.1178118944594652,0.1844768652224337,0.8514259444258527,4.0,2.0,0.0
4162,4.204692619390966,0.0,0.0,0.0,-0.6190070096572498,1.1823803570884486,-0.42012628114902034,5.0,1.0,1.0
4163,3.8066624897703196,0.0,0.0,0.0,0.2838555911618235,0.6827182035523722,-1.7188876025514983,3.0,2.0,0.0
4164,3.5553480614894135,0.0,1.0,0.0,1.3942728128588446,-1.2184705569895626,0.28867141278691083,9.0,2.0,0.0
4165,3.4965075614664802,0.0,0.0,1.0,0.6989648329177193,1.128824878168963,-0.40531527218273183,9.0,1.0,1.0
4166,3.5263605246161616,0.0,0.0,1.0,0.8234976054444879,-1.2184705569895626,-0.4431198048943977,4.0,2.0,1.0
4167,4.276666119016055,0.0,0.0,0.0,-0.4737187750426862,-1.2184705569895626,1.2050817720383205,8.0,2.0,1.0
4168,4.007333185232471,1.0,0.0,1.0,0.7508534881372062,1.5385015883199482,0.6341043885451813,8.0,1.0,1.0
4169,3.871201010907891,0.0,0.0,0.0,-0.8161838994913002,1.2559314804353576,-1.2317510035377437,8.0,1.0,0.0
4170,4.127134385045092,0.0,1.0,0.0,-1.6671578450908864,-1.2184705569895626,0.6855605870471769,8.0,2.0,1.0
4171,3.295836866004329,1.0,0.0,1.0,0.8027421433566931,0.33888796850234515,-1.0618893199893902,4.0,2.0,0.0
4172,3.6375861597263857,0.0,0.0,1.0,0.03479004610828606,0.5282228824678149,-1.7152953425997164,6.0,2.0,0.0
4173,3.8918202981106265,1.0,0.0,0.0,0.5121656741275662,0.2557041535567341,0.5835152632913113,1.0,1.0,1.0
4174,3.5553480614894135,0.0,0.0,1.0,1.9650480202732012,-1.2184705569895626,0.7154853069097695,4.0,2.0,0.0
4175,3.4657359027997265,0.0,0.0,1.0,-0.25578642312084093,0.8330452236366367,-0.07475954860461308,8.0,1.0,0.0
4176,3.5553480614894135,0.0,0.0,0.0,-0.9614721341058636,-0.11371772685262187,-0.5833579057098466,5.0,2.0,1.0
4177,3.5553480614894135,0.0,0.0,0.0,-1.127515830808222,-1.2184705569895626,0.7853647690006865,8.0,2.0,1.0
4178,3.713572066704308,0.0,0.0,0.0,0.02441231506438867,-1.2184705569895626,1.1728667060964086,3.0,2.0,0.0
4179,3.6635616461296463,0.0,0.0,0.0,-0.13125365059407224,0.08724068514304853,0.32240937718086576,4.0,2.0,1.0
4180,4.31748811353631,0.0,0.0,1.0,-0.35956373355981486,-1.2184705569895626,-0.8081552082216962,10.0,2.0,1.0
4181,3.7612001156935624,0.0,0.0,0.0,0.532921136215361,-1.2184705569895626,-0.48562030338882717,7.0,2.0,1.0
4182,3.7612001156935624,0.0,0.0,1.0,-1.3765813758617593,-1.2184705569895626,0.01833303087763773,8.0,2.0,1.0
4183,3.4011973816621555,0.0,0.0,0.0,-1.0652494445448377,-1.2184705569895626,1.5496243764102557,8.0,2.0,1.0
4184,3.5263605246161616,0.0,0.0,0.0,-2.0718893558028846,0.8901538613407306,0.8900692101130475,6.0,2.0,0.0
4185,3.5263605246161616,0.0,1.0,0.0,0.8961417227517697,0.7370220361199855,-1.2616411239264287,3.0,2.0,1.0
4186,3.4965075614664802,0.0,0.0,1.0,1.404650543902742,-1.2184705569895626,-1.515984812355027,4.0,2.0,1.0
4187,3.6375861597263857,1.0,0.0,1.0,1.6122051647806899,0.8647264887334295,1.2460445934109479,10.0,2.0,1.0
4188,3.6888794541139363,1.0,0.0,0.0,-0.46334104399878884,0.4643377535777188,0.07459247091818073,8.0,1.0,0.0
4189,3.9889840465642745,1.0,0.0,0.0,0.7508534881372062,1.0180670972569472,-1.5216356540709586,1.0,2.0,1.0
4190,3.9512437185814275,0.0,0.0,0.0,-0.2765418852086357,0.7768191116724836,-0.14235075101664732,4.0,2.0,0.0
4191,4.02535169073515,0.0,0.0,1.0,1.4150282749466394,-1.2184705569895626,-1.5151236505748045,3.0,1.0,1.0
4192,3.6635616461296463,0.0,0.0,1.0,0.6159429845665401,-1.2184705569895626,-0.8192513812105504,10.0,2.0,0.0
4193,3.4965075614664802,1.0,0.0,1.0,0.03479004610828606,0.597928326252381,-0.3189930621173719,9.0,1.0,0.0
4194,3.7376696182833684,0.0,0.0,1.0,-0.8058061684474028,-1.2184705569895626,-0.5195361334200055,1.0,2.0,0.0
4195,3.912023005428146,0.0,1.0,0.0,-1.3558259137739646,0.10948491293254127,-0.6610112958276778,4.0,2.0,0.0
4196,3.5263605246161616,0.0,0.0,0.0,-0.5671183544377627,0.9542781944136043,-0.4447588463040801,6.0,2.0,0.0
4197,3.4657359027997265,0.0,0.0,1.0,0.20083374281064434,0.6425605605168649,1.2460120803374763,0.0,1.0,0.0
4198,3.58351893845611,0.0,1.0,1.0,0.1281896255033626,0.6231855020415475,1.2037574293611646,1.0,1.0,1.0
4199,4.2626798770413155,0.0,0.0,0.0,0.8857639917078723,0.18317773353631653,-1.0058958960045186,9.0,2.0,1.0
4200,3.6635616461296463,1.0,0.0,1.0,2.058447599668278,1.1312491020855886,-0.3853352061346721,5.0,1.0,0.0
4201,3.58351893845611,0.0,0.0,1.0,-0.19352003685745658,-1.2184705569895626,-1.1159030976932982,3.0,2.0,1.0
4202,3.8066624897703196,1.0,0.0,1.0,1.6848492820879715,0.3103999351467307,0.11444428405829782,8.0,2.0,0.0
4203,3.871201010907891,0.0,1.0,0.0,0.5536765983031557,-0.2019536494176241,-1.248195490179217,3.0,1.0,1.0
4204,4.110873864173311,0.0,0.0,1.0,-1.5841359967397073,0.013760810699309777,-0.29187733270930666,7.0,2.0,1.0
4205,3.4339872044851463,1.0,0.0,1.0,1.1867181919808967,0.8275142273220055,-1.244050855711835,4.0,2.0,1.0
4206,3.295836866004329,1.0,0.0,1.0,0.38763290160079744,0.7145037001906565,0.8457326792343766,4.0,1.0,1.0
4207,3.6635616461296463,0.0,0.0,1.0,-0.3076750783403279,-1.2184705569895626,0.08457711407441598,5.0,2.0,0.0
4208,3.4965075614664802,0.0,0.0,0.0,-0.7746729753157106,-1.2184705569895626,-1.573996133295534,1.0,2.0,0.0
4209,4.007333185232471,0.0,0.0,1.0,0.33574424638131045,-1.2184705569895626,-0.09636891952698402,6.0,2.0,1.0
4210,3.9889840465642745,0.0,1.0,0.0,2.058447599668278,-0.17123720654668065,1.4292249880132841,7.0,2.0,0.0
4211,3.5263605246161616,0.0,1.0,0.0,0.8234976054444879,0.9812474253074852,1.1226466998531206,5.0,2.0,0.0
4212,3.7612001156935624,0.0,0.0,0.0,2.058447599668278,-1.2184705569895626,1.3292479825569397,3.0,2.0,1.0
4213,3.4011973816621555,0.0,1.0,1.0,-1.3558259137739646,-0.25331818453715527,0.9361004197463778,3.0,1.0,0.0
4214,3.7612001156935624,0.0,0.0,1.0,-0.22465322998914877,-1.2184705569895626,1.0826095448075488,6.0,2.0,0.0
4215,3.871201010907891,1.0,0.0,1.0,0.16970054967895218,0.4923710748322028,1.0002156790309726,7.0,1.0,1.0
4216,3.4657359027997265,0.0,0.0,1.0,-1.0029830582814532,1.1171443810162263,0.644348962422481,8.0,1.0,0.0
4217,4.07753744390572,0.0,1.0,1.0,0.20083374281064434,1.642917096080563,-1.3676890330532812,1.0,1.0,1.0
4218,3.4011973816621555,0.0,1.0,1.0,-0.6293847407011471,0.343261210167936,1.6678142667448277,1.0,1.0,1.0
4219,3.6109179126442243,0.0,1.0,1.0,0.5536765983031557,0.5688248304612927,-1.367011822244889,1.0,1.0,1.0
4220,3.6888794541139363,0.0,1.0,1.0,-1.5841359967397073,-1.2184705569895626,-0.3307342805745534,6.0,2.0,1.0
4221,3.044522437723423,0.0,1.0,1.0,0.10743416341556782,0.45481825967461526,-0.4750692025140446,9.0,2.0,0.0
4222,3.4339872044851463,0.0,0.0,0.0,0.32536651533741306,-1.2184705569895626,0.0011397003461144325,2.0,2.0,1.0
4223,3.6109179126442243,0.0,0.0,1.0,-1.9058456591005264,-0.2316016789608055,0.12789861114066237,3.0,1.0,0.0
4224,3.367295829986474,0.0,0.0,0.0,-1.5841359967397073,1.0517694295553488,-1.3636257682029285,4.0,1.0,1.0
4225,3.713572066704308,0.0,0.0,0.0,-1.5114918794324255,-1.2184705569895626,0.7635232860297394,3.0,1.0,1.0
4226,3.5263605246161616,0.0,0.0,0.0,0.5848097914348479,-1.2184705569895626,-1.4810741170489783,8.0,2.0,1.0
4227,3.258096538021482,0.0,0.0,1.0,-0.7746729753157106,-1.2184705569895626,0.4186188650487508,3.0,2.0,1.0
4228,2.9444389791664403,0.0,1.0,1.0,1.6018274337367924,-1.2184705569895626,-0.23362033811738564,3.0,2.0,1.0
4229,3.6375861597263857,1.0,0.0,1.0,0.02441231506438867,1.1128907414420246,1.4929812125560742,2.0,2.0,0.0
4230,3.5263605246161616,0.0,0.0,0.0,2.058447599668278,0.6708944080438213,1.452700296392822,7.0,1.0,0.0
4231,3.6635616461296463,0.0,1.0,0.0,0.5225434051714636,-1.2184705569895626,1.0685385125294549,2.0,1.0,1.0
4232,4.189654742026425,0.0,1.0,0.0,-1.4077145689934516,0.423313916011537,1.4093483726535414,9.0,1.0,0.0
4233,3.5553480614894135,0.0,0.0,1.0,1.3320064265954603,-1.2184705569895626,-0.6194392455275525,1.0,1.0,1.0
4234,3.5553480614894135,0.0,0.0,1.0,-0.9822275961936585,0.11162638277501319,0.560579811024754,3.0,1.0,0.0
4235,3.5263605246161616,0.0,0.0,1.0,-0.8680725547107871,-1.2184705569895626,0.7479627377065886,7.0,2.0,0.0
4236,3.091042453358316,0.0,1.0,1.0,-0.8473170926229924,0.6404024392453376,0.8285849017790531,7.0,1.0,1.0
4237,3.295836866004329,0.0,0.0,0.0,0.39801063264469483,1.3052590974736977,-0.8837995685857479,5.0,1.0,1.0
4238,3.8066624897703196,0.0,0.0,0.0,0.1281896255033626,1.0709358648377885,0.26116900383125496,8.0,1.0,1.0
4239,3.8501476017100584,0.0,0.0,0.0,-1.0548717135009402,-1.2184705569895626,0.5243656370459155,7.0,2.0,0.0
4240,3.9889840465642745,1.0,0.0,1.0,2.058447599668278,0.28782684163339206,-1.1031972667675778,2.0,2.0,0.0
4241,3.6375861597263857,0.0,1.0,0.0,-0.6397624717450445,-0.18824007682117083,-0.6723766144728583,0.0,1.0,1.0
4242,3.4339872044851463,1.0,0.0,0.0,-0.9095834788863767,0.3979169642842413,0.5866933727564206,0.0,2.0,0.0
4243,3.9318256327243257,1.0,0.0,1.0,1.4357837370344342,0.7258812694224992,1.3220909335924582,8.0,1.0,1.0
4244,3.4339872044851463,0.0,0.0,1.0,0.32536651533741306,0.6192604079714019,1.4385762347702966,4.0,1.0,0.0
4245,3.9512437185814275,0.0,0.0,1.0,0.09705643237167041,1.128846172784967,-0.5634913746188809,6.0,1.0,1.0
4246,3.912023005428146,1.0,0.0,1.0,0.4602770189080792,0.33517534026255147,0.9044467693886242,5.0,2.0,0.0
4247,3.6635616461296463,0.0,1.0,1.0,1.4669169301661262,-1.2184705569895626,-0.21222638804009733,9.0,2.0,0.0
4248,3.367295829986474,0.0,1.0,0.0,0.1178118944594652,-0.23740198011843025,0.6193681422612057,8.0,2.0,0.0
4249,3.58351893845611,0.0,0.0,0.0,-0.7020288580084288,0.6119262540219356,-1.4686916781909367,2.0,2.0,0.0
4250,3.6635616461296463,0.0,1.0,1.0,-2.2794439766808328,-1.2184705569895626,0.8719343913844912,7.0,2.0,0.0
4251,4.007333185232471,1.0,0.0,0.0,1.4772946612100237,-0.0032230064977035342,1.5947639975903294,1.0,1.0,1.0
4252,3.7376696182833684,0.0,0.0,1.0,-1.023738520369248,-1.2184705569895626,-0.17080629723844057,1.0,2.0,0.0
4253,3.5553480614894135,0.0,1.0,0.0,0.1593228186350548,-1.2184705569895626,1.1023036001290865,5.0,2.0,0.0
4254,3.6109179126442243,0.0,0.0,0.0,0.8131198744005905,1.1631527598262092,-0.14953474932010186,8.0,2.0,0.0
4255,3.7376696182833684,0.0,0.0,1.0,-1.2209154102032984,-1.2184705569895626,-1.5049893081872407,9.0,2.0,0.0
4256,3.4339872044851463,0.0,0.0,1.0,-0.494474237130481,-1.2184705569895626,-0.42848996503269055,5.0,2.0,0.0
4257,3.4011973816621555,0.0,1.0,1.0,-0.7435397821840184,-0.2304253515639725,0.48068075857028786,9.0,2.0,0.0
4258,3.6888794541139363,0.0,0.0,1.0,1.062185419454128,-0.019306205536667675,-1.1475398829808554,3.0,1.0,0.0
4259,3.6888794541139363,1.0,0.0,0.0,0.08667870132777303,0.9451743457973086,1.2736033351783924,5.0,1.0,0.0
4260,3.5553480614894135,0.0,0.0,0.0,-0.4529633129548914,0.20287093037253037,1.1890869046909431,4.0,1.0,1.0
4261,3.784189633918261,1.0,0.0,0.0,0.8650085296200775,0.36353448515288067,1.4628927102592058,9.0,1.0,0.0
4262,3.6888794541139363,0.0,0.0,0.0,1.0518076884102305,1.2642383019955163,-1.45996774249854,7.0,1.0,1.0
4263,3.713572066704308,0.0,0.0,1.0,0.9065194537956671,-1.2184705569895626,1.2673206618635655,4.0,2.0,0.0
4264,4.204692619390966,0.0,0.0,0.0,-0.12087591955017483,0.6394087972384305,1.4640404043660595,9.0,1.0,1.0
4265,3.367295829986474,0.0,0.0,1.0,0.1178118944594652,-1.2184705569895626,0.40925353508879114,4.0,2.0,1.0
4266,3.6109179126442243,1.0,0.0,1.0,0.5121656741275662,0.30975149007293545,1.5413940482878272,7.0,2.0,0.0
4267,3.6109179126442243,0.0,1.0,1.0,0.771608950225001,-1.2184705569895626,1.647580181443607,2.0,1.0,0.0
4268,3.5263605246161616,0.0,0.0,0.0,-2.030378431627295,1.7961694840520652,-0.7314111409608332,1.0,1.0,0.0
4269,3.258096538021482,0.0,0.0,0.0,-0.4322078508670966,-1.2184705569895626,0.4049797176610409,2.0,2.0,0.0
4270,4.007333185232471,1.0,0.0,1.0,1.4669169301661262,0.8464047932557663,-1.4221929409930962,2.0,1.0,0.0
4271,3.4339872044851463,0.0,0.0,1.0,-0.8680725547107871,-0.04879780771266458,-1.276516985172956,8.0,2.0,1.0
4272,3.784189633918261,1.0,0.0,1.0,-0.1727645747696618,0.046281531974351434,0.918607690752197,5.0,2.0,0.0
4273,3.970291913552122,0.0,0.0,1.0,-1.2209154102032984,-1.2184705569895626,0.06266365028840493,1.0,3.0,1.0
4274,3.784189633918261,0.0,0.0,0.0,-0.3180528093842253,-1.2184705569895626,-0.9189348996721414,5.0,1.0,1.0
4275,3.713572066704308,1.0,0.0,0.0,1.8508929787903299,0.025609583351443636,-1.4069104055281276,8.0,1.0,1.0
4276,3.295836866004329,0.0,0.0,1.0,1.1140740746736149,-1.2184705569895626,0.6078958955936472,4.0,2.0,0.0
4277,3.5263605246161616,0.0,0.0,1.0,1.0518076884102305,0.7439652017064375,-0.3061869101039896,5.0,2.0,1.0
4278,3.091042453358316,0.0,0.0,0.0,0.9272749158834619,-1.2184705569895626,0.6750939853900785,9.0,2.0,1.0
4279,3.784189633918261,1.0,0.0,0.0,0.5536765983031557,0.06200112144230608,0.04654481598175036,7.0,1.0,1.0
4280,3.4011973816621555,1.0,0.0,0.0,0.08667870132777303,1.6718379064817253,0.40718347812224,6.0,1.0,1.0
4281,4.1588830833596715,0.0,0.0,1.0,0.08667870132777303,0.9885087292548336,-1.0021850589612544,8.0,1.0,1.0
4282,3.4657359027997265,1.0,0.0,1.0,-0.8161838994913002,0.9373161521622791,-0.5224659612331546,0.0,1.0,1.0
4283,3.7376696182833684,1.0,0.0,1.0,-1.023738520369248,0.5445401621729242,-0.32221811559230545,9.0,2.0,0.0
4284,3.4339872044851463,0.0,0.0,1.0,-0.34918600251591747,0.9245078409108229,-1.200103786248003,3.0,1.0,1.0
4285,3.7376696182833684,0.0,0.0,0.0,-0.5463628923499679,0.243792457715958,0.26590287255528405,2.0,1.0,0.0
4286,3.4657359027997265,0.0,0.0,1.0,-0.9718498651497611,-1.2184705569895626,1.7010734022385738,7.0,1.0,0.0
4287,4.07753744390572,0.0,0.0,0.0,0.38763290160079744,-1.2184705569895626,-0.8794600295442434,5.0,2.0,1.0
4288,3.8918202981106265,0.0,0.0,1.0,-0.7124065890523262,0.24247667460078523,-0.7026619338775832,3.0,1.0,0.0
4289,3.784189633918261,0.0,0.0,1.0,0.8857639917078723,0.06386448039757232,-1.0520898448719067,0.0,1.0,0.0
4290,3.4339872044851463,0.0,0.0,1.0,0.32536651533741306,0.556019721407732,-1.3125623345831299,8.0,2.0,0.0
4291,3.828641396489095,0.0,0.0,0.0,-1.2105376791594011,-1.2184705569895626,1.2203749133721753,2.0,2.0,1.0
4292,3.784189633918261,1.0,0.0,1.0,0.6159429845665401,-0.5933488516745319,1.303868138312157,2.0,2.0,1.0
4293,3.5553480614894135,1.0,0.0,0.0,-0.6190070096572498,0.4169548313211849,0.0382105155708959,6.0,2.0,1.0
4294,3.6888794541139363,0.0,1.0,1.0,0.9999190331907436,-1.2184705569895626,0.4097556621272088,3.0,2.0,1.0
4295,3.912023005428146,0.0,0.0,1.0,1.9235370960976117,0.4355026019702553,-0.8598876809148436,8.0,1.0,1.0
4296,3.4011973816621555,0.0,0.0,0.0,-1.0860049066326325,0.4538910632740354,-1.1000721866468999,6.0,1.0,1.0
4297,3.1780538303479458,0.0,0.0,1.0,-0.36994146460371224,-0.04785988394913554,-0.6554468658631637,8.0,1.0,1.0
4298,3.6888794541139363,0.0,0.0,1.0,0.4395215568202844,0.02482120222962436,-1.304412332877512,5.0,1.0,1.0
4299,3.871201010907891,0.0,1.0,1.0,0.429143825776387,0.5043865218847863,-0.35263679075827203,8.0,1.0,1.0
4300,3.912023005428146,0.0,0.0,0.0,0.2631001290740287,-1.2184705569895626,1.519254557787847,3.0,2.0,1.0
4301,3.4339872044851463,1.0,0.0,0.0,-0.4529633129548914,0.23944803583142452,0.5657949427828344,2.0,2.0,0.0
4302,3.6635616461296463,0.0,0.0,1.0,-1.4284700310812464,0.5784488761256775,-1.4555108434324748,4.0,1.0,0.0
4303,3.7612001156935624,0.0,0.0,1.0,0.2838555911618235,-1.2184705569895626,-0.49740029412078945,1.0,2.0,0.0
4304,3.295836866004329,0.0,0.0,1.0,0.4083883636885922,0.9690019003361253,0.9179589940831056,9.0,1.0,0.0
4305,4.1588830833596715,0.0,1.0,1.0,1.2593623092881785,0.5616285311312186,-0.12762285033441823,9.0,1.0,1.0
4306,3.7376696182833684,0.0,0.0,1.0,1.165962729893102,-1.2184705569895626,0.5989195054484174,7.0,2.0,0.0
4307,4.02535169073515,1.0,0.0,1.0,0.481032480995874,1.264179061334454,0.7676736580983223,8.0,2.0,1.0
4308,3.784189633918261,0.0,0.0,0.0,0.8338753364883853,-1.2184705569895626,-0.6033132826860728,6.0,2.0,0.0
4309,3.7612001156935624,1.0,0.0,0.0,-1.0963826376765298,0.16410800463031475,-0.7485163210739085,9.0,2.0,0.0
4310,3.784189633918261,0.0,1.0,0.0,-0.3284305404281227,-1.2184705569895626,-1.3867815095822547,2.0,2.0,0.0
4311,3.367295829986474,0.0,0.0,0.0,0.4187660947324896,0.30351841186976297,-0.9738466988973191,8.0,2.0,0.0
4312,3.58351893845611,0.0,0.0,0.0,-1.2001599481155036,-1.2184705569895626,1.2415638746065638,8.0,1.0,0.0
4313,3.6635616461296463,0.0,0.0,1.0,-1.1171380997643245,-1.2184705569895626,-0.03864482637992116,8.0,1.0,1.0
4314,3.6635616461296463,0.0,0.0,0.0,0.771608950225001,-1.2184705569895626,-1.6281540464962732,4.0,2.0,0.0
4315,3.4339872044851463,1.0,0.0,1.0,-1.5737582656958098,0.7908388143877262,-0.5498329280271318,2.0,2.0,1.0
4316,3.295836866004329,0.0,0.0,1.0,-0.21427549894525139,1.1694822241860294,0.4045297506335392,1.0,1.0,1.0
4317,3.4339872044851463,1.0,0.0,1.0,-0.20389776790135397,-0.05688928146436568,1.4308796774262411,2.0,2.0,1.0
4318,3.367295829986474,0.0,0.0,0.0,0.9376526469273593,1.8534700935199815,0.1395575906472998,2.0,1.0,0.0
4319,3.4965075614664802,0.0,0.0,1.0,-0.3180528093842253,-1.2184705569895626,1.1883472757361548,1.0,2.0,1.0
4320,3.8501476017100584,0.0,0.0,1.0,0.014034584020491275,0.6957409019529177,-0.38565651180191435,0.0,1.0,0.0
4321,3.58351893845611,0.0,1.0,1.0,-1.2728040654227855,-1.2184705569895626,1.5101576780174013,5.0,2.0,1.0
4322,3.828641396489095,0.0,1.0,1.0,-0.785050706359608,0.9208859949813609,0.6052922417154257,5.0,1.0,0.0
4323,3.6888794541139363,1.0,0.0,1.0,-2.476620866514883,0.8784850522103116,1.0164334434916646,1.0,2.0,1.0
4324,4.110873864173311,0.0,0.0,0.0,0.014034584020491275,0.7145584577746658,0.6559785584563019,2.0,4.0,1.0
4325,3.4965075614664802,0.0,0.0,1.0,-1.469980955256836,0.4358614082444221,-0.944158611617582,9.0,1.0,1.0
4326,3.5263605246161616,0.0,0.0,0.0,1.4461614680783315,-1.2184705569895626,0.7647114910784053,3.0,1.0,1.0
4327,3.6888794541139363,1.0,0.0,1.0,-0.733162051140121,0.7272410827587319,1.064486027414691,1.0,1.0,0.0
4328,3.784189633918261,1.0,0.0,0.0,-2.0096229695395005,0.4926258096747726,0.002313822191832561,1.0,2.0,0.0
4329,3.9512437185814275,0.0,0.0,0.0,-1.6879133071786812,-1.2184705569895626,1.280823671622785,3.0,2.0,1.0
4330,3.4965075614664802,0.0,0.0,0.0,2.058447599668278,-1.2184705569895626,-0.7795746518404078,8.0,2.0,1.0
4331,3.713572066704308,0.0,0.0,1.0,1.1140740746736149,-1.2184705569895626,0.4204844547725115,4.0,2.0,0.0
4332,3.8501476017100584,1.0,0.0,1.0,-0.41145238877930185,1.366504174309026,-0.06033678398624236,9.0,1.0,1.0
4333,3.295836866004329,1.0,0.0,0.0,0.003656852976593882,0.8935126467130952,1.370739010973442,1.0,1.0,1.0
4334,3.912023005428146,0.0,1.0,0.0,0.27347786011792613,-1.2184705569895626,-0.040695236409027225,8.0,2.0,1.0
4335,3.5553480614894135,0.0,0.0,0.0,1.1970959230247942,-1.2184705569895626,-0.09846975089997566,8.0,2.0,0.0
4336,3.5263605246161616,0.0,1.0,1.0,0.2838555911618235,0.32034916400738145,-1.7257671602579068,4.0,1.0,0.0
4337,3.258096538021482,0.0,1.0,1.0,0.16970054967895218,-1.2184705569895626,0.6029836396322856,8.0,2.0,1.0
4338,3.713572066704308,0.0,0.0,0.0,1.217851385112589,0.9249374157584753,-0.8669562317274707,9.0,1.0,1.0
4339,3.4657359027997265,0.0,1.0,0.0,-1.708668769266476,-1.2184705569895626,1.0139704477762133,1.0,2.0,0.0
4340,3.5553480614894135,0.0,1.0,1.0,-0.5152296992182758,0.3567341375925585,-1.058662006247317,8.0,1.0,0.0
4341,3.4339872044851463,0.0,0.0,1.0,-1.1690267549838116,-1.2184705569895626,1.0527345508220296,0.0,2.0,0.0
4342,3.367295829986474,0.0,0.0,0.0,0.7923644123127958,1.0589892650399537,-1.1711101225802605,4.0,2.0,0.0
4343,3.5553480614894135,0.0,1.0,1.0,-0.42183011982319923,-1.2184705569895626,1.2260956495027342,4.0,2.0,0.0
4344,4.248495242049359,0.0,0.0,0.0,0.7923644123127958,-1.2184705569895626,0.5454819219984274,1.0,2.0,1.0
4345,3.8066624897703196,1.0,0.0,1.0,0.36687743951300267,0.30846772893671554,-1.715080964954852,8.0,2.0,1.0
4346,3.4339872044851463,1.0,0.0,1.0,-0.785050706359608,0.8977725305731928,-0.11586928734132004,7.0,2.0,0.0
4347,3.6375861597263857,0.0,0.0,0.0,0.7508534881372062,-0.12013973473161625,0.9985430813476013,10.0,1.0,0.0
4348,3.6635616461296463,0.0,0.0,0.0,0.18007828072284957,0.7326122893983884,0.5272342637795899,9.0,1.0,0.0
4349,3.8918202981106265,0.0,0.0,0.0,1.0310522263224358,-1.2184705569895626,0.6446478392850294,9.0,1.0,0.0
4350,3.828641396489095,0.0,0.0,0.0,-1.0444939824570427,-1.2184705569895626,-0.8569517677670875,6.0,2.0,1.0
4351,3.4011973816621555,0.0,0.0,1.0,-1.1482712928960168,0.8230037714766019,-0.2478881875033359,7.0,1.0,0.0
4352,3.828641396489095,1.0,0.0,0.0,-0.40107465773540446,1.0673421982498046,-1.1419850156850093,9.0,2.0,0.0
4353,3.4011973816621555,0.0,0.0,1.0,0.875386260663975,-1.2184705569895626,-0.8471877614570268,4.0,2.0,0.0
4354,3.332204510175204,1.0,0.0,1.0,0.04516777715218345,0.6808676533886869,1.0502246110967537,4.0,2.0,1.0
4355,3.367295829986474,1.0,0.0,1.0,0.6885871018738219,-0.16745637149171752,-1.2461078726756571,4.0,1.0,0.0
4356,3.58351893845611,0.0,1.0,1.0,-0.03785407119899569,-1.2184705569895626,-0.382418592190955,7.0,2.0,1.0
4357,3.970291913552122,0.0,0.0,1.0,-1.3246927206422725,0.1888035149086481,1.2773661583658698,2.0,1.0,0.0
4358,4.04305126783455,0.0,0.0,0.0,1.695227013131869,-1.2184705569895626,-0.10750403865732215,3.0,3.0,1.0
4359,3.367295829986474,0.0,0.0,1.0,0.4602770189080792,1.5457758611687729,0.2788846299387499,4.0,1.0,1.0
4360,3.4965075614664802,1.0,0.0,0.0,1.3838950818149471,0.7747860362287672,-0.8319087033261191,3.0,2.0,1.0
4361,3.4965075614664802,1.0,0.0,1.0,1.0518076884102305,1.3417633529304744,0.8411645054783573,5.0,1.0,0.0
4362,3.7612001156935624,0.0,0.0,0.0,-1.127515830808222,-1.2184705569895626,0.025628825471155334,5.0,2.0,0.0
4363,3.9889840465642745,0.0,0.0,0.0,-0.5671183544377627,0.1966000662341937,-0.5397966464600897,4.0,1.0,0.0
4364,3.6635616461296463,0.0,1.0,1.0,1.5603165095612028,-1.2184705569895626,-0.7418307986081074,7.0,2.0,1.0
4365,3.871201010907891,1.0,0.0,0.0,-0.5256074302621732,1.0679310824427475,-0.745510339644822,1.0,1.0,1.0
4366,3.9512437185814275,0.0,0.0,0.0,1.09331861258582,-1.2184705569895626,-1.349138846771131,1.0,1.0,1.0
4367,4.1588830833596715,0.0,0.0,1.0,-0.12087591955017483,-0.12279932019354531,0.20989101869988888,2.0,2.0,1.0
4368,3.6635616461296463,0.0,0.0,0.0,-0.2765418852086357,-1.2184705569895626,1.1192274372708768,7.0,1.0,0.0
4369,3.5263605246161616,0.0,0.0,1.0,-0.9822275961936585,-0.345814791511729,-1.739714399443427,3.0,1.0,1.0
4370,3.6888794541139363,1.0,0.0,1.0,-1.158649023939914,0.10293417669815653,0.2375233060827252,1.0,1.0,0.0
4371,3.2188758248682006,0.0,1.0,0.0,1.6640938200001767,0.2621757955031055,-0.29877514641953556,1.0,1.0,0.0
4372,3.332204510175204,1.0,0.0,1.0,-0.2661641541647383,0.6241466417398174,-1.278335109286783,4.0,2.0,1.0
4373,3.6635616461296463,0.0,0.0,0.0,1.643338357912382,1.2338713790248437,-0.12465546731340957,9.0,1.0,1.0
4374,3.6109179126442243,0.0,1.0,0.0,-1.5426250725641177,-1.2184705569895626,-1.4632034018423599,9.0,2.0,1.0
4375,3.6375861597263857,1.0,0.0,1.0,0.33574424638131045,0.8119971768709279,-1.2246381167158378,1.0,2.0,1.0
4376,3.7376696182833684,0.0,0.0,1.0,1.6225828958245871,-1.2184705569895626,-0.3571658445061045,0.0,1.0,1.0
4377,3.4011973816621555,0.0,0.0,0.0,-0.5671183544377627,0.8972912402295316,1.0024291760275426,1.0,1.0,0.0
4378,3.6635616461296463,0.0,0.0,1.0,-0.836939361579095,0.7253442608354598,0.9460596783639672,1.0,1.0,1.0
4379,3.6109179126442243,0.0,0.0,0.0,0.4187660947324896,0.05522158816830309,1.3533050489248932,3.0,1.0,1.0
4380,3.4011973816621555,0.0,0.0,1.0,-1.283181796466683,0.42725774293937,-0.7729892765955655,3.0,1.0,0.0
4381,4.174387269895637,0.0,0.0,0.0,-1.1171380997643245,0.7675934194262726,0.19076098696305618,3.0,1.0,1.0
4382,3.4339872044851463,0.0,0.0,1.0,-0.6605179338328393,0.6229065906048683,1.328814706732931,3.0,1.0,0.0
4383,3.58351893845611,0.0,1.0,0.0,0.6574539087421296,-0.5753110310402857,1.7286902154848387,4.0,2.0,1.0
4384,3.4011973816621555,0.0,0.0,1.0,-0.3388082714720201,-1.2184705569895626,1.632239922233225,5.0,2.0,0.0
4385,3.4965075614664802,0.0,0.0,1.0,-0.10012045746238005,-1.2184705569895626,-0.20398840978273447,3.0,2.0,1.0
4386,3.5263605246161616,0.0,0.0,1.0,-0.9199612099302741,-1.2184705569895626,-0.5497011370662175,8.0,2.0,1.0
4387,3.8066624897703196,0.0,0.0,1.0,-1.1171380997643245,-1.2184705569895626,-0.5422389520378779,1.0,2.0,0.0
4388,3.8066624897703196,0.0,0.0,0.0,-0.8576948236668898,-1.2184705569895626,0.5905120071555777,4.0,2.0,0.0
4389,3.4965075614664802,0.0,0.0,1.0,1.1867181919808967,1.7549988257123845,0.036011449510679305,6.0,1.0,1.0
4390,3.6109179126442243,0.0,0.0,1.0,-1.2209154102032984,0.7034559573420281,-1.115447914664705,4.0,1.0,0.0
4391,3.9512437185814275,0.0,1.0,1.0,-1.2209154102032984,-1.2184705569895626,-1.3835439377047012,3.0,2.0,1.0
4392,3.367295829986474,1.0,0.0,1.0,-0.152009112681867,0.7616996140901056,1.1479917707572926,3.0,1.0,1.0
4393,3.8066624897703196,0.0,1.0,1.0,-0.29729734729643054,0.11565746959549292,-0.34082237441910523,1.0,1.0,1.0
4394,3.6635616461296463,0.0,1.0,0.0,-0.4529633129548914,0.4211629996852738,-0.7446820386714765,9.0,1.0,1.0
4395,3.6888794541139363,0.0,1.0,1.0,0.33574424638131045,2.096364008822621,0.9956210775360895,4.0,2.0,0.0
4396,3.295836866004329,0.0,0.0,1.0,0.5951875224787453,1.2880759434577032,-1.6694771196776264,6.0,1.0,1.0
4397,3.8501476017100584,1.0,0.0,1.0,0.875386260663975,0.8759735684010395,-0.39032639757922,5.0,1.0,1.0
4398,3.912023005428146,0.0,0.0,1.0,-2.2275553214613457,0.5689048854086748,1.1476772458914695,9.0,2.0,1.0
4399,3.5553480614894135,0.0,0.0,1.0,1.5188055853856133,1.2551599108524887,1.58157133989606,9.0,1.0,0.0
4400,3.58351893845611,0.0,0.0,1.0,1.902781634009817,0.8168475460229162,-1.2470345822029307,6.0,1.0,0.0
4401,3.828641396489095,1.0,0.0,1.0,0.4187660947324896,1.0564355122184639,1.527846007052517,6.0,4.0,0.0
4402,3.5553480614894135,0.0,0.0,1.0,0.5536765983031557,0.6662765184590307,-1.7027221719684256,7.0,1.0,0.0
4403,3.6375861597263857,0.0,0.0,1.0,0.3149887842935157,-1.2184705569895626,0.21078538902039426,5.0,2.0,1.0
4404,3.332204510175204,0.0,1.0,0.0,-0.13125365059407224,-1.2184705569895626,-0.3041328488741193,2.0,1.0,1.0
4405,3.6375861597263857,1.0,0.0,1.0,-0.836939361579095,1.0165511767733193,0.06470206351500028,9.0,3.0,0.0
4406,4.219507705176107,0.0,0.0,0.0,-0.6916511269645315,0.6064455322142605,-0.1266650186672983,5.0,2.0,1.0
4407,3.5553480614894135,0.0,0.0,1.0,0.24234466698623391,-1.2184705569895626,1.467624840316204,8.0,2.0,1.0
4408,3.295836866004329,0.0,0.0,1.0,-1.1897822170716064,0.48506269857579354,0.054454012303639575,7.0,1.0,0.0
4409,3.367295829986474,0.0,0.0,1.0,-1.2728040654227855,-1.2184705569895626,-0.8325789594663892,9.0,2.0,1.0
4410,4.060443010546419,1.0,0.0,0.0,0.8961417227517697,1.1573143525136307,0.9495872599022129,9.0,1.0,0.0
4411,3.58351893845611,0.0,1.0,1.0,1.062185419454128,-1.2184705569895626,-1.5782381331166255,4.0,2.0,1.0
4412,3.367295829986474,0.0,0.0,0.0,2.058447599668278,-1.2184705569895626,-1.0720194895760808,2.0,2.0,1.0
4413,3.784189633918261,0.0,1.0,1.0,-0.7539175132279158,1.116633310232139,1.7033908715235697,2.0,1.0,1.0
4414,3.6109179126442243,0.0,0.0,0.0,1.0414299573663333,0.7014465781627367,0.4159522714240242,2.0,1.0,0.0
4415,3.8066624897703196,1.0,0.0,0.0,0.9687858400590514,0.697055564298827,-1.1504100745148576,0.0,1.0,1.0
4416,3.58351893845611,0.0,1.0,1.0,0.2942333222057209,-1.2184705569895626,0.7535864562168441,9.0,2.0,0.0
4417,3.258096538021482,1.0,0.0,0.0,-2.445487673383191,0.3464270631171095,1.0448004915616034,0.0,2.0,1.0
4418,3.332204510175204,0.0,1.0,1.0,-0.21427549894525139,0.9297178168864517,1.3265808673321033,10.0,1.0,1.0
4419,3.7376696182833684,1.0,0.0,1.0,0.958408109015154,1.830171381963571,0.6594797122556842,7.0,2.0,1.0
4420,3.828641396489095,0.0,0.0,0.0,0.03479004610828606,-0.30060792283493626,-0.9229242711736966,7.0,1.0,1.0
4421,3.5263605246161616,1.0,0.0,0.0,2.058447599668278,0.11708677062605326,-0.44359741672768477,2.0,1.0,1.0
4422,3.58351893845611,0.0,1.0,1.0,1.5291833164295108,-1.2184705569895626,0.7015436314587467,7.0,2.0,1.0
4423,3.58351893845611,0.0,1.0,0.0,1.1452072678053071,0.6924360736150886,-0.9270070090947914,3.0,3.0,1.0
4424,4.02535169073515,0.0,1.0,1.0,-0.21427549894525139,0.37758588962728645,0.24417301200769714,9.0,1.0,0.0
4425,3.6635616461296463,0.0,0.0,0.0,0.27347786011792613,-1.2184705569895626,0.25450086803575944,2.0,2.0,0.0
4426,3.4965075614664802,0.0,1.0,0.0,0.5848097914348479,1.783391913900404,0.3422428735982515,8.0,1.0,1.0
4427,3.332204510175204,0.0,1.0,1.0,-1.604891458827502,-0.013432894267030464,1.1195929050806948,9.0,1.0,1.0
4428,3.6635616461296463,0.0,1.0,0.0,0.33574424638131045,0.9296998845782383,-1.67720149569417,3.0,3.0,0.0
4429,3.970291913552122,1.0,0.0,0.0,0.08667870132777303,0.17275377883768964,-0.16610407225436727,4.0,1.0,0.0
4430,3.4965075614664802,0.0,1.0,0.0,1.1555849988492046,-1.2184705569895626,-1.4553644476685041,8.0,2.0,0.0
4431,3.828641396489095,0.0,1.0,1.0,1.1763404609369994,0.24733200715951129,-0.9265678218028791,2.0,1.0,1.0
4432,3.6888794541139363,1.0,0.0,1.0,1.747115668351356,0.564143217138386,-1.454585872572232,9.0,1.0,0.0
4433,3.4011973816621555,0.0,1.0,0.0,-0.06898726433068787,-1.2184705569895626,-0.45353442040728337,4.0,2.0,1.0
4434,3.4011973816621555,0.0,1.0,0.0,-0.4840965060865836,0.651706197815694,-1.6750064285681237,3.0,1.0,0.0
4435,4.219507705176107,0.0,0.0,0.0,-0.12087591955017483,-1.2184705569895626,-0.9991538668602252,3.0,1.0,1.0
4436,3.6888794541139363,0.0,1.0,0.0,-1.2416708722910934,-1.2184705569895626,-0.09482672187090233,0.0,2.0,0.0
4437,3.8066624897703196,0.0,1.0,0.0,-0.36994146460371224,1.8750610729388357,0.642637070864219,7.0,2.0,1.0
4438,3.713572066704308,0.0,1.0,0.0,0.8234976054444879,1.524627905828731,1.030803178765604,5.0,1.0,1.0
4439,4.31748811353631,1.0,0.0,1.0,0.8442530675322827,0.48742880260061966,0.5938989305310536,3.0,1.0,1.0
4440,3.7376696182833684,0.0,0.0,1.0,-0.733162051140121,-1.2184705569895626,-1.2291358744571208,8.0,2.0,0.0
4441,3.258096538021482,0.0,0.0,1.0,1.2074736540686914,-1.2184705569895626,-1.377295863863782,6.0,2.0,1.0
4442,3.6888794541139363,0.0,0.0,0.0,0.6885871018738219,-1.2184705569895626,0.7810756513030674,3.0,2.0,1.0
4443,3.7612001156935624,1.0,0.0,0.0,-0.7435397821840184,0.756186550083688,0.053634230798743916,2.0,1.0,0.0
4444,3.6375861597263857,0.0,0.0,0.0,2.0169366754926883,0.8165897690923457,-1.0243330689296841,6.0,1.0,1.0
4445,3.6375861597263857,0.0,0.0,0.0,0.055545508196080846,-1.2184705569895626,-1.612853776627593,2.0,2.0,1.0
4446,3.6635616461296463,0.0,0.0,1.0,0.9272749158834619,-1.2184705569895626,-1.4961626172733398,9.0,2.0,0.0
4447,3.258096538021482,0.0,0.0,0.0,0.6782093708299244,0.521361212817798,1.5575076665933902,7.0,2.0,0.0
4448,2.9444389791664403,1.0,0.0,1.0,-0.5982515475694549,0.9061033686175667,1.1693973699036853,1.0,1.0,0.0
4449,3.8918202981106265,0.0,0.0,0.0,-0.152009112681867,0.8758787833433391,0.5489764688630937,7.0,2.0,1.0
4450,3.9318256327243257,0.0,0.0,0.0,-0.13125365059407224,0.6281620377906103,-0.8224048016038259,6.0,2.0,1.0
4451,3.4339872044851463,0.0,0.0,0.0,-0.7746729753157106,0.2620992629734082,0.4521111557912918,8.0,2.0,1.0
4452,3.4657359027997265,0.0,1.0,1.0,1.9235370960976117,0.45753772623718597,-0.859921932655345,9.0,1.0,1.0
4453,3.9318256327243257,0.0,1.0,1.0,0.6989648329177193,-1.2184705569895626,-1.5588742506641864,2.0,2.0,0.0
4454,3.6888794541139363,0.0,1.0,1.0,0.8650085296200775,-0.25180738757015975,-1.0468088176333692,1.0,1.0,0.0
4455,3.6375861597263857,0.0,1.0,1.0,-0.442585581910994,0.8519551628676638,-1.2803104089001704,5.0,1.0,1.0
4456,3.332204510175204,0.0,0.0,1.0,0.4602770189080792,0.18468869061320675,1.6635576621206796,4.0,2.0,0.0
4457,3.6109179126442243,0.0,0.0,1.0,0.14894508759115738,-1.2184705569895626,-1.1349105534044783,3.0,2.0,0.0
4458,3.4657359027997265,0.0,0.0,0.0,-1.2728040654227855,1.4073805506621297,-0.6856965425937627,2.0,2.0,1.0
4459,3.6109179126442243,0.0,1.0,0.0,0.36687743951300267,-1.2184705569895626,-1.4384873806698346,5.0,1.0,0.0
4460,3.6375861597263857,1.0,0.0,0.0,-2.0407561626711925,1.5043202072164117,-0.8003558956561365,6.0,1.0,1.0
4461,4.30406509320417,0.0,0.0,0.0,-1.5322473415202202,-1.2184705569895626,-1.1446637799789499,8.0,1.0,1.0
4462,3.4339872044851463,0.0,1.0,1.0,0.27347786011792613,-1.2184705569895626,-1.1356661780959476,0.0,1.0,0.0
4463,3.6375861597263857,1.0,0.0,1.0,1.1763404609369994,0.42599847861704926,-1.5881589671928402,7.0,1.0,0.0
4464,3.258096538021482,1.0,0.0,1.0,1.2801177713759733,-0.2545257333634674,-1.5014811997197366,10.0,2.0,0.0
4465,3.6635616461296463,0.0,0.0,0.0,0.07630097028387564,-1.2184705569895626,1.0105447521259565,3.0,2.0,0.0
4466,3.367295829986474,0.0,0.0,0.0,1.456539199122229,0.8652442841330971,-1.0821552228972693,4.0,1.0,0.0
4467,3.7612001156935624,0.0,0.0,0.0,1.3216286955515628,-1.2184705569895626,-1.2949484204969208,5.0,2.0,0.0
4468,3.4965075614664802,0.0,1.0,1.0,1.2697400403320758,-1.2184705569895626,-1.5617891259408732,9.0,2.0,0.0
4469,3.5263605246161616,0.0,0.0,0.0,1.4150282749466394,-1.2184705569895626,0.2876954989826732,5.0,2.0,0.0
4470,3.7376696182833684,1.0,0.0,1.0,0.5432988672592584,-0.22453698996422752,0.4975957285102229,9.0,2.0,0.0
4471,3.4339872044851463,0.0,0.0,0.0,-0.9510944030619662,0.5248586533590281,-1.260817691220769,0.0,1.0,0.0
4472,3.5263605246161616,1.0,0.0,0.0,-0.21427549894525139,0.7548310597146136,0.21309590363726824,4.0,1.0,0.0
4473,4.343805421853684,0.0,1.0,1.0,-0.1623868437257644,0.8074735920141534,-1.054356718946314,9.0,1.0,1.0
4474,3.6375861597263857,0.0,0.0,0.0,-0.6190070096572498,-1.2184705569895626,0.45718319525275924,7.0,2.0,1.0
4475,3.6109179126442243,1.0,0.0,1.0,0.24234466698623391,0.21307121154817157,0.8513976041532555,7.0,1.0,1.0
4476,3.8501476017100584,1.0,0.0,0.0,-0.8784502857546845,-0.12590449149260333,0.15893659950290454,1.0,2.0,1.0
4477,3.58351893845611,1.0,0.0,0.0,-1.158649023939914,0.8368561593518156,1.7008485925915262,7.0,2.0,0.0
4478,3.4339872044851463,0.0,0.0,1.0,1.0310522263224358,1.4274607331139892,0.597940809776931,3.0,1.0,0.0
4479,3.1354942159291497,0.0,0.0,1.0,-1.81244607970545,0.10338744781023411,1.0898244913841468,5.0,2.0,0.0
4480,3.295836866004329,1.0,0.0,1.0,-0.4529633129548914,0.48908513946195586,-1.6233532390915686,1.0,1.0,1.0
4481,4.23410650459726,0.0,0.0,0.0,1.2282291161564862,1.7204304589932027,1.028004098713151,2.0,1.0,0.0
4482,3.828641396489095,0.0,0.0,1.0,0.44989928786418176,-0.5278421297702635,-0.40164842341534,9.0,1.0,1.0
4483,3.6109179126442243,0.0,0.0,1.0,-0.21427549894525139,-1.2184705569895626,0.5687188591280795,1.0,2.0,0.0
4484,3.2188758248682006,0.0,1.0,1.0,-0.9407166720180689,1.0816129532800374,1.3996473060899854,8.0,1.0,1.0
4485,3.5263605246161616,0.0,1.0,1.0,-1.2935595275105802,0.8976743832077023,-0.029507609534367218,9.0,1.0,0.0
4486,3.4339872044851463,1.0,0.0,0.0,-0.25578642312084093,0.06034350370181176,0.5110916097346171,4.0,2.0,0.0
4487,3.4657359027997265,1.0,0.0,0.0,0.9999190331907436,0.3755505726450433,1.7182208319604912,1.0,1.0,0.0
4488,3.5263605246161616,0.0,1.0,0.0,-0.5671183544377627,-1.2184705569895626,-1.6644368978228175,2.0,2.0,1.0
4489,3.4965075614664802,1.0,0.0,0.0,-1.3039372585544777,0.8940021026613896,-1.7149404806587851,6.0,2.0,1.0
4490,4.127134385045092,0.0,0.0,1.0,0.9895413021468462,1.2788135860455911,0.8193115473050088,7.0,1.0,1.0
4491,3.713572066704308,0.0,1.0,1.0,1.3112509645076653,0.45133811100201937,0.29689165664056216,8.0,2.0,1.0
4492,3.58351893845611,0.0,1.0,0.0,0.22158920489843914,-1.2184705569895626,-0.03151333582078875,6.0,2.0,0.0
4493,3.6109179126442243,0.0,1.0,1.0,1.4150282749466394,0.5368598506309779,-1.4653861244324895,10.0,1.0,1.0
4494,3.8501476017100584,0.0,1.0,0.0,-0.07936499537458526,-1.0189865970147762,0.9798440651676373,6.0,1.0,0.0
4495,3.1780538303479458,0.0,1.0,0.0,0.9999190331907436,0.15207142307162225,0.5849992156018703,8.0,1.0,0.0
4496,2.995732273553991,0.0,0.0,0.0,-0.03785407119899569,-1.2184705569895626,-1.361887970505912,1.0,2.0,1.0
4497,3.6635616461296463,0.0,1.0,0.0,1.0206744952785385,0.3387168110248421,1.3814013865381787,7.0,2.0,1.0
4498,3.2188758248682006,0.0,0.0,1.0,0.9791635711029488,0.9829180119494554,1.2120387004275877,3.0,2.0,1.0
4499,3.4657359027997265,1.0,0.0,1.0,1.1555849988492046,1.0865723572703603,0.6925401181078407,7.0,2.0,1.0
4500,3.8066624897703196,0.0,1.0,1.0,-0.6086292786133524,-1.2184705569895626,0.48014490139147786,5.0,1.0,0.0
4501,3.7376696182833684,0.0,0.0,0.0,0.3564997084691052,-1.2184705569895626,0.5677645047950208,10.0,1.0,0.0
4502,3.7376696182833684,0.0,0.0,0.0,-0.25578642312084093,-1.2184705569895626,0.6653784878901694,6.0,3.0,1.0
4503,4.248495242049359,1.0,0.0,1.0,-0.6086292786133524,1.77579469939384,0.0950598853348985,2.0,2.0,1.0
4504,3.713572066704308,0.0,0.0,0.0,0.8234976054444879,0.6867057404814758,0.967000531813099,7.0,1.0,1.0
4505,3.6109179126442243,1.0,0.0,0.0,-0.1727645747696618,0.08213173851101596,1.674332703308994,9.0,2.0,0.0
4506,3.828641396489095,1.0,0.0,1.0,-1.5945137277836046,0.5299413419683197,1.1398553306545127,7.0,2.0,1.0
4507,3.58351893845611,0.0,0.0,1.0,-0.21427549894525139,0.5810437771901217,-1.3206751288142944,9.0,2.0,0.0
4508,3.6109179126442243,1.0,0.0,0.0,-1.81244607970545,0.6660366738366739,-0.45882188071383373,3.0,1.0,0.0
4509,3.295836866004329,0.0,1.0,1.0,0.8131198744005905,-1.2184705569895626,1.4844288832995916,6.0,2.0,1.0
4510,3.4011973816621555,0.0,0.0,1.0,-0.1727645747696618,-1.2184705569895626,-1.3138367775165096,1.0,1.0,1.0
4511,3.4011973816621555,0.0,0.0,0.0,0.9791635711029488,0.4722846480944478,-0.9966929575452105,4.0,1.0,1.0
4512,3.8918202981106265,0.0,0.0,1.0,-1.3765813758617593,-0.0803457012671187,0.6524819251911995,10.0,1.0,0.0
4513,3.6888794541139363,1.0,0.0,0.0,1.165962729893102,0.996513903773257,-0.8755640244622277,9.0,1.0,0.0
4514,2.995732273553991,0.0,0.0,1.0,0.08667870132777303,0.8253264857199468,-1.0442893152394255,5.0,1.0,1.0
4515,3.5553480614894135,0.0,1.0,1.0,-1.3454481827300673,0.8058995516387257,1.2834358449694558,9.0,1.0,0.0
4516,3.713572066704308,1.0,0.0,0.0,0.03479004610828606,0.09370368115510253,1.7102772100313974,0.0,1.0,1.0
4517,3.58351893845611,0.0,0.0,0.0,0.5121656741275662,-1.2184705569895626,-0.6027275257634865,2.0,2.0,1.0
4518,3.8501476017100584,0.0,1.0,0.0,-0.6501402027889419,-1.2184705569895626,1.1812170022439437,10.0,2.0,1.0
4519,3.6635616461296463,0.0,1.0,1.0,0.03479004610828606,2.7986561216557067,-0.33690654853294144,3.0,3.0,1.0
4520,3.367295829986474,0.0,1.0,1.0,-0.7954284374035054,-1.2184705569895626,-1.5607186286501744,7.0,1.0,1.0
4521,3.713572066704308,1.0,0.0,0.0,1.3216286955515628,-0.010117498676147148,-0.8265150104640032,2.0,1.0,1.0
4522,3.5553480614894135,1.0,0.0,0.0,0.37725517055690005,0.23893904647596906,1.1014752991557408,9.0,2.0,1.0
4523,3.4965075614664802,0.0,0.0,1.0,0.06592323923997824,-1.2184705569895626,-0.34809174127375897,8.0,1.0,1.0
4524,3.6375861597263857,0.0,1.0,0.0,-1.314314989598375,-1.2184705569895626,0.5405590601681799,0.0,1.0,1.0
4525,3.8501476017100584,1.0,0.0,1.0,-0.785050706359608,0.9809260847486932,-1.164579689213583,4.0,1.0,1.0
4526,3.58351893845611,1.0,0.0,1.0,1.062185419454128,0.3599878908739577,0.09885278746200359,6.0,2.0,1.0
4527,3.912023005428146,0.0,1.0,1.0,-0.733162051140121,-1.2184705569895626,-1.0224700872064694,10.0,2.0,0.0
4528,4.2626798770413155,0.0,0.0,1.0,1.5291833164295108,-0.09102871377547404,-1.111838789642727,8.0,1.0,1.0
4529,3.7376696182833684,0.0,0.0,0.0,2.0169366754926883,-1.2184705569895626,-1.6863474058748766,5.0,3.0,0.0
4530,3.295836866004329,0.0,1.0,0.0,-1.1378935618521193,-1.2184705569895626,-0.7921671216757377,2.0,2.0,1.0
4531,3.7376696182833684,1.0,0.0,0.0,0.429143825776387,1.6869072896670423,1.5213013166161888,9.0,3.0,1.0
4532,3.6635616461296463,0.0,1.0,1.0,-0.4737187750426862,0.840198773624809,1.6247360091961525,7.0,1.0,1.0
4533,3.713572066704308,0.0,1.0,1.0,0.49141021203977137,-1.2184705569895626,-0.38327123450272765,2.0,1.0,0.0
4534,3.6109179126442243,0.0,1.0,1.0,0.39801063264469483,-1.2184705569895626,-0.7741999104489248,10.0,2.0,0.0
4535,3.295836866004329,0.0,0.0,0.0,-1.7916906176176552,-1.2184705569895626,-1.4137852688335535,1.0,2.0,1.0
4536,3.58351893845611,0.0,0.0,0.0,-0.6812733959206341,1.4196444882713875,0.33700513916877434,7.0,3.0,0.0
4537,3.7612001156935624,1.0,0.0,1.0,0.3046110532496183,0.6740279187942526,-1.5818116154644775,3.0,2.0,0.0
4538,3.1354942159291497,1.0,0.0,0.0,0.8857639917078723,0.5674474050366358,0.10252154876312898,10.0,2.0,0.0
4539,3.6109179126442243,0.0,0.0,0.0,0.4187660947324896,-1.2184705569895626,-1.6021654949241015,3.0,2.0,1.0
4540,3.5553480614894135,0.0,0.0,1.0,0.7819866812688984,-1.2184705569895626,1.7074762174452105,10.0,2.0,1.0
4541,3.713572066704308,0.0,0.0,0.0,1.2074736540686914,-1.2184705569895626,-0.5450865409004828,8.0,2.0,1.0
4542,3.4339872044851463,0.0,1.0,1.0,2.058447599668278,1.0397195588753914,-1.6422247310409612,2.0,1.0,1.0
4543,4.04305126783455,0.0,1.0,0.0,-0.03785407119899569,1.304214380410361,0.7052023084910952,6.0,2.0,0.0
4544,4.060443010546419,0.0,1.0,0.0,-1.4596032242129386,0.750085562543696,1.4053205766106112,8.0,1.0,1.0
4545,3.8918202981106265,0.0,0.0,0.0,1.6848492820879715,-1.2184705569895626,0.5640037680079801,7.0,2.0,1.0
4546,3.58351893845611,0.0,0.0,1.0,-1.656780114046989,1.0448328284745823,-1.0590526847290775,4.0,2.0,0.0
4547,3.9318256327243257,1.0,0.0,0.0,-2.05113389371509,0.26887927657709526,0.9373625181438409,10.0,1.0,0.0
4548,3.8066624897703196,1.0,0.0,0.0,0.1593228186350548,1.0295793189102864,-0.7522707986596389,5.0,2.0,1.0
4549,3.4965075614664802,1.0,0.0,1.0,1.0829408815419228,0.5351836601426908,-0.7694467425208569,0.0,2.0,1.0
4550,3.8066624897703196,0.0,0.0,0.0,0.667831639786027,0.5351855814614279,-1.2707858170402138,3.0,1.0,0.0
4551,3.6635616461296463,0.0,0.0,0.0,2.0169366754926883,-1.2184705569895626,1.515854594409642,5.0,1.0,1.0
4552,3.6635616461296463,1.0,0.0,1.0,0.9895413021468462,0.8586126924018566,-0.19371792976668,2.0,1.0,0.0
4553,3.1354942159291497,0.0,1.0,1.0,2.058447599668278,-1.2184705569895626,-1.5777841671549535,2.0,2.0,1.0
4554,3.7376696182833684,1.0,0.0,1.0,2.058447599668278,1.614809483834908,0.44118693697175726,1.0,2.0,1.0
4555,3.4011973816621555,1.0,0.0,1.0,-0.24540869207694355,0.5931245490797691,0.4228054013915685,3.0,2.0,1.0
4556,3.5263605246161616,1.0,0.0,0.0,1.5084278543417158,0.11933695508707023,-0.533147462135227,10.0,1.0,0.0
4557,3.7376696182833684,0.0,0.0,1.0,1.1140740746736149,-1.2184705569895626,1.5624154020204721,9.0,2.0,1.0
4558,4.174387269895637,0.0,0.0,0.0,-0.017098609111200903,1.0555440203244162,-1.185009374555738,7.0,1.0,0.0
4559,3.8501476017100584,0.0,1.0,0.0,-1.5322473415202202,1.4035665728589506,1.1247656133632298,2.0,1.0,1.0
4560,3.6635616461296463,0.0,0.0,1.0,1.5499387785173055,-1.2184705569895626,-0.5941898013100599,5.0,2.0,0.0
4561,2.995732273553991,0.0,0.0,1.0,-0.06898726433068787,0.8391791938149501,1.3133525669637083,9.0,1.0,0.0
4562,3.4339872044851463,0.0,0.0,1.0,0.32536651533741306,-0.15869787991842849,0.25655214739838084,4.0,1.0,1.0
4563,3.871201010907891,0.0,0.0,1.0,-1.2935595275105802,-1.2184705569895626,-1.3756182240460217,1.0,1.0,0.0
4564,3.4657359027997265,1.0,0.0,1.0,1.09331861258582,1.1685422189938686,1.6803533595023197,8.0,2.0,1.0
4565,3.4339872044851463,0.0,1.0,1.0,-0.6293847407011471,0.7806246036512405,-0.8683875024270046,8.0,2.0,0.0
4566,4.060443010546419,0.0,0.0,1.0,0.1281896255033626,-1.2184705569895626,-1.4800787301739988,6.0,2.0,1.0
4567,4.02535169073515,1.0,0.0,1.0,0.27347786011792613,0.8573047546715273,1.4551566851735573,4.0,1.0,1.0
4568,3.6109179126442243,0.0,1.0,0.0,0.6782093708299244,1.4162650487225987,-0.3146041449322005,2.0,1.0,1.0
4569,3.784189633918261,0.0,1.0,0.0,0.8131198744005905,0.44603799315563825,1.620765763031933,1.0,1.0,1.0
4570,3.367295829986474,0.0,0.0,0.0,-0.9822275961936585,1.1262626395230506,1.4585060533411736,7.0,2.0,0.0
4571,3.784189633918261,1.0,0.0,1.0,-0.19352003685745658,1.089742373076798,1.0121679716656606,3.0,1.0,1.0
4572,4.143134726391533,0.0,0.0,1.0,1.0829408815419228,-1.2184705569895626,-1.551451707244143,3.0,1.0,1.0
4573,3.713572066704308,0.0,0.0,1.0,0.5225434051714636,1.1600698438025232,0.793266836787751,3.0,1.0,1.0
4574,3.58351893845611,0.0,0.0,1.0,-0.5152296992182758,-1.2184705569895626,-1.3549779861264692,8.0,1.0,1.0
4575,3.4965075614664802,0.0,0.0,1.0,0.49141021203977137,-1.2184705569895626,1.2229636147139344,3.0,2.0,1.0
4576,3.784189633918261,0.0,0.0,0.0,-0.017098609111200903,-1.2184705569895626,-1.462729788943243,6.0,2.0,1.0
4577,3.970291913552122,0.0,1.0,0.0,2.006558944448791,-1.2184705569895626,-1.1945430074842533,0.0,1.0,0.0
4578,3.8066624897703196,0.0,0.0,1.0,-0.5671183544377627,0.03243811025324445,0.15164219584301114,8.0,2.0,1.0
4579,3.828641396489095,0.0,1.0,0.0,0.8857639917078723,-1.2184705569895626,1.3433703055124344,2.0,2.0,1.0
4580,3.5263605246161616,1.0,0.0,1.0,-1.2624263343788882,-0.013767203727298304,0.021965975637933947,9.0,1.0,1.0
4581,3.912023005428146,0.0,0.0,1.0,1.3216286955515628,0.4812620098938795,0.28622945494252866,9.0,1.0,0.0
4582,3.6375861597263857,0.0,0.0,1.0,-0.9407166720180689,-1.2184705569895626,-0.301450781112821,5.0,2.0,0.0
4583,3.5263605246161616,0.0,0.0,1.0,-0.8058061684474028,0.38690380517288187,0.04477033241038961,8.0,1.0,0.0
4584,3.7612001156935624,0.0,0.0,0.0,-0.7124065890523262,-1.2184705569895626,-1.442948104803367,4.0,2.0,0.0
4585,3.332204510175204,1.0,0.0,0.0,-0.5567406233938653,1.5239543235014577,-0.2833187442515137,10.0,1.0,1.0
4586,3.6375861597263857,0.0,1.0,0.0,1.5706942406051003,-1.2184705569895626,-1.6165446190000061,1.0,2.0,0.0
4587,3.4657359027997265,0.0,1.0,1.0,0.1593228186350548,-1.2184705569895626,-1.3924045326256975,5.0,2.0,1.0
4588,3.8501476017100584,0.0,0.0,0.0,-2.8605969151390864,-1.2184705569895626,0.989343272488948,6.0,1.0,0.0
4589,3.9318256327243257,1.0,0.0,1.0,1.6329606268684846,0.6724052050108168,0.005020057424855515,10.0,1.0,1.0
4590,3.58351893845611,1.0,0.0,0.0,0.4602770189080792,1.5818876872734822,-0.5450971467693692,4.0,1.0,0.0
4591,2.995732273553991,0.0,0.0,1.0,-1.8643347349249368,-1.2184705569895626,-1.686122596227829,9.0,2.0,0.0
4592,3.332204510175204,0.0,0.0,0.0,-1.0029830582814532,0.41465309147405405,0.2838497413778398,8.0,1.0,1.0
4593,3.784189633918261,1.0,0.0,1.0,-1.521869610476323,0.8172735984528837,0.6456467034940697,6.0,1.0,0.0
4594,3.828641396489095,1.0,0.0,1.0,0.7923644123127958,0.5255157443671408,-0.280462462053756,3.0,2.0,0.0
4595,3.912023005428146,0.0,0.0,1.0,-0.836939361579095,1.6733389367451401,-1.7370724948905338,4.0,1.0,0.0
4596,3.713572066704308,0.0,0.0,0.0,0.8338753364883853,-1.2184705569895626,0.9346689751801407,10.0,2.0,0.0
4597,3.4339872044851463,1.0,0.0,0.0,-0.24540869207694355,0.9006045543917831,-0.45661151331791855,9.0,2.0,1.0
4598,3.258096538021482,0.0,1.0,1.0,0.8234976054444879,0.3337982350576842,-0.04439459824988989,8.0,1.0,0.0
4599,3.5263605246161616,0.0,0.0,0.0,-0.152009112681867,0.4367104710163569,-0.278386841352707,7.0,1.0,0.0
4600,3.9512437185814275,1.0,0.0,0.0,0.2942333222057209,1.073340395237358,-0.9151623399492933,5.0,1.0,0.0
4601,3.58351893845611,1.0,0.0,1.0,1.352761888683255,0.3595227716296675,0.2992779771399671,7.0,2.0,0.0
4602,3.5263605246161616,0.0,0.0,1.0,0.1178118944594652,1.299647565882,-1.25009254977623,5.0,2.0,1.0
4603,3.8918202981106265,0.0,0.0,0.0,-0.06898726433068787,0.23232266518473088,0.8468671594717986,7.0,1.0,1.0
4604,3.5553480614894135,0.0,0.0,0.0,0.8131198744005905,-0.030497086631215264,-0.0618229965639409,5.0,2.0,0.0
4605,3.6888794541139363,0.0,0.0,0.0,2.058447599668278,0.4528610763210169,0.09485263622485912,0.0,1.0,0.0
4606,3.4657359027997265,0.0,0.0,1.0,-0.6605179338328393,0.37634199585486294,-1.1223836313161997,4.0,2.0,1.0
4607,3.6888794541139363,0.0,0.0,1.0,-1.6775355761347839,-1.2184705569895626,1.2279982728342456,1.0,3.0,0.0
4608,3.6888794541139363,0.0,0.0,0.0,1.6329606268684846,-1.2184705569895626,-0.39512146738272363,5.0,1.0,0.0
4609,4.04305126783455,0.0,1.0,1.0,1.9961812134048933,0.375098422302229,0.9875414918452079,5.0,1.0,1.0
4610,3.970291913552122,0.0,0.0,0.0,-0.11049818850627745,-1.2184705569895626,-0.16459525700527178,4.0,1.0,0.0
4611,3.8066624897703196,1.0,0.0,0.0,-0.3803191956476097,0.8005949507152913,0.17885198713742842,9.0,2.0,1.0
4612,3.7376696182833684,0.0,0.0,0.0,0.2527223980301313,0.4059586438586707,-0.3708510665701236,4.0,1.0,1.0
4613,3.7612001156935624,0.0,1.0,0.0,-1.6256469209152968,-1.2184705569895626,0.5211348459697812,7.0,2.0,0.0
4614,3.4011973816621555,0.0,0.0,1.0,-1.2209154102032984,1.5810813738434493,-0.36951855215792406,7.0,1.0,1.0
4615,3.8066624897703196,0.0,1.0,1.0,-1.075627175588735,-1.2184705569895626,-1.4507701939070268,8.0,1.0,0.0
4616,3.8066624897703196,1.0,0.0,0.0,-1.5841359967397073,0.02441980672345049,0.13546633325775514,6.0,2.0,0.0
4617,3.4657359027997265,1.0,0.0,0.0,0.7819866812688984,0.10611011657070031,-0.6992706638345308,3.0,2.0,0.0
4618,3.6635616461296463,0.0,0.0,1.0,-0.20389776790135397,-1.2184705569895626,1.6008660234006837,4.0,2.0,0.0
4619,3.5553480614894135,1.0,0.0,1.0,-0.03785407119899569,0.30320955988276255,0.8106462046915409,3.0,2.0,1.0
4620,3.784189633918261,0.0,0.0,1.0,0.6055652535226427,0.8354904219494764,-1.1724596759293593,9.0,1.0,0.0
4621,3.912023005428146,0.0,0.0,0.0,1.8093820546147403,-1.2184705569895626,1.361005779069822,0.0,1.0,0.0
4622,3.6888794541139363,0.0,0.0,0.0,-0.006720878067303511,-1.2184705569895626,0.6436767937484773,8.0,1.0,0.0
4623,3.58351893845611,0.0,1.0,0.0,-0.6708956648767367,0.11502967869812217,0.4367919344519789,3.0,1.0,0.0
4624,3.2188758248682006,0.0,0.0,0.0,-0.6605179338328393,-1.2184705569895626,0.6981580990168951,0.0,2.0,1.0
4625,3.4965075614664802,0.0,1.0,1.0,-0.5774960854816601,-1.2184705569895626,0.8010571082847519,4.0,2.0,1.0
4626,3.5263605246161616,0.0,0.0,0.0,1.2282291161564862,-1.2184705569895626,0.44684803682316876,6.0,2.0,1.0
4627,3.8918202981106265,1.0,0.0,0.0,0.5640543293470531,0.45432752284716266,1.0052524235517204,10.0,3.0,1.0
4628,3.8501476017100584,0.0,1.0,0.0,-1.127515830808222,1.0287614775678309,-0.2667899322590597,5.0,1.0,1.0
4629,4.143134726391533,1.0,0.0,1.0,-0.25578642312084093,1.0779270633926696,0.7419415599131539,3.0,2.0,1.0
4630,4.127134385045092,0.0,0.0,1.0,0.7819866812688984,0.8343618073012834,1.5352045675258366,0.0,2.0,1.0
4631,3.4965075614664802,0.0,0.0,0.0,1.5291833164295108,0.4794295521483027,-1.4342836315234146,3.0,2.0,1.0
4632,3.5553480614894135,0.0,0.0,0.0,2.058447599668278,-1.2184705569895626,1.2392413631871797,2.0,2.0,1.0
4633,4.060443010546419,0.0,1.0,1.0,-0.5048519681743784,0.4626969473761748,-0.22635792593085396,6.0,2.0,1.0
4634,3.912023005428146,1.0,0.0,0.0,-0.2765418852086357,0.8390178030410277,0.4586836649001083,4.0,1.0,0.0
4635,3.871201010907891,0.0,0.0,0.0,1.062185419454128,1.751786861113519,-1.269095832686537,1.0,1.0,0.0
4636,3.7376696182833684,1.0,0.0,1.0,-0.5567406233938653,0.24712626594473913,1.5828388281613175,3.0,1.0,0.0
4637,3.912023005428146,1.0,0.0,1.0,-2.3001994387686273,0.9768788268288424,0.801274615530271,3.0,1.0,0.0
4638,3.871201010907891,0.0,1.0,1.0,0.5017879430836688,-1.2184705569895626,0.3715049874555085,4.0,1.0,0.0
4639,3.4339872044851463,1.0,0.0,1.0,1.0414299573663333,0.08679942227307828,-1.1048436105787884,4.0,1.0,1.0
4640,3.828641396489095,0.0,1.0,1.0,-0.006720878067303511,-1.2184705569895626,1.609621776699739,4.0,2.0,0.0
4641,3.1354942159291497,0.0,1.0,0.0,-1.0860049066326325,1.0436765148145948,0.30794401522024684,7.0,1.0,0.0
4642,3.5263605246161616,0.0,0.0,1.0,-1.2105376791594011,0.9116366064707245,0.171580186148932,2.0,1.0,1.0
4643,3.8066624897703196,0.0,0.0,0.0,1.1452072678053071,1.3323464894699149,-1.3153217730272868,7.0,1.0,0.0
4644,3.6109179126442243,0.0,0.0,0.0,-0.6708956648767367,-0.08514435492309806,-1.2144844751242352,1.0,1.0,0.0
4645,3.8501476017100584,0.0,0.0,1.0,0.7300980260494114,-1.2184705569895626,-0.11324998545982394,6.0,1.0,1.0
4646,3.5553480614894135,1.0,0.0,0.0,2.058447599668278,0.8576493111650598,-0.20320322775174623,3.0,2.0,1.0
4647,3.332204510175204,1.0,0.0,0.0,0.3564997084691052,0.6243283664703749,-0.3791829328471351,1.0,2.0,0.0
4648,3.8501476017100584,0.0,0.0,1.0,0.04516777715218345,1.075378113868023,1.6111904020946848,9.0,2.0,0.0
4649,3.912023005428146,0.0,0.0,0.0,0.49141021203977137,-1.2184705569895626,0.09264870189695681,2.0,1.0,0.0
4650,3.6109179126442243,0.0,0.0,1.0,0.8857639917078723,-1.2184705569895626,1.5341930110474733,9.0,1.0,1.0
4651,3.5553480614894135,0.0,0.0,1.0,-1.5945137277836046,-1.2184705569895626,0.8362458164489823,2.0,2.0,1.0
4652,3.5263605246161616,0.0,1.0,1.0,0.5536765983031557,-0.12293637426346347,-0.6182480847449351,7.0,1.0,1.0
4653,3.6375861597263857,0.0,0.0,0.0,-0.34918600251591747,0.329037367336869,-0.03033782304144617,5.0,1.0,0.0
4654,3.5553480614894135,0.0,1.0,1.0,-0.4529633129548914,0.1689798285082015,-0.7048729967403106,7.0,1.0,1.0
4655,3.5263605246161616,0.0,0.0,1.0,-0.07936499537458526,1.04284122149361,-0.08272994600597708,9.0,1.0,0.0
4656,3.5553480614894135,1.0,0.0,1.0,-1.366203644817862,0.7031501474430283,-1.740195488610775,8.0,2.0,1.0
4657,3.6635616461296463,0.0,1.0,1.0,0.32536651533741306,0.801361236671633,-1.4787804675023006,3.0,1.0,0.0
4658,3.4965075614664802,0.0,1.0,0.0,0.19045601176674695,-1.2184705569895626,-0.9433240514429266,3.0,2.0,0.0
4659,3.367295829986474,0.0,0.0,1.0,2.058447599668278,-0.13549427363950836,1.631113092130737,8.0,2.0,1.0
4660,3.8066624897703196,0.0,0.0,0.0,1.1970959230247942,1.2233534398179902,0.634332849392993,2.0,1.0,1.0
4661,3.258096538021482,0.0,1.0,1.0,-1.0652494445448377,1.8853910431292362,-1.3706117323316054,6.0,1.0,1.0
4662,3.4011973816621555,0.0,0.0,0.0,1.2904955024198705,-1.2184705569895626,0.7453700374306597,5.0,2.0,1.0
4663,3.912023005428146,0.0,1.0,1.0,-0.06898726433068787,-1.2184705569895626,-1.5718965189894638,2.0,2.0,0.0
4664,3.4965075614664802,0.0,0.0,0.0,-0.006720878067303511,1.0964296830514164,-0.22292823134642695,8.0,1.0,1.0
4665,3.367295829986474,1.0,0.0,0.0,1.6537160889562794,1.4671939248184764,-1.5739782250251195,4.0,2.0,1.0
4666,3.4657359027997265,1.0,0.0,1.0,0.7508534881372062,1.3592593616808384,-0.6189642416948112,2.0,2.0,1.0
4667,3.4339872044851463,0.0,0.0,1.0,2.058447599668278,0.7274279310059217,-1.045248711706873,9.0,1.0,0.0
4668,3.6888794541139363,1.0,0.0,0.0,1.5188055853856133,0.6994500077750263,1.1095658384489144,6.0,1.0,1.0
4669,3.367295829986474,0.0,0.0,1.0,-1.1897822170716064,0.20592006320842088,1.5545185502344996,0.0,2.0,1.0
4670,3.7612001156935624,0.0,0.0,1.0,0.6782093708299244,-1.2184705569895626,1.2559073560083425,5.0,2.0,0.0
4671,4.060443010546419,0.0,0.0,1.0,1.0518076884102305,-1.2184705569895626,1.0265749144140535,7.0,1.0,0.0
4672,3.4657359027997265,0.0,1.0,1.0,-0.6086292786133524,0.5861815436032118,1.3289953542374033,8.0,1.0,1.0
4673,3.6375861597263857,1.0,0.0,1.0,0.6055652535226427,0.9557518458850146,-0.9372752288437064,6.0,1.0,1.0
4674,3.713572066704308,0.0,0.0,0.0,-0.048231802242893085,-1.2184705569895626,-0.14038136287116385,9.0,2.0,1.0
4675,3.784189633918261,0.0,0.0,1.0,-1.3558259137739646,-1.2184705569895626,-0.12607421961032364,8.0,1.0,1.0
4676,3.367295829986474,0.0,0.0,0.0,2.058447599668278,-1.2184705569895626,1.484649867879172,9.0,2.0,0.0
4677,3.784189633918261,1.0,0.0,1.0,-1.521869610476323,0.9727284581367633,1.2281810067391543,5.0,2.0,0.0
4678,3.6375861597263857,1.0,0.0,1.0,-0.9926053272375559,1.1034213619359823,-0.1652302182048218,9.0,2.0,0.0
4679,3.332204510175204,0.0,0.0,0.0,1.217851385112589,-1.2184705569895626,-0.739893923536095,2.0,1.0,1.0
4680,4.060443010546419,1.0,0.0,0.0,-1.553002803608015,0.40608945364269305,-0.9886578817303107,3.0,1.0,0.0
4681,3.9318256327243257,1.0,0.0,1.0,0.667831639786027,0.697336717274033,-1.5211097072942228,2.0,1.0,1.0
4682,3.4965075614664802,1.0,0.0,0.0,-0.6086292786133524,0.9285475736656199,-0.8084843378905758,9.0,2.0,0.0
4683,3.332204510175204,0.0,1.0,0.0,0.27347786011792613,0.17608422475868107,0.8540273380369349,5.0,2.0,0.0
4684,3.4965075614664802,0.0,0.0,1.0,0.2942333222057209,0.2699368024320132,0.28733750744108677,5.0,1.0,0.0
4685,3.4657359027997265,0.0,0.0,0.0,0.09705643237167041,0.926430440527152,1.1432745932367567,3.0,1.0,1.0
4686,3.58351893845611,0.0,0.0,0.0,1.404650543902742,0.4829660595038556,-1.4574226816992475,1.0,1.0,1.0
4687,3.332204510175204,0.0,1.0,1.0,0.6263207156104375,-1.2184705569895626,-0.10234506584432806,10.0,1.0,0.0
4688,3.7376696182833684,0.0,0.0,1.0,0.8857639917078723,0.4140217781589987,0.4019101010186369,1.0,1.0,1.0
4689,3.8918202981106265,0.0,1.0,0.0,-0.7020288580084288,2.1942110081505324,-0.43936184997460614,2.0,1.0,0.0
4690,3.5263605246161616,0.0,0.0,1.0,-0.25578642312084093,-1.2184705569895626,0.0574895510722453,5.0,2.0,1.0
4691,3.4011973816621555,0.0,1.0,0.0,2.058447599668278,-1.2184705569895626,-0.09764788299464344,10.0,2.0,1.0
4692,3.828641396489095,1.0,0.0,0.0,-0.5878738165255575,0.47869624883028233,1.582494224355866,9.0,1.0,0.0
4693,3.4339872044851463,1.0,0.0,0.0,-1.656780114046989,0.01707940848808833,0.8044626353974546,10.0,2.0,1.0
4694,3.871201010907891,0.0,0.0,1.0,-0.6708956648767367,-0.08126168997506487,-0.7383924106885277,6.0,1.0,0.0
4695,3.5263605246161616,0.0,1.0,0.0,1.0206744952785385,1.3721310764506212,0.9190190593716208,3.0,1.0,1.0
4696,3.332204510175204,0.0,0.0,1.0,2.0480698686243803,-1.2184705569895626,0.9990479902532674,0.0,2.0,1.0
4697,4.110873864173311,0.0,0.0,0.0,0.27347786011792613,0.6666442908873041,0.8181901070703157,10.0,1.0,0.0
4698,4.189654742026425,0.0,0.0,0.0,1.3112509645076653,-1.2184705569895626,-0.3923138678618209,7.0,1.0,1.0
4699,3.5553480614894135,1.0,0.0,1.0,0.03479004610828606,0.6712801127803085,-0.8555105866654796,7.0,1.0,0.0
4700,3.5553480614894135,0.0,1.0,1.0,-0.13125365059407224,1.013352341185824,-1.1558868756610328,5.0,2.0,0.0
4701,3.6888794541139363,0.0,1.0,0.0,-0.5463628923499679,-1.2184705569895626,1.6315983540989587,4.0,1.0,0.0
4702,3.4965075614664802,1.0,0.0,1.0,-0.5152296992182758,1.7390131335993315,0.23212422335281474,7.0,2.0,0.0
4703,3.58351893845611,0.0,0.0,1.0,-0.9199612099302741,0.4827086027930747,-1.058586895831598,3.0,1.0,0.0
4704,3.713572066704308,0.0,0.0,1.0,0.2838555911618235,-1.2184705569895626,-1.452379851843893,1.0,1.0,1.0
4705,3.58351893845611,1.0,0.0,1.0,-0.7227843200962236,0.7238092872743549,-1.2462873031132082,8.0,2.0,1.0
4706,3.8066624897703196,1.0,0.0,0.0,-0.9095834788863767,0.5709240312915469,0.07460933598837692,3.0,3.0,1.0
4707,4.04305126783455,0.0,1.0,0.0,0.03479004610828606,-1.2184705569895626,-1.0197036940941901,5.0,2.0,1.0
4708,3.6109179126442243,1.0,0.0,1.0,0.49141021203977137,0.760512719440218,0.05436047201739713,2.0,2.0,0.0
4709,3.4965075614664802,0.0,1.0,0.0,0.22158920489843914,-1.2184705569895626,-0.4791411606995501,0.0,1.0,1.0
4710,3.4339872044851463,0.0,1.0,1.0,0.014034584020491275,-1.2184705569895626,0.3530319979895136,4.0,2.0,0.0
4711,3.58351893845611,0.0,0.0,0.0,-0.25578642312084093,-1.2184705569895626,1.6098518023478785,7.0,2.0,1.0
4712,3.1780538303479458,0.0,0.0,1.0,0.9480303779712567,0.5460008447428587,-0.0842877916653337,3.0,1.0,0.0
4713,3.4339872044851463,0.0,0.0,1.0,-1.8850901970127316,0.4008930870081191,-0.8610685835619807,3.0,1.0,1.0
4714,3.58351893845611,0.0,1.0,1.0,1.3423841576393576,-1.2184705569895626,-1.0138756822078474,1.0,2.0,0.0
4715,3.58351893845611,0.0,0.0,1.0,0.5640543293470531,-1.2184705569895626,-0.32535536638219714,5.0,2.0,1.0
4716,3.713572066704308,0.0,1.0,1.0,0.32536651533741306,0.30342362681206253,0.28488494372781836,4.0,1.0,1.0
4717,3.6109179126442243,0.0,0.0,0.0,0.2838555911618235,-1.2184705569895626,-1.707160293430561,3.0,2.0,1.0
4718,3.5553480614894135,0.0,0.0,1.0,0.771608950225001,-1.2184705569895626,1.6666370152984542,3.0,2.0,0.0
4719,3.58351893845611,0.0,0.0,0.0,-0.1623868437257644,-1.2184705569895626,-1.3440214281001666,2.0,2.0,1.0
4720,3.8501476017100584,0.0,0.0,0.0,0.5225434051714636,0.3577183331156744,0.15877490346906503,9.0,1.0,1.0
4721,3.8501476017100584,0.0,0.0,1.0,2.058447599668278,0.6650684893030344,-0.20013117697549976,9.0,1.0,0.0
4722,3.6109179126442243,0.0,0.0,1.0,0.27347786011792613,0.5007843694723799,-0.2776844198723723,0.0,1.0,1.0
4723,3.6375861597263857,0.0,0.0,0.0,0.003656852976593882,-1.2184705569895626,0.7469652644311726,4.0,2.0,0.0
4724,3.6109179126442243,0.0,1.0,1.0,1.456539199122229,0.25678441501670857,-0.5731102022318921,5.0,1.0,1.0
4725,3.2188758248682006,0.0,0.0,0.0,0.9791635711029488,-1.2184705569895626,-0.10999311437823159,4.0,1.0,1.0
4726,3.4657359027997265,0.0,0.0,0.0,-0.08974272641848266,1.4705667998615803,0.7429506822576747,3.0,1.0,0.0
4727,3.8918202981106265,1.0,0.0,0.0,0.33574424638131045,0.8050690616145837,1.6986441366635148,10.0,1.0,1.0
4728,3.367295829986474,0.0,0.0,1.0,0.27347786011792613,0.5289227228178293,-0.7235789675883965,2.0,1.0,1.0
4729,3.044522437723423,0.0,0.0,1.0,1.1452072678053071,1.013982533731616,-0.2577479943667788,1.0,1.0,1.0
4730,3.58351893845611,1.0,0.0,1.0,0.09705643237167041,0.6582124234993341,-0.3021674596628062,2.0,1.0,1.0
4731,3.784189633918261,1.0,0.0,1.0,1.2593623092881785,0.09194743571943337,-1.1218371682685035,8.0,2.0,1.0
4732,3.1780538303479458,0.0,0.0,1.0,-0.8473170926229924,-1.2184705569895626,1.7108429722831326,2.0,1.0,0.0
4733,3.6888794541139363,0.0,0.0,0.0,-2.134155742066269,0.22599400137438433,1.5807819850641986,1.0,1.0,0.0
4734,4.04305126783455,1.0,0.0,0.0,-0.6812733959206341,0.39514498167618767,-0.7994891701414164,9.0,2.0,1.0
4735,3.8066624897703196,0.0,1.0,0.0,-0.7746729753157106,0.6317113539377442,0.47075227435913874,8.0,1.0,1.0
4736,3.6109179126442243,0.0,0.0,1.0,-0.494474237130481,0.6424843482069572,-0.3616064001020827,6.0,2.0,1.0
4737,3.828641396489095,0.0,0.0,0.0,0.19045601176674695,-0.4517856067900835,-0.8013698862683427,5.0,1.0,1.0
4738,3.4011973816621555,1.0,0.0,1.0,2.058447599668278,1.2574754201505691,1.105935153955758,1.0,1.0,1.0
4739,3.8501476017100584,1.0,0.0,1.0,-0.5463628923499679,0.7580015558507355,-1.2007792583893648,9.0,1.0,1.0
4740,3.6888794541139363,0.0,0.0,0.0,0.6366984466543348,-1.2184705569895626,0.44914429437039227,10.0,2.0,1.0
4741,3.1780538303479458,0.0,0.0,1.0,0.3046110532496183,1.3074481199549146,0.8228858989863759,7.0,1.0,0.0
4742,3.6635616461296463,0.0,0.0,0.0,-0.24540869207694355,-1.2184705569895626,-0.8955275731734973,3.0,2.0,1.0
4743,3.5263605246161616,0.0,0.0,0.0,1.1036963436297176,-1.2184705569895626,1.5252465259751689,7.0,1.0,0.0
4744,3.6375861597263857,0.0,0.0,1.0,-0.19352003685745658,-1.2184705569895626,1.4226969887804495,2.0,2.0,0.0
4745,3.5263605246161616,1.0,0.0,0.0,0.1593228186350548,0.8161528291895339,-0.5462827438174889,4.0,2.0,0.0
4746,3.912023005428146,0.0,0.0,1.0,-1.0341162514131454,-1.2184705569895626,1.5624613028300784,4.0,1.0,1.0
4747,3.6888794541139363,0.0,1.0,0.0,0.8546307985761801,0.26473883469849174,0.43883956261383605,3.0,2.0,1.0
4748,3.784189633918261,0.0,1.0,1.0,0.5744320603909505,-1.2184705569895626,0.3118631445737687,10.0,2.0,0.0
4749,3.6635616461296463,0.0,0.0,1.0,-1.1897822170716064,-1.2184705569895626,0.7057548568733982,3.0,2.0,0.0
4750,3.5553480614894135,0.0,0.0,0.0,-1.2209154102032984,0.7276905112333353,-0.5259865881032786,7.0,2.0,1.0
4751,3.713572066704308,0.0,1.0,1.0,-0.7642952442718132,-0.20001279727329177,-0.44276337815313865,6.0,1.0,0.0
4752,3.4011973816621555,0.0,1.0,0.0,-1.397336837949554,-1.2184705569895626,0.05166605972018193,5.0,2.0,0.0
4753,4.204692619390966,0.0,0.0,1.0,2.058447599668278,-1.2184705569895626,-0.6273195799767349,4.0,2.0,1.0
4754,3.713572066704308,0.0,0.0,0.0,0.08667870132777303,1.4582628347786315,1.473096947061397,8.0,1.0,1.0
4755,3.784189633918261,0.0,1.0,0.0,1.010296764234641,0.7702387551075676,1.1605287771143487,1.0,1.0,1.0
4756,3.1354942159291497,0.0,1.0,0.0,-0.5152296992182758,1.0487617651822025,-1.217965634252766,7.0,1.0,0.0
4757,3.6635616461296463,1.0,0.0,0.0,0.23196693594233653,0.12209244637596293,-0.9564958451328297,10.0,1.0,0.0
4758,3.258096538021482,0.0,0.0,1.0,0.06592323923997824,-1.2184705569895626,1.2782177574774238,3.0,2.0,1.0
4759,3.6375861597263857,0.0,0.0,1.0,-1.397336837949554,0.5957160878364233,-1.1981872535802478,5.0,1.0,1.0
4760,3.6375861597263857,0.0,0.0,1.0,1.010296764234641,1.7445823961788118,0.5928086124362072,10.0,2.0,1.0
4761,3.713572066704308,0.0,0.0,1.0,0.719720295005514,0.6729055484319552,1.040528934400993,9.0,1.0,1.0
4762,3.2188758248682006,0.0,0.0,0.0,1.165962729893102,0.48244121926881844,0.2650613577125068,7.0,1.0,0.0
4763,3.4965075614664802,1.0,0.0,1.0,0.1593228186350548,0.44421706332248423,-1.3886837851803593,0.0,1.0,0.0
4764,3.58351893845611,0.0,0.0,0.0,1.1970959230247942,0.632022607573166,-1.260687291193479,6.0,1.0,1.0
4765,3.1354942159291497,0.0,0.0,1.0,0.49141021203977137,0.3720451266090747,-0.5586976957490014,9.0,1.0,0.0
4766,3.828641396489095,1.0,0.0,1.0,0.7612312191811036,0.6534874203949464,1.269803130649759,8.0,1.0,0.0
4767,3.6888794541139363,1.0,0.0,0.0,0.16970054967895218,0.7365479507215885,0.21760078991337609,0.0,1.0,0.0
4768,3.713572066704308,0.0,0.0,1.0,0.7300980260494114,-1.2184705569895626,0.19928254181309873,6.0,2.0,1.0
4769,3.5553480614894135,0.0,0.0,1.0,-1.0963826376765298,1.4291596592073326,-1.2985610228529598,4.0,2.0,1.0
4770,3.1780538303479458,1.0,0.0,1.0,0.5121656741275662,1.7611934775408136,-0.4141497870982701,5.0,2.0,1.0
4771,3.784189633918261,0.0,1.0,1.0,-1.1378935618521193,0.5998645352097652,-0.1893067576435176,6.0,1.0,0.0
4772,4.060443010546419,1.0,0.0,0.0,-0.36994146460371224,0.6538034773272109,0.06864379553991912,7.0,1.0,1.0
4773,3.4657359027997265,0.0,0.0,1.0,0.8234976054444879,0.9031818433678034,1.4784852500557182,1.0,1.0,1.0
4774,3.4965075614664802,0.0,1.0,0.0,-0.20389776790135397,-1.2184705569895626,-1.406679684413176,1.0,2.0,0.0
4775,3.6635616461296463,0.0,0.0,1.0,-0.9926053272375559,0.618888792905654,1.6131832622450804,2.0,1.0,0.0
4776,3.4965075614664802,0.0,0.0,1.0,-0.8473170926229924,0.6602195611400988,-0.6540931397131916,9.0,2.0,1.0
4777,3.332204510175204,1.0,0.0,1.0,1.0829408815419228,0.8933629439614904,-0.12394956849901378,1.0,1.0,0.0
4778,3.4011973816621555,1.0,0.0,1.0,-0.19352003685745658,0.6614173432628304,-1.21867257626738,6.0,1.0,0.0
4779,3.6635616461296463,0.0,0.0,0.0,0.8961417227517697,-1.2184705569895626,-0.5425313958324134,7.0,2.0,0.0
4780,3.6375861597263857,1.0,0.0,0.0,-1.521869610476323,0.7421386680269669,-0.829992692258473,10.0,2.0,1.0
4781,3.4965075614664802,0.0,0.0,1.0,0.055545508196080846,0.6840997918342928,-0.4747200781743138,3.0,2.0,1.0
4782,3.58351893845611,0.0,0.0,1.0,0.8961417227517697,1.3636865603809645,1.408295609766554,5.0,2.0,0.0
4783,3.6888794541139363,0.0,1.0,1.0,-1.4388477621251439,0.20714634489242026,0.8051339347379426,7.0,2.0,1.0
4784,3.6109179126442243,1.0,0.0,0.0,1.2593623092881785,0.47643213480842117,-1.669743483466704,4.0,1.0,1.0
4785,3.871201010907891,1.0,0.0,0.0,0.003656852976593882,0.8084869275381162,-1.0715839534849327,0.0,2.0,1.0
4786,3.4657359027997265,0.0,1.0,1.0,2.0273144065365853,-1.2184705569895626,-0.4190990766673821,5.0,2.0,1.0
4787,3.9318256327243257,0.0,0.0,1.0,1.7678711304391508,-1.2184705569895626,-1.5712071375118577,7.0,2.0,1.0
4788,3.7376696182833684,0.0,1.0,0.0,2.058447599668278,0.3817626764520015,-0.5085945279301656,3.0,2.0,0.0
4789,3.091042453358316,1.0,0.0,1.0,0.7819866812688984,1.2367301411958593,1.093005730449911,8.0,1.0,1.0
4790,3.8918202981106265,1.0,0.0,0.0,-0.5152296992182758,0.00789246283641022,0.4635955731280637,7.0,2.0,0.0
4791,3.58351893845611,0.0,0.0,0.0,1.6537160889562794,-1.2184705569895626,-1.7430675926785106,7.0,1.0,1.0
4792,3.6888794541139363,1.0,0.0,1.0,0.7923644123127958,1.2181271326330951,1.0566281217702027,6.0,1.0,0.0
4793,3.8066624897703196,0.0,1.0,1.0,-0.8161838994913002,-1.2184705569895626,-0.660812218452682,8.0,2.0,0.0
4794,3.332204510175204,1.0,0.0,0.0,2.058447599668278,0.5721629616572328,0.18037801519012603,8.0,2.0,1.0
4795,3.5263605246161616,0.0,0.0,0.0,-1.4077145689934516,0.8198164638015297,0.34088427918059394,7.0,1.0,1.0
4796,3.713572066704308,0.0,0.0,1.0,-0.35956373355981486,1.823750654963735,0.11504116844987944,5.0,2.0,1.0
4797,3.6888794541139363,0.0,0.0,0.0,1.9546702892293037,0.3020766222674108,-0.2772073296391943,1.0,1.0,0.0
4798,3.912023005428146,1.0,0.0,1.0,0.3046110532496183,1.070239226685669,1.510018758521662,8.0,1.0,0.0
4799,3.258096538021482,1.0,0.0,1.0,-1.1378935618521193,1.0123422078597564,-0.8008112525514328,8.0,1.0,0.0
4800,3.7612001156935624,0.0,0.0,0.0,0.6989648329177193,-1.2184705569895626,-1.2512392006828659,4.0,1.0,0.0
4801,3.5553480614894135,0.0,0.0,1.0,0.4395215568202844,0.829335477374949,0.02271586272820241,5.0,1.0,0.0
4802,3.8066624897703196,0.0,0.0,1.0,-1.469980955256836,-1.2184705569895626,1.3055132650564463,6.0,2.0,1.0
4803,3.6635616461296463,0.0,1.0,1.0,-0.06898726433068787,-0.12844559563240668,1.1446271023198076,1.0,1.0,1.0
4804,3.7612001156935624,0.0,0.0,0.0,0.32536651533741306,-1.2184705569895626,1.6987404588170063,8.0,2.0,1.0
4805,3.4339872044851463,1.0,0.0,0.0,-0.3180528093842253,0.39886481486124564,1.1271086410535747,2.0,2.0,1.0
4806,3.4339872044851463,1.0,0.0,0.0,1.0725631504980253,1.2507661751203678,-0.6562205726917504,6.0,2.0,1.0
4807,3.7376696182833684,0.0,0.0,0.0,1.2386068472003837,0.5156637022126118,0.6446824387589368,10.0,4.0,1.0
4808,3.1780538303479458,0.0,0.0,0.0,0.13856735654726,1.0818747329579772,0.25586293978747804,9.0,1.0,1.0
4809,3.5553480614894135,1.0,0.0,0.0,0.2527223980301313,0.2135047891431932,1.549320283546616,4.0,1.0,1.0
4810,3.367295829986474,0.0,0.0,1.0,-2.424732211295396,0.36243725204406124,0.3783153462141016,7.0,1.0,0.0
4811,3.713572066704308,0.0,0.0,1.0,0.08667870132777303,0.891043111696251,-1.0722303898868843,5.0,2.0,1.0
4812,3.58351893845611,0.0,0.0,0.0,-0.41145238877930185,-1.2184705569895626,-0.9097152700093402,3.0,1.0,1.0
4813,2.9444389791664403,1.0,0.0,0.0,0.667831639786027,0.8428450699654726,1.6846090947929528,3.0,1.0,0.0
4814,3.7612001156935624,0.0,0.0,1.0,0.719720295005514,0.4296481836682004,-1.7255124455379338,4.0,1.0,0.0
4815,3.6888794541139363,1.0,0.0,0.0,-0.9303389409741715,0.8720046042197284,-1.5748249558689884,6.0,1.0,0.0
4816,3.1780538303479458,1.0,0.0,1.0,-0.3388082714720201,0.9065896223679657,0.7560078977902656,5.0,1.0,1.0
4817,3.4965075614664802,0.0,0.0,0.0,2.058447599668278,0.48334776149297354,0.374707785992451,5.0,1.0,0.0
4818,3.713572066704308,1.0,0.0,1.0,0.19045601176674695,1.4225258259375655,1.3317617473496823,2.0,3.0,0.0
4819,3.6375861597263857,0.0,0.0,1.0,0.6574539087421296,1.4273858016832393,-0.2633209437997425,9.0,1.0,0.0
4820,3.4657359027997265,0.0,0.0,0.0,-0.34918600251591747,-1.2184705569895626,-1.238891535165435,4.0,2.0,0.0
4821,3.5553480614894135,1.0,0.0,0.0,-0.836939361579095,0.4104340356371212,1.6555651836480276,1.0,1.0,1.0
4822,3.6888794541139363,1.0,0.0,0.0,0.5017879430836688,1.0959312609490153,1.5514671895959162,5.0,2.0,1.0
4823,3.912023005428146,0.0,0.0,0.0,-0.5359851613060705,-1.2184705569895626,0.8285894223133327,6.0,1.0,1.0
4824,3.828641396489095,0.0,1.0,1.0,0.6470761776982322,1.1975923981900005,0.6860408068810097,8.0,2.0,1.0
4825,3.367295829986474,0.0,1.0,1.0,-0.5256074302621732,-1.2184705569895626,-1.4911853351650362,6.0,2.0,0.0
4826,3.5263605246161616,1.0,0.0,0.0,0.6782093708299244,0.41761912727456185,-1.3422398159939806,10.0,2.0,0.0
4827,4.356708826689592,1.0,0.0,0.0,0.22158920489843914,0.006538573566283714,-0.7099956314123664,10.0,2.0,1.0
4828,3.4657359027997265,0.0,0.0,1.0,1.2282291161564862,1.2639942945158957,1.4888736116964427,3.0,2.0,1.0
4829,3.8066624897703196,0.0,0.0,1.0,0.03479004610828606,0.18203679042622653,1.5328556283675885,8.0,1.0,1.0
4830,3.9318256327243257,1.0,0.0,1.0,-2.165288935197961,0.6581182788812129,-1.0013176379797222,3.0,1.0,0.0
4831,3.5263605246161616,1.0,0.0,1.0,0.10743416341556782,0.43821086084019284,1.082697695225997,0.0,1.0,1.0
4832,3.871201010907891,0.0,1.0,1.0,1.830137516702535,0.5407660517335414,-0.29244100856060506,1.0,2.0,0.0
4833,3.6888794541139363,0.0,0.0,1.0,-0.6708956648767367,-1.2184705569895626,1.2166872006004177,10.0,2.0,1.0
4834,3.4011973816621555,0.0,1.0,0.0,-1.2935595275105802,-0.7740700134115794,-0.05151409200651157,2.0,1.0,0.0
4835,3.6375861597263857,0.0,0.0,1.0,-0.8265616305351976,0.9116900831755758,0.1879812061146418,1.0,1.0,0.0
4836,3.9318256327243257,0.0,0.0,0.0,-0.3180528093842253,-1.2184705569895626,1.5878420164083762,5.0,2.0,0.0
4837,3.4657359027997265,0.0,0.0,1.0,-0.1623868437257644,-1.2184705569895626,-1.7047400689240608,6.0,2.0,1.0
4838,3.8918202981106265,0.0,1.0,0.0,1.165962729893102,-0.0017799360161932251,1.0065581624916498,1.0,1.0,0.0
4839,3.58351893845611,1.0,0.0,0.0,-0.5048519681743784,1.113103527492166,1.0910193033675284,9.0,1.0,0.0
4840,3.7612001156935624,1.0,0.0,1.0,-1.4492254931690411,0.285855248389265,-1.4883467873709901,9.0,2.0,0.0
4841,3.8501476017100584,0.0,0.0,0.0,-0.9926053272375559,-1.2184705569895626,0.15218465995653727,10.0,2.0,0.0
4842,3.6635616461296463,1.0,0.0,1.0,1.0725631504980253,0.5603008998838335,-1.4025550446166453,4.0,1.0,1.0
4843,3.6888794541139363,0.0,0.0,0.0,-0.6086292786133524,0.6660986363659476,1.6952387834175153,0.0,1.0,0.0
4844,3.58351893845611,0.0,0.0,1.0,-0.10012045746238005,0.7905293219611469,-0.15049518898776773,4.0,1.0,1.0
4845,3.8501476017100584,0.0,1.0,1.0,-0.42183011982319923,-1.2184705569895626,-0.9483552322291766,6.0,2.0,0.0
4846,3.8501476017100584,0.0,1.0,1.0,-1.397336837949554,-1.2184705569895626,-1.357177573786795,4.0,1.0,0.0
4847,3.4339872044851463,0.0,1.0,0.0,0.10743416341556782,-1.2184705569895626,0.998925761961021,9.0,2.0,1.0
4848,3.367295829986474,0.0,0.0,1.0,1.09331861258582,0.7174461998366339,0.5358253653108537,7.0,2.0,1.0
4849,3.6109179126442243,0.0,0.0,1.0,0.4706547499519766,-1.2184705569895626,-0.44633268770011736,7.0,2.0,1.0
4850,4.02535169073515,0.0,0.0,0.0,0.13856735654726,0.9646944638372825,-0.11581956146424682,8.0,1.0,1.0
4851,3.4339872044851463,1.0,0.0,1.0,-0.152009112681867,0.7451421695428495,-0.6052870174991326,6.0,2.0,0.0
4852,3.784189633918261,0.0,0.0,0.0,-0.14163138163796962,1.1169080588115545,0.7360163565398048,3.0,1.0,1.0
4853,4.127134385045092,0.0,1.0,1.0,-0.9199612099302741,0.09734618126098935,0.11119871431240408,1.0,1.0,0.0
4854,3.970291913552122,0.0,0.0,0.0,-1.0963826376765298,-1.2184705569895626,0.6415869159777778,2.0,1.0,0.0
4855,3.7612001156935624,0.0,0.0,0.0,0.4187660947324896,-1.2184705569895626,0.7787774812221107,2.0,2.0,0.0
4856,3.713572066704308,1.0,0.0,0.0,-1.4492254931690411,1.239817860516388,-1.3445139924699163,8.0,2.0,0.0
4857,3.4657359027997265,0.0,0.0,0.0,0.4187660947324896,-1.2184705569895626,-0.14956222025918428,2.0,2.0,0.0
4858,3.258096538021482,0.0,1.0,1.0,1.6018274337367924,-1.2184705569895626,-1.4251747549504583,7.0,2.0,0.0
4859,3.6109179126442243,1.0,0.0,0.0,1.6744715510440742,0.35201681976311916,-1.2821638279547172,6.0,1.0,1.0
4860,4.143134726391533,0.0,0.0,1.0,-1.2209154102032984,-1.2184705569895626,-1.00265745479345,2.0,2.0,0.0
4861,4.2626798770413155,0.0,0.0,0.0,-0.9614721341058636,-1.2184705569895626,0.392338391282153,9.0,1.0,1.0
4862,3.58351893845611,0.0,1.0,0.0,0.9687858400590514,-1.2184705569895626,0.2807914260711344,8.0,2.0,1.0
4863,3.044522437723423,0.0,0.0,1.0,-0.40107465773540446,-1.2184705569895626,0.8551195686655146,3.0,2.0,1.0
4864,3.7612001156935624,0.0,0.0,1.0,1.1140740746736149,0.4694108355933241,0.3647335748383991,4.0,1.0,1.0
4865,3.58351893845611,0.0,1.0,1.0,0.5121656741275662,1.3383867953597908,-0.5086931103507967,10.0,2.0,1.0
4866,3.8066624897703196,0.0,0.0,1.0,1.9754257513170985,1.0431166105126042,0.4883893127168538,3.0,4.0,1.0
4867,3.6109179126442243,0.0,1.0,1.0,-0.12087591955017483,-1.2184705569895626,1.2620144239530855,4.0,1.0,0.0
4868,3.4657359027997265,0.0,0.0,0.0,0.7819866812688984,-0.3828237133568024,1.0423687918527018,2.0,2.0,1.0
4869,3.6375861597263857,0.0,0.0,1.0,0.02441231506438867,0.1195446176205795,-0.9281799138735882,6.0,1.0,0.0
4870,4.04305126783455,1.0,0.0,0.0,0.5640543293470531,1.0167151293055576,-0.24424237660701367,3.0,1.0,1.0
4871,3.4339872044851463,0.0,0.0,0.0,-0.3076750783403279,0.5087796171773278,1.677176119370726,4.0,1.0,1.0
4872,3.912023005428146,1.0,0.0,1.0,0.6055652535226427,0.849586977414206,1.6140990181700616,10.0,1.0,1.0
4873,3.713572066704308,0.0,1.0,0.0,0.1593228186350548,1.1271725440549962,-1.4129868729331334,1.0,1.0,0.0
4874,4.219507705176107,0.0,0.0,0.0,1.6018274337367924,-1.2184705569895626,0.06110180569487815,1.0,2.0,1.0
4875,3.295836866004329,1.0,0.0,0.0,-0.5152296992182758,0.6015658629515301,1.6939810316876285,8.0,1.0,0.0
4876,3.9512437185814275,1.0,0.0,1.0,-0.152009112681867,0.4576051325028818,-0.7852573111629981,1.0,1.0,0.0
4877,3.6888794541139363,1.0,0.0,1.0,-1.6256469209152968,0.7068832697493517,-1.5695131542240108,8.0,2.0,1.0
4878,4.1588830833596715,0.0,0.0,1.0,-0.785050706359608,-0.08720641025776704,-0.37338726016756035,9.0,1.0,0.0
4879,3.367295829986474,0.0,0.0,1.0,-2.2067998593735507,0.5583686936738183,0.662356858457808,7.0,2.0,0.0
4880,4.060443010546419,0.0,1.0,1.0,-0.5774960854816601,-1.2184705569895626,-0.48733602001455584,6.0,2.0,1.0
4881,3.713572066704308,1.0,0.0,1.0,-0.5463628923499679,0.9823404955590406,-1.5007857329075238,10.0,2.0,1.0
4882,3.828641396489095,0.0,1.0,1.0,0.1593228186350548,-1.2184705569895626,1.0992499792233632,3.0,2.0,0.0
4883,3.7612001156935624,1.0,0.0,0.0,-1.2624263343788882,0.3818030241454822,-0.053771229545548124,0.0,1.0,1.0
4884,3.58351893845611,0.0,0.0,1.0,-0.1623868437257644,0.3102294181088066,1.1971670119819335,9.0,1.0,0.0
4885,3.912023005428146,0.0,0.0,0.0,0.7300980260494114,1.4745404072298394,0.701278832469997,3.0,1.0,0.0
4886,3.1780538303479458,1.0,0.0,0.0,-0.22465322998914877,0.9904777607406445,1.2890348744078777,4.0,1.0,1.0
4887,3.6109179126442243,1.0,0.0,0.0,-0.10012045746238005,0.7748332686477225,-0.7394041410335942,2.0,3.0,1.0
4888,3.6109179126442243,1.0,0.0,1.0,0.5225434051714636,0.23149233527048343,1.2837896637101693,9.0,2.0,0.0
4889,3.871201010907891,1.0,0.0,0.0,0.36687743951300267,0.2420405352474473,1.0156284406565281,1.0,1.0,0.0
4890,3.871201010907891,0.0,1.0,1.0,0.4602770189080792,0.4908402641283618,-0.344953447283649,1.0,1.0,1.0
4891,3.7612001156935624,0.0,1.0,1.0,1.010296764234641,2.3402541278904843,0.01178051643967248,9.0,1.0,0.0
4892,3.6375861597263857,0.0,1.0,0.0,1.0310522263224358,0.37900750538289846,-0.792230061422243,3.0,2.0,0.0
4893,3.6635616461296463,1.0,0.0,0.0,1.3838950818149471,0.4979035121358868,0.799216903099637,9.0,1.0,0.0
4894,3.58351893845611,0.0,0.0,1.0,-0.46334104399878884,-1.2184705569895626,0.23922337470517924,2.0,2.0,1.0
4895,3.5553480614894135,0.0,0.0,1.0,-1.366203644817862,-1.2184705569895626,0.07428750872102556,3.0,2.0,1.0
4896,3.4011973816621555,0.0,0.0,0.0,0.4395215568202844,0.3780471662341023,0.20666839935879802,5.0,1.0,0.0
4897,3.4339872044851463,0.0,0.0,1.0,-0.7642952442718132,1.4947851826535161,0.2043945706162685,4.0,1.0,0.0
4898,3.7612001156935624,0.0,1.0,1.0,0.8234976054444879,0.39933793960027403,1.595126683532898,9.0,1.0,1.0
4899,3.8066624897703196,0.0,0.0,0.0,-0.8992057478424793,-1.2184705569895626,-0.18827120756013288,1.0,2.0,1.0
4900,3.4339872044851463,0.0,0.0,1.0,0.3149887842935157,-1.2184705569895626,-1.7104635869218685,9.0,2.0,1.0
4901,3.9889840465642745,0.0,1.0,1.0,-1.2935595275105802,-1.2184705569895626,-0.8470737048998239,8.0,1.0,1.0
4902,3.713572066704308,0.0,0.0,1.0,-0.19352003685745658,1.1924322163916432,-1.1433590842392385,4.0,1.0,1.0
4903,4.02535169073515,0.0,1.0,1.0,-1.0341162514131454,-1.2184705569895626,-1.044892806565723,3.0,1.0,1.0
4904,3.6375861597263857,0.0,0.0,0.0,0.003656852976593882,0.2578794065870013,1.6911755185671622,4.0,1.0,1.0
4905,3.6109179126442243,0.0,0.0,0.0,0.5744320603909505,-1.2184705569895626,-0.028175268988870593,6.0,1.0,0.0
4906,4.290459441148391,0.0,1.0,1.0,-1.4388477621251439,0.3650652958567217,-0.33347720168192035,3.0,1.0,1.0
4907,3.6109179126442243,0.0,0.0,1.0,-0.7124065890523262,-1.2184705569895626,-1.6492943250538068,8.0,2.0,1.0
4908,3.5553480614894135,0.0,0.0,0.0,0.5951875224787453,0.5694715143262455,-0.7546098274158134,2.0,1.0,0.0
4909,3.6888794541139363,0.0,1.0,0.0,0.4395215568202844,-1.2184705569895626,-0.008819384404771972,9.0,2.0,0.0
4910,3.295836866004329,0.0,0.0,0.0,-0.7020288580084288,1.1237165719765096,0.08126634431487728,0.0,1.0,0.0
4911,3.58351893845611,0.0,0.0,0.0,-0.4322078508670966,0.09292474651707429,-0.6747436357682244,7.0,1.0,1.0
4912,3.258096538021482,1.0,0.0,0.0,1.4357837370344342,1.2293818975756536,-0.7340043628368714,5.0,1.0,0.0
4913,3.58351893845611,0.0,1.0,0.0,1.300873233463768,-1.2184705569895626,-1.4461114355987166,3.0,2.0,1.0
4914,4.143134726391533,0.0,0.0,0.0,-0.28691961625253315,0.7855228456617633,0.8863761074734947,7.0,2.0,1.0
4915,3.828641396489095,0.0,1.0,1.0,-0.6708956648767367,-1.2184705569895626,1.0128347504718698,6.0,1.0,0.0
4916,4.343805421853684,0.0,0.0,0.0,-0.6397624717450445,1.3589734054087892,-1.5053850288033896,5.0,1.0,1.0
4917,3.7612001156935624,1.0,0.0,1.0,-0.6812733959206341,0.8101936990163033,-1.0214493157928441,6.0,2.0,0.0
4918,3.5553480614894135,0.0,1.0,1.0,1.747115668351356,0.3379330730899711,-0.7107314352996876,10.0,1.0,1.0
4919,3.58351893845611,1.0,0.0,0.0,-1.6464023830030916,1.6365706600718974,1.6864609490471725,8.0,1.0,0.0
4920,4.0943445622221,1.0,0.0,1.0,1.6744715510440742,0.9442684440127327,1.5162005891487178,2.0,1.0,0.0
4921,3.295836866004329,0.0,0.0,1.0,-0.05860953328679048,1.0206370211778084,1.1173540235454786,4.0,1.0,0.0
4922,3.912023005428146,0.0,0.0,1.0,0.5951875224787453,1.2527374481447051,-1.071657325233621,4.0,2.0,1.0
4923,3.784189633918261,0.0,0.0,1.0,-0.6397624717450445,0.07964923459269614,1.429114061056736,7.0,2.0,1.0
4924,3.4657359027997265,0.0,0.0,1.0,-2.3001994387686273,-1.2184705569895626,-0.08304099353773922,5.0,1.0,0.0
4925,4.110873864173311,0.0,0.0,0.0,0.27347786011792613,-1.2184705569895626,-0.9842547074754888,2.0,2.0,1.0
4926,3.9512437185814275,1.0,0.0,0.0,1.0310522263224358,1.1523533474243601,0.7994411911465755,7.0,1.0,0.0
4927,3.4011973816621555,0.0,1.0,1.0,1.4357837370344342,-0.4810370441239339,1.5534358822745877,3.0,2.0,1.0
4928,3.4965075614664802,0.0,0.0,1.0,-1.604891458827502,-1.2184705569895626,-0.5749227626112215,8.0,2.0,0.0
4929,3.713572066704308,0.0,0.0,0.0,0.481032480995874,0.4636718565253943,0.12838352537547768,7.0,3.0,0.0
4930,3.828641396489095,1.0,0.0,0.0,1.3112509645076653,1.37771811122842,1.2883519259982847,1.0,2.0,0.0
4931,3.7612001156935624,0.0,0.0,1.0,1.3112509645076653,-1.2184705569895626,0.10025415308861235,6.0,2.0,1.0
4932,3.6109179126442243,0.0,0.0,1.0,-0.28691961625253315,-1.2184705569895626,-0.2726461105512969,6.0,2.0,0.0
4933,3.5263605246161616,1.0,0.0,0.0,2.058447599668278,0.937859565145109,0.2216219790215901,7.0,1.0,0.0
4934,3.6635616461296463,0.0,0.0,0.0,0.4706547499519766,1.6965838513769094,-0.8854646900008882,1.0,1.0,0.0
4935,3.6109179126442243,0.0,0.0,1.0,-0.6708956648767367,-1.2184705569895626,-1.4482346957764023,1.0,2.0,1.0
4936,4.110873864173311,0.0,0.0,1.0,0.9999190331907436,1.2205747325943566,0.4574787686479497,0.0,1.0,0.0
4937,3.7612001156935624,0.0,0.0,1.0,0.1593228186350548,-1.2184705569895626,0.1376615742505048,7.0,1.0,1.0
4938,3.713572066704308,1.0,0.0,0.0,0.37725517055690005,1.1940606941312903,1.6655576508059002,8.0,2.0,1.0
4939,4.0943445622221,0.0,0.0,0.0,0.6366984466543348,-1.2184705569895626,-0.6560201043831301,3.0,2.0,1.0
4940,3.6888794541139363,0.0,0.0,0.0,-1.1482712928960168,0.5402535399604009,-1.3064702191748494,6.0,1.0,0.0
4941,3.4657359027997265,0.0,0.0,1.0,1.7056047441757665,-1.2184705569895626,-1.2522556254289146,8.0,2.0,1.0
4942,3.8501476017100584,0.0,1.0,1.0,-0.5048519681743784,-1.2184705569895626,1.2874351268730855,2.0,2.0,0.0
4943,3.332204510175204,0.0,0.0,0.0,-0.8161838994913002,-1.2184705569895626,0.9930972284745694,4.0,2.0,1.0
4944,3.7376696182833684,0.0,0.0,1.0,-1.7398019623981682,-1.2184705569895626,-0.45490379456053015,5.0,1.0,1.0
4945,3.912023005428146,0.0,0.0,0.0,-1.0860049066326325,-1.2184705569895626,-0.6079137956488601,2.0,1.0,0.0
4946,3.6888794541139363,0.0,1.0,0.0,-1.6982910382225787,1.0319294119456361,-1.5298678947271207,9.0,1.0,0.0
4947,3.7612001156935624,0.0,0.0,0.0,0.44989928786418176,-1.2184705569895626,0.7005671960544004,0.0,2.0,1.0
4948,3.2188758248682006,0.0,1.0,1.0,-1.7190465003103734,-1.2184705569895626,-0.028314710084719318,1.0,1.0,0.0
4949,3.6888794541139363,1.0,0.0,0.0,-0.3906969266915071,0.7988696064893117,0.4801859339333984,8.0,1.0,1.0
4950,3.367295829986474,0.0,0.0,1.0,0.7404757570933088,-1.2184705569895626,0.4077972275840178,4.0,2.0,1.0
4951,3.58351893845611,0.0,0.0,0.0,-2.0718893558028846,-1.2184705569895626,1.1094500432246814,7.0,2.0,0.0
4952,3.784189633918261,0.0,1.0,0.0,-0.03785407119899569,0.08088240100217049,0.7667792877778168,7.0,1.0,1.0
4953,3.5263605246161616,0.0,0.0,1.0,0.19045601176674695,1.0423556081827898,-0.42030240811921304,2.0,2.0,0.0
4954,3.6375861597263857,0.0,1.0,1.0,0.8027421433566931,-1.2184705569895626,0.007498005676769304,10.0,2.0,0.0
4955,3.1354942159291497,0.0,0.0,0.0,0.4395215568202844,-1.2184705569895626,-1.5457718297888015,4.0,2.0,1.0
4956,3.367295829986474,0.0,0.0,0.0,0.02441231506438867,-1.2184705569895626,0.8847221135273498,7.0,2.0,0.0
4957,3.8501476017100584,0.0,0.0,0.0,-0.40107465773540446,1.4681030288009478,-0.9743648216724177,8.0,1.0,1.0
4958,3.9318256327243257,0.0,0.0,1.0,-0.11049818850627745,1.2406690047169548,0.5299368478118486,6.0,2.0,1.0
4959,3.5553480614894135,0.0,0.0,1.0,0.5848097914348479,-1.2184705569895626,0.3655823920827048,3.0,1.0,1.0
4960,3.58351893845611,0.0,1.0,1.0,0.6989648329177193,0.3959165512590566,1.1227908353499518,1.0,1.0,1.0
4961,3.258096538021482,0.0,0.0,0.0,-0.006720878067303511,-1.2184705569895626,0.45778946844630564,8.0,2.0,1.0
4962,4.110873864173311,0.0,0.0,1.0,0.33574424638131045,0.6478276957249246,0.3447152581156677,2.0,1.0,0.0
4963,4.02535169073515,0.0,0.0,0.0,-0.06898726433068787,-1.2184705569895626,-1.4267842390206218,7.0,2.0,1.0
4964,3.332204510175204,0.0,0.0,0.0,-0.9303389409741715,-1.2184705569895626,-1.2569564594793636,3.0,2.0,0.0
4965,3.5553480614894135,0.0,0.0,1.0,-0.836939361579095,0.37182161319598367,1.488661668185421,1.0,2.0,1.0
4966,3.58351893845611,1.0,0.0,1.0,0.3564997084691052,0.5322161833531303,-0.25015975597872564,2.0,2.0,1.0
4967,3.367295829986474,0.0,0.0,0.0,-0.29729734729643054,-1.2184705569895626,-1.0293538177137511,4.0,2.0,0.0
4968,3.5263605246161616,0.0,1.0,1.0,2.058447599668278,0.3902569866989298,0.6277951136247872,3.0,2.0,1.0
4969,3.4965075614664802,0.0,0.0,0.0,0.2942333222057209,-1.2184705569895626,0.8737313037605461,5.0,1.0,1.0
4970,3.7612001156935624,0.0,0.0,0.0,-1.2520486033349907,-1.2184705569895626,-0.17202058229256395,2.0,2.0,1.0
4971,3.9512437185814275,0.0,0.0,1.0,1.217851385112589,1.2916327847698912,-1.046216801509473,9.0,2.0,0.0
4972,3.6375861597263857,0.0,0.0,0.0,0.1178118944594652,-1.2184705569895626,1.4740304373900897,7.0,1.0,1.0
4973,3.7376696182833684,0.0,0.0,1.0,0.014034584020491275,0.42695353413931797,-0.7783567155855203,8.0,1.0,0.0
4974,4.02535169073515,0.0,0.0,0.0,-0.10012045746238005,-1.2184705569895626,0.01885532645360938,7.0,2.0,1.0
4975,3.871201010907891,1.0,0.0,1.0,0.6366984466543348,0.31850405758011807,1.6882098742131844,1.0,1.0,0.0
4976,3.1780538303479458,1.0,0.0,0.0,0.5225434051714636,0.3630186110719502,0.24641554474367727,7.0,1.0,0.0
4977,3.258096538021482,1.0,0.0,0.0,1.7056047441757665,1.1888673695847172,-1.1242299218359215,2.0,2.0,1.0
4978,4.276666119016055,0.0,0.0,0.0,1.09331861258582,0.19184352148053718,0.9372489831867471,0.0,2.0,1.0
4979,4.060443010546419,0.0,0.0,0.0,-1.5841359967397073,-1.2184705569895626,0.5379625348247836,1.0,1.0,0.0
4980,3.6109179126442243,0.0,0.0,1.0,1.0725631504980253,-1.2184705569895626,1.3279691929559831,8.0,2.0,0.0
4981,3.58351893845611,1.0,0.0,0.0,1.9754257513170985,0.7020170497177816,-0.9078157762784841,9.0,1.0,0.0
4982,3.4011973816621555,0.0,1.0,1.0,-1.4180923000373489,1.1993897918686238,-1.576281089507059,4.0,2.0,0.0
4983,3.5263605246161616,1.0,0.0,0.0,0.7923644123127958,1.1897766336770834,1.2228530354907925,9.0,2.0,0.0
4984,4.07753744390572,1.0,0.0,1.0,0.7819866812688984,0.49331924562899654,-1.296181309288271,5.0,1.0,0.0
4985,3.6375861597263857,1.0,0.0,1.0,-1.5945137277836046,0.5176471435889515,-1.4877120000381427,8.0,2.0,1.0
4986,4.127134385045092,1.0,0.0,0.0,1.1555849988492046,-0.1601138918277236,0.757189148170809,1.0,1.0,1.0
4987,4.0943445622221,0.0,0.0,0.0,-0.6501402027889419,-1.2184705569895626,0.44734077505962166,2.0,2.0,1.0
4988,3.970291913552122,0.0,0.0,0.0,0.6366984466543348,1.757836933706976,-0.9399532976708346,0.0,1.0,1.0
4989,3.828641396489095,0.0,0.0,0.0,-0.6397624717450445,0.0916802123050718,-0.8391384285724766,2.0,1.0,0.0
4990,3.5553480614894135,1.0,0.0,0.0,1.1763404609369994,0.9707041887372589,-0.9279801410317802,8.0,2.0,0.0
4991,3.871201010907891,0.0,0.0,1.0,1.0310522263224358,1.0658161908428065,1.083705426636893,5.0,2.0,0.0
4992,3.784189633918261,0.0,0.0,1.0,-1.127515830808222,-1.2184705569895626,-0.37508645945649904,9.0,2.0,1.0
4993,3.6375861597263857,0.0,0.0,1.0,1.0829408815419228,0.9049645069361085,-0.7208042288743707,3.0,1.0,1.0
4994,3.784189633918261,1.0,0.0,0.0,0.5536765983031557,1.1279044063839634,-1.571037617476381,10.0,1.0,1.0
4995,3.4965075614664802,0.0,0.0,1.0,-0.5256074302621732,0.2707578459723643,-0.23426573131911899,8.0,1.0,0.0
4996,3.7612001156935624,1.0,0.0,1.0,-0.2765418852086357,0.3833861907849112,-0.12172998616783678,6.0,1.0,0.0
4997,4.30406509320417,0.0,0.0,1.0,-1.5945137277836046,1.5072675101592323,1.1297279429350708,2.0,2.0,1.0
4998,3.7376696182833684,0.0,0.0,0.0,-0.6086292786133524,-1.2184705569895626,-0.6130649444602166,6.0,1.0,0.0
4999,3.6375861597263857,0.0,1.0,1.0,-0.1623868437257644,0.6249909012149093,-0.8336435452891837,1.0,1.0,0.0
5000,3.9512437185814275,0.0,0.0,1.0,-0.28691961625253315,0.7573084401163009,0.4762897549846797,10.0,2.0,1.0
5001,3.4657359027997265,0.0,0.0,1.0,0.6782093708299244,0.8585161461353137,-1.0302417549662437,4.0,1.0,0.0
5002,3.091042453358316,0.0,0.0,0.0,-0.8888280167985819,-1.2184705569895626,-1.6831134851980876,3.0,2.0,1.0
5003,3.970291913552122,0.0,0.0,1.0,0.21121147385454175,1.5035391911497518,-0.7654285091465948,8.0,1.0,0.0
5004,3.828641396489095,0.0,0.0,0.0,-0.027476340155098297,0.2671356798231126,1.2680900220245759,5.0,1.0,0.0
5005,3.4339872044851463,0.0,1.0,0.0,-1.7294242313542707,-1.2184705569895626,0.11537933918731783,7.0,1.0,0.0
5006,3.7376696182833684,0.0,1.0,1.0,1.248984578244281,0.31910030682822027,-0.42781153715737696,10.0,1.0,1.0
5007,3.7612001156935624,1.0,0.0,0.0,-1.553002803608015,0.895023283570196,-1.2557750352321173,0.0,1.0,1.0
5008,3.828641396489095,0.0,0.0,1.0,-0.027476340155098297,-1.2184705569895626,-0.4386149186182896,7.0,2.0,1.0
5009,3.5553480614894135,0.0,0.0,0.0,-0.8058061684474028,0.5799550299057248,-1.4333198883883909,5.0,2.0,1.0
5010,3.6635616461296463,0.0,1.0,1.0,-0.5671183544377627,-1.2184705569895626,-1.0280390377052628,1.0,2.0,0.0
5011,3.6375861597263857,1.0,0.0,0.0,0.27347786011792613,0.5969045835852586,0.6031900194088097,2.0,1.0,1.0
5012,3.970291913552122,0.0,1.0,1.0,-0.3388082714720201,-1.2184705569895626,0.39660421084156294,8.0,2.0,1.0
5013,4.174387269895637,0.0,1.0,0.0,-1.3246927206422725,-1.2184705569895626,0.6198061124861967,5.0,1.0,0.0
5014,3.5263605246161616,1.0,0.0,0.0,1.4461614680783315,0.8666359593383882,-0.8069390106338392,10.0,2.0,0.0
5015,3.4011973816621555,0.0,0.0,1.0,1.300873233463768,-1.2184705569895626,0.41829877644843005,2.0,2.0,0.0
5016,3.828641396489095,0.0,0.0,1.0,0.6055652535226427,-1.2184705569895626,-1.117556570039334,1.0,2.0,1.0
5017,3.8918202981106265,0.0,1.0,0.0,-0.2661641541647383,-1.2184705569895626,-0.08060998929564973,2.0,2.0,1.0
5018,4.0943445622221,0.0,0.0,0.0,0.5848097914348479,-1.2184705569895626,1.3777514028409827,2.0,1.0,0.0
5019,3.6635616461296463,0.0,1.0,0.0,2.058447599668278,-1.2184705569895626,1.372320676371117,3.0,2.0,1.0
5020,3.1354942159291497,0.0,0.0,0.0,-1.9058456591005264,0.0034663849055471055,1.6404641650210463,1.0,1.0,1.0
5021,3.6375861597263857,1.0,0.0,1.0,0.09705643237167041,0.5412662350447849,0.25395631752179676,7.0,2.0,0.0
5022,3.4011973816621555,0.0,0.0,1.0,-2.0926448178906796,0.6580142074496161,-0.990182344982681,7.0,1.0,1.0
5023,3.7612001156935624,0.0,0.0,0.0,-1.2209154102032984,1.099952260846125,-1.5291211372375073,9.0,1.0,1.0
5024,4.276666119016055,1.0,0.0,0.0,-0.785050706359608,1.027446495002132,1.6118131926250214,6.0,1.0,1.0
5025,3.295836866004329,0.0,0.0,1.0,-0.28691961625253315,-0.022739442010097727,-1.2031565378202111,9.0,2.0,0.0
5026,4.04305126783455,0.0,1.0,1.0,0.4706547499519766,0.555579579307025,-0.8728278841562798,5.0,1.0,1.0
5027,3.871201010907891,0.0,1.0,0.0,-1.1067603687204273,-1.2184705569895626,-1.0686047475281164,5.0,2.0,1.0
5028,3.6635616461296463,0.0,1.0,0.0,1.7574933993952533,-1.2184705569895626,0.4487518772216011,8.0,2.0,1.0
5029,3.8066624897703196,0.0,0.0,1.0,-0.46334104399878884,-1.2184705569895626,-0.33540973008635666,0.0,2.0,1.0
5030,3.7612001156935624,0.0,0.0,1.0,1.5499387785173055,-1.2184705569895626,-0.08044742392829492,6.0,2.0,1.0
5031,3.258096538021482,0.0,0.0,0.0,0.6159429845665401,-1.2184705569895626,-1.5778752733073536,7.0,3.0,1.0
5032,3.6888794541139363,1.0,0.0,1.0,-0.7435397821840184,0.697865720366334,0.6365254823851969,3.0,1.0,0.0
5033,3.784189633918261,0.0,0.0,0.0,-0.6812733959206341,0.9039183488837189,-0.5804445952334875,8.0,1.0,0.0
5034,3.6635616461296463,1.0,0.0,1.0,-0.3388082714720201,0.13688836186102254,1.4660956826628515,10.0,1.0,1.0
5035,3.367295829986474,0.0,1.0,1.0,0.5121656741275662,0.43740710916847636,-0.4194805402138808,1.0,1.0,1.0
5036,3.912023005428146,1.0,0.0,0.0,0.7404757570933088,1.2449085546204173,1.3984267618345525,0.0,1.0,1.0
5037,3.5553480614894135,0.0,0.0,0.0,-0.14163138163796962,-1.2184705569895626,1.7132562421215105,7.0,2.0,1.0
5038,3.7612001156935624,1.0,0.0,1.0,-0.11049818850627745,0.7311135006735002,1.1490076739032322,3.0,2.0,1.0
5039,3.4965075614664802,0.0,0.0,1.0,-1.023738520369248,-0.19245288837220795,0.15175590466680805,7.0,1.0,1.0
5040,4.204692619390966,1.0,0.0,1.0,0.667831639786027,0.7254540962232681,-1.5710749988175374,5.0,1.0,0.0
5041,3.7612001156935624,1.0,0.0,1.0,-0.34918600251591747,1.240374082290799,-0.41296279911652595,8.0,2.0,1.0
5042,3.713572066704308,0.0,0.0,1.0,-0.5256074302621732,0.3606473835304917,-0.3903933362598953,10.0,2.0,0.0
5043,3.4965075614664802,0.0,0.0,1.0,-0.3803191956476097,0.2577401109785564,-1.6982562318338015,7.0,1.0,1.0
5044,3.7376696182833684,1.0,0.0,0.0,-0.20389776790135397,0.09246731254773292,-1.161239709847931,3.0,1.0,1.0
5045,3.713572066704308,1.0,0.0,1.0,-0.46334104399878884,0.23203782968194536,1.4112231773125636,5.0,1.0,1.0
5046,3.9318256327243257,0.0,1.0,1.0,0.8650085296200775,-1.2184705569895626,1.151798408353939,9.0,1.0,0.0
5047,3.5263605246161616,0.0,0.0,0.0,0.18007828072284957,-1.2184705569895626,0.1180509749464331,9.0,2.0,1.0
5048,3.58351893845611,0.0,0.0,1.0,-0.3803191956476097,-1.2184705569895626,0.8754710139912961,7.0,2.0,0.0
5049,3.5263605246161616,0.0,0.0,0.0,1.6225828958245871,0.4389369592129486,0.2343116403439268,2.0,1.0,0.0
5050,3.7612001156935624,1.0,0.0,0.0,0.8027421433566931,0.3425336708061272,-1.7113489161738153,4.0,2.0,0.0
5051,3.6375861597263857,0.0,0.0,0.0,0.10743416341556782,-1.2184705569895626,-0.8554610346551095,6.0,2.0,0.0
5052,3.6375861597263857,0.0,0.0,0.0,0.9791635711029488,-1.2184705569895626,1.2276427154265017,4.0,2.0,1.0
5053,3.970291913552122,1.0,0.0,0.0,1.9650480202732012,0.5808929536692538,-0.25932079256259805,3.0,1.0,0.0
5054,3.828641396489095,1.0,0.0,0.0,-0.28691961625253315,1.2128835335795656,-0.5500645184755988,5.0,1.0,0.0
5055,3.7612001156935624,0.0,0.0,1.0,1.5706942406051003,-1.2184705569895626,1.6697382756808137,5.0,1.0,0.0
5056,3.970291913552122,0.0,1.0,1.0,1.352761888683255,-1.2184705569895626,-0.8288481277522739,4.0,1.0,1.0
5057,3.5263605246161616,1.0,0.0,0.0,0.6782093708299244,0.6352374541501373,-0.32901126154729626,0.0,1.0,1.0
5058,3.1780538303479458,0.0,1.0,0.0,-0.4737187750426862,-0.09101206234641868,-0.16578624392118607,10.0,1.0,1.0
5059,3.1780538303479458,0.0,0.0,1.0,-1.1171380997643245,0.3261288109885815,-1.1280527290359517,1.0,1.0,0.0
5060,3.713572066704308,0.0,0.0,1.0,-0.06898726433068787,0.885553423734469,1.6382558840255677,6.0,1.0,1.0
5061,3.828641396489095,0.0,1.0,1.0,1.902781634009817,0.3860248018506262,0.9066510514499325,3.0,1.0,0.0
5062,3.6375861597263857,0.0,0.0,0.0,0.13856735654726,1.349529163156225,1.4450199086521502,5.0,1.0,1.0
5063,3.5263605246161616,0.0,1.0,1.0,0.08667870132777303,-1.2184705569895626,-1.2303997115216143,4.0,1.0,0.0
5064,3.8501476017100584,0.0,0.0,0.0,-2.424732211295396,-1.2184705569895626,-0.33759332201000153,9.0,1.0,1.0
5065,3.58351893845611,0.0,1.0,1.0,-2.445487673383191,-1.2184705569895626,0.33524091373289366,8.0,1.0,0.0
5066,3.784189633918261,1.0,0.0,1.0,0.8650085296200775,0.7537632868264308,1.673327753765347,10.0,2.0,1.0
5067,3.6635616461296463,0.0,1.0,1.0,0.8131198744005905,0.6846974820714479,1.093381804128615,5.0,1.0,1.0
5068,3.713572066704308,0.0,1.0,1.0,-1.8643347349249368,-1.2184705569895626,-0.5264174297934443,4.0,1.0,0.0
5069,3.5263605246161616,0.0,0.0,0.0,-0.4840965060865836,-1.2184705569895626,-0.2908899437026675,4.0,2.0,1.0
5070,3.7376696182833684,0.0,1.0,0.0,-0.3906969266915071,1.6621602240025946,-1.4911667314278094,7.0,1.0,0.0
5071,4.007333185232471,0.0,1.0,1.0,2.058447599668278,0.5136913084190109,-1.327261721126058,7.0,2.0,0.0
5072,3.8066624897703196,0.0,1.0,1.0,-0.8161838994913002,-1.2184705569895626,0.11636690206065996,9.0,2.0,0.0
5073,3.6888794541139363,0.0,1.0,0.0,-1.1690267549838116,-0.22495215492135126,-0.7072228052320744,6.0,1.0,1.0
5074,3.713572066704308,0.0,0.0,0.0,0.719720295005514,-1.2184705569895626,0.3851006681674551,7.0,2.0,1.0
5075,3.6109179126442243,0.0,1.0,0.0,-1.3350704516861698,0.6016673726248106,-1.5167061853059947,8.0,1.0,0.0
5076,3.871201010907891,1.0,0.0,0.0,0.7612312191811036,0.4608809809497584,-0.2400878317375579,1.0,1.0,0.0
5077,3.6888794541139363,0.0,1.0,1.0,-0.40107465773540446,0.6740509746190987,-1.3407852471562378,8.0,1.0,0.0
5078,3.4965075614664802,1.0,0.0,1.0,-0.05860953328679048,0.4690525096488418,-0.38806091443843693,8.0,1.0,0.0
5079,3.9318256327243257,0.0,0.0,1.0,-0.9614721341058636,1.3865550566501434,0.871371411000005,5.0,1.0,0.0
5080,3.6888794541139363,1.0,0.0,1.0,-0.3284305404281227,1.335166825266187,-0.34510714544914795,9.0,1.0,0.0
5081,3.6635616461296463,1.0,0.0,1.0,-0.5463628923499679,0.20829481316756443,0.9877073606799207,9.0,1.0,0.0
5082,3.6375861597263857,0.0,1.0,1.0,-1.1378935618521193,-1.2184705569895626,-1.7321336373236051,8.0,1.0,1.0
5083,3.9512437185814275,0.0,0.0,1.0,0.8546307985761801,0.6794316277425463,0.2865524992768015,1.0,1.0,1.0
5084,3.58351893845611,1.0,0.0,1.0,0.33574424638131045,0.38211219635227195,1.32922468441873,3.0,1.0,1.0
5085,3.7376696182833684,0.0,0.0,0.0,-0.3906969266915071,0.7278006668409331,-1.7357545852813907,8.0,1.0,1.0
5086,3.58351893845611,1.0,0.0,0.0,-1.8539570038810396,0.8870502911406203,1.5496589758841632,7.0,1.0,0.0
5087,3.58351893845611,0.0,0.0,1.0,-0.7020288580084288,1.369128535594107,0.8312022911268159,6.0,2.0,1.0
5088,3.5263605246161616,0.0,1.0,1.0,0.5848097914348479,-1.2184705569895626,0.6638564587716418,3.0,2.0,0.0
5089,3.784189633918261,0.0,0.0,1.0,-0.22465322998914877,-1.2184705569895626,-1.1491415430493817,9.0,2.0,1.0
5090,4.3694478524670215,0.0,1.0,1.0,0.07630097028387564,1.2100066789904416,-0.8772030658719101,2.0,1.0,1.0
5091,3.6888794541139363,0.0,1.0,1.0,0.958408109015154,0.3051632208186761,-1.4086944517681563,4.0,1.0,0.0
5092,3.7376696182833684,1.0,0.0,0.0,1.3631396197271524,0.48894936627119584,1.330335344917834,5.0,1.0,0.0
5093,4.110873864173311,0.0,0.0,1.0,-0.5567406233938653,-1.2184705569895626,1.69165087013331,4.0,1.0,0.0
5094,3.713572066704308,1.0,0.0,1.0,-1.5633805346519125,0.6172787278039047,0.4538725993599235,5.0,1.0,0.0
5095,3.8918202981106265,0.0,1.0,0.0,-2.787952797831805,0.31551336485581666,0.648013724789436,8.0,1.0,0.0
5096,3.9318256327243257,0.0,0.0,1.0,0.6782093708299244,0.2274140160310483,0.42067536041246406,9.0,1.0,1.0
5097,3.5263605246161616,0.0,0.0,1.0,0.34612197742520784,-1.2184705569895626,-0.7297712302176356,6.0,1.0,0.0
5098,3.828641396489095,0.0,1.0,0.0,-0.442585581910994,0.20846565042527787,1.7182496938331981,4.0,1.0,1.0
5099,3.912023005428146,1.0,0.0,0.0,0.6470761776982322,1.0312478241236251,0.7212625497188206,5.0,1.0,0.0
5100,3.258096538021482,0.0,1.0,1.0,1.456539199122229,1.0688947838993337,0.5252116724229722,8.0,1.0,1.0
5101,3.367295829986474,1.0,0.0,1.0,-1.4907364173446307,0.32200790251713923,0.8255585779457094,0.0,2.0,0.0
5102,3.8066624897703196,0.0,1.0,0.0,-0.152009112681867,1.3052229126374808,0.3481317388306628,0.0,1.0,1.0
5103,3.332204510175204,0.0,0.0,0.0,-2.2794439766808328,-0.22034851511719464,-0.8094645983623898,6.0,2.0,0.0
5104,3.4011973816621555,0.0,0.0,0.0,-1.2624263343788882,-1.2184705569895626,0.3654664229917684,5.0,2.0,0.0
5105,3.871201010907891,0.0,0.0,1.0,-0.5256074302621732,-0.18688154436409612,-0.06803960053160753,1.0,2.0,1.0
5106,3.912023005428146,0.0,0.0,1.0,0.44989928786418176,1.3346182887667246,0.6156630428191423,9.0,1.0,0.0
5107,3.713572066704308,1.0,0.0,1.0,1.0725631504980253,0.981932855766971,1.3272514712057797,2.0,2.0,0.0
5108,3.258096538021482,0.0,1.0,1.0,-0.9614721341058636,-1.2184705569895626,1.091707815511619,5.0,2.0,1.0
5109,3.58351893845611,0.0,1.0,1.0,-0.1831423058135592,-1.2184705569895626,-1.4068565068501813,3.0,2.0,1.0
5110,3.1354942159291497,1.0,0.0,1.0,-0.10012045746238005,0.5717585240630584,1.4363853404451232,10.0,2.0,1.0
5111,3.6109179126442243,0.0,1.0,1.0,0.6782093708299244,0.4304985273192934,-0.8909924340910581,2.0,2.0,1.0
5112,3.044522437723423,0.0,0.0,0.0,-1.0963826376765298,-1.2184705569895626,-1.3895851101689871,6.0,1.0,1.0
5113,3.713572066704308,0.0,0.0,0.0,-1.5633805346519125,-1.2184705569895626,0.721818575435185,2.0,2.0,0.0
5114,3.332204510175204,0.0,0.0,1.0,-1.3558259137739646,0.7240761904689269,1.1091376047592947,4.0,1.0,1.0
5115,3.58351893845611,0.0,0.0,0.0,0.27347786011792613,-1.2184705569895626,0.43617992365723174,4.0,1.0,0.0
5116,3.6888794541139363,0.0,0.0,1.0,1.352761888683255,-1.2184705569895626,-1.155894004195858,8.0,2.0,1.0
5117,4.248495242049359,0.0,1.0,0.0,-0.2765418852086357,0.5038309405499544,1.4240580173319497,1.0,1.0,1.0
5118,3.7376696182833684,1.0,0.0,0.0,-0.42183011982319923,0.6100939563862534,1.1063192255028025,2.0,1.0,0.0
5119,3.5553480614894135,0.0,0.0,1.0,-0.017098609111200903,0.47878302839324455,0.7400467605832807,4.0,1.0,1.0
5120,3.9318256327243257,0.0,0.0,0.0,0.34612197742520784,0.2903850775319353,-0.8652862420446449,6.0,2.0,1.0
5121,3.6635616461296463,0.0,0.0,0.0,1.0725631504980253,-1.2184705569895626,-1.3856564181467974,1.0,2.0,0.0
5122,3.295836866004329,0.0,0.0,0.0,-1.8643347349249368,-1.2184705569895626,0.13875206621205438,5.0,2.0,0.0
5123,3.6109179126442243,0.0,0.0,0.0,-1.3039372585544777,-1.2184705569895626,-0.046312174117863335,0.0,2.0,0.0
5124,3.8501476017100584,1.0,0.0,0.0,-1.6879133071786812,0.2555020948695417,0.8135511695661537,8.0,1.0,0.0
5125,3.2188758248682006,1.0,0.0,1.0,-1.9369788522322187,0.6572953140221245,0.47487743575577873,5.0,1.0,1.0
5126,3.6109179126442243,0.0,0.0,1.0,-1.5011141483885282,0.11914146090556298,0.6903054093734982,4.0,1.0,0.0
5127,3.6635616461296463,0.0,0.0,1.0,-0.8784502857546845,0.8257933661730794,-0.9564129107154733,6.0,2.0,0.0
5128,3.912023005428146,1.0,0.0,1.0,1.7886265925269456,0.9146972672190381,-0.5658651767156659,8.0,1.0,1.0
5129,3.5553480614894135,0.0,0.0,1.0,0.1178118944594652,-1.2184705569895626,1.3908632125183327,7.0,2.0,1.0
5130,3.713572066704308,0.0,1.0,0.0,-0.6190070096572498,1.9888900818522202,0.22278306086457922,2.0,1.0,1.0
5131,3.6375861597263857,0.0,0.0,1.0,0.014034584020491275,0.9565818555794725,0.7728291535772551,7.0,1.0,0.0
5132,3.6109179126442243,0.0,1.0,0.0,-0.3180528093842253,0.6442268241916764,0.961694815502728,7.0,1.0,1.0
5133,3.8066624897703196,0.0,1.0,0.0,1.2074736540686914,-0.24815015735395465,1.3494608561203874,6.0,1.0,1.0
5134,3.4965075614664802,0.0,0.0,0.0,0.06592323923997824,-1.2184705569895626,0.9796251669884934,9.0,2.0,0.0
5135,4.0943445622221,0.0,0.0,1.0,-0.3803191956476097,-1.2184705569895626,1.1326591616818442,8.0,2.0,1.0
5136,4.04305126783455,1.0,0.0,0.0,0.33574424638131045,0.8243072261298775,-0.3449132840752435,3.0,3.0,1.0
5137,3.5553480614894135,0.0,1.0,1.0,-0.23503096103304616,-1.2184705569895626,1.393780348062159,8.0,2.0,1.0
5138,3.828641396489095,0.0,0.0,1.0,-0.006720878067303511,1.4377780546227028,-1.3453245590395504,2.0,2.0,0.0
5139,3.7376696182833684,1.0,0.0,1.0,0.5121656741275662,1.1967061899224802,0.472779560116739,0.0,1.0,1.0
5140,3.7612001156935624,1.0,0.0,1.0,-1.9058456591005264,1.689559670183707,1.2559626456199138,9.0,2.0,0.0
5141,3.58351893845611,0.0,1.0,0.0,0.3564997084691052,-1.2184705569895626,1.030077806880466,4.0,2.0,1.0
5142,3.4339872044851463,0.0,1.0,1.0,0.4083883636885922,-1.2184705569895626,-1.555554961436198,9.0,2.0,1.0
5143,3.258096538021482,0.0,0.0,1.0,0.18007828072284957,1.3088405957096794,-1.0934017905842643,1.0,1.0,0.0
5144,3.7376696182833684,1.0,0.0,1.0,-1.7501796934420655,0.6761809165491476,1.0904345896451604,1.0,1.0,0.0
5145,3.912023005428146,1.0,0.0,1.0,-1.0548717135009402,0.5236365345322928,-0.6778083841429429,0.0,3.0,0.0
5146,3.295836866004329,1.0,0.0,0.0,1.591449702692895,-0.5345952449116301,-1.2443570349759117,8.0,2.0,1.0
5147,3.6375861597263857,0.0,1.0,1.0,-0.152009112681867,-1.2184705569895626,1.488839186089238,8.0,1.0,1.0
5148,3.713572066704308,0.0,0.0,1.0,-1.6360246519591943,-1.2184705569895626,1.002174635174273,7.0,2.0,1.0
5149,3.6375861597263857,0.0,1.0,1.0,-0.07936499537458526,-1.2184705569895626,-0.06934551333824,9.0,2.0,1.0
5150,4.219507705176107,0.0,0.0,1.0,0.07630097028387564,1.1188436273293594,0.5322391906936789,4.0,1.0,1.0
5151,3.1354942159291497,0.0,0.0,0.0,0.27347786011792613,0.671865794775356,1.6516071081530221,6.0,2.0,1.0
5152,3.6635616461296463,0.0,1.0,1.0,-0.34918600251591747,0.8065031659419872,-0.14707036267102594,5.0,1.0,0.0
5153,3.58351893845611,0.0,0.0,1.0,0.5744320603909505,-1.2184705569895626,-0.10924027155401124,2.0,3.0,1.0
5154,3.4965075614664802,0.0,1.0,1.0,-0.017098609111200903,0.8979857969530189,1.354422837958822,1.0,2.0,1.0
5155,3.7376696182833684,0.0,0.0,0.0,-0.152009112681867,-1.2184705569895626,0.7832011717478926,9.0,2.0,0.0
5156,3.6888794541139363,1.0,0.0,0.0,0.5640543293470531,0.5890086040150644,-1.6292636637951585,8.0,1.0,1.0
5157,3.5553480614894135,0.0,0.0,1.0,1.1763404609369994,0.25190122333629367,0.6580660020931589,9.0,1.0,0.0
5158,3.8501476017100584,0.0,1.0,1.0,0.3149887842935157,-1.2184705569895626,-1.6652432915915782,4.0,1.0,1.0
5159,3.4657359027997265,0.0,0.0,0.0,1.4357837370344342,-1.2184705569895626,-0.2834816573522745,9.0,2.0,0.0
5160,3.6888794541139363,1.0,0.0,1.0,0.16970054967895218,0.0607434582189328,-1.0773632826944204,4.0,1.0,0.0
5161,3.7612001156935624,0.0,0.0,0.0,-0.836939361579095,0.5239308165188693,-0.7801882274354824,4.0,3.0,0.0
5162,3.367295829986474,0.0,0.0,1.0,1.902781634009817,1.400440747383468,0.9411055205271698,2.0,2.0,1.0
5163,3.6109179126442243,0.0,0.0,0.0,1.3838950818149471,0.950032240114351,1.5682032506984098,4.0,1.0,0.0
5164,3.828641396489095,1.0,0.0,0.0,-0.03785407119899569,0.6850207439489769,-0.8483754449055831,5.0,1.0,0.0
5165,3.4011973816621555,0.0,0.0,0.0,2.058447599668278,-1.2184705569895626,1.7272679858538638,10.0,2.0,1.0
5166,3.970291913552122,1.0,0.0,1.0,-0.25578642312084093,-5.277942626273465e-06,1.3354190334484062,1.0,2.0,1.0
5167,3.8501476017100584,0.0,1.0,0.0,0.429143825776387,1.2105459291160074,1.3962356936426759,3.0,1.0,0.0
5168,3.332204510175204,1.0,0.0,0.0,0.4602770189080792,0.32065497390638126,-1.642129104354282,2.0,2.0,1.0
5169,3.871201010907891,1.0,0.0,0.0,1.2074736540686914,0.4555201814532617,-0.9092221840394813,5.0,1.0,0.0
5170,3.7376696182833684,0.0,0.0,1.0,2.058447599668278,-1.2184705569895626,0.49484324473418795,3.0,2.0,0.0
5171,3.6635616461296463,1.0,0.0,0.0,0.4083883636885922,0.6188506867507001,0.12577048269529148,5.0,1.0,0.0
5172,3.7612001156935624,0.0,0.0,1.0,-0.06898726433068787,-1.2184705569895626,0.8584793688353146,6.0,1.0,0.0
5173,3.871201010907891,1.0,0.0,0.0,0.3564997084691052,1.5183829794933459,1.2648541888140534,5.0,1.0,0.0
5174,4.060443010546419,0.0,1.0,1.0,0.5640543293470531,-1.2184705569895626,-1.4342286896452499,7.0,1.0,0.0
5175,3.713572066704308,0.0,0.0,1.0,0.49141021203977137,-1.2184705569895626,0.9118411464027733,7.0,1.0,1.0
5176,3.4339872044851463,0.0,1.0,0.0,-0.8576948236668898,1.0155144652047208,-1.1684002361464734,3.0,1.0,1.0
5177,3.6635616461296463,0.0,0.0,1.0,0.4083883636885922,-1.2184705569895626,-0.9697900409816822,1.0,2.0,0.0
5178,3.9512437185814275,0.0,0.0,0.0,-0.24540869207694355,0.7665928926938906,-1.0412031812602316,3.0,2.0,1.0
5179,3.7376696182833684,0.0,1.0,1.0,-0.6190070096572498,-1.2184705569895626,-0.6002786132509824,0.0,2.0,0.0
5180,3.7612001156935624,0.0,0.0,0.0,0.23196693594233653,-1.2184705569895626,-1.671529616107169,9.0,2.0,0.0
5181,3.367295829986474,0.0,1.0,0.0,0.6159429845665401,-1.2184705569895626,-0.11251487703931484,5.0,2.0,1.0
5182,3.6635616461296463,0.0,0.0,0.0,1.2904955024198705,1.5005870849100884,1.1972532498666482,2.0,1.0,0.0
5183,3.6375861597263857,0.0,0.0,1.0,0.7923644123127958,-1.2184705569895626,-0.4907820580690699,0.0,2.0,1.0
5184,3.6888794541139363,0.0,1.0,1.0,0.09705643237167041,0.9050506460594917,-1.0713426265010948,6.0,1.0,0.0
5185,3.6635616461296463,1.0,0.0,1.0,-0.5982515475694549,-0.20695324099153264,-1.4946487598898557,6.0,2.0,1.0
5186,3.5553480614894135,0.0,0.0,1.0,-0.03785407119899569,-1.2184705569895626,1.1736092907851485,0.0,1.0,1.0
5187,4.219507705176107,0.0,0.0,0.0,0.6885871018738219,-1.2184705569895626,-0.30686099131172684,7.0,3.0,1.0
5188,3.9889840465642745,0.0,0.0,0.0,1.1555849988492046,-1.2184705569895626,-0.40385009747610257,4.0,1.0,0.0
5189,3.295836866004329,0.0,0.0,1.0,1.1452072678053071,0.8698232670134601,1.2680898481578733,6.0,1.0,0.0
5190,3.4965075614664802,1.0,0.0,1.0,0.7923644123127958,-0.22858312711481502,0.9683269608906913,5.0,1.0,1.0
5191,3.258096538021482,0.0,1.0,1.0,1.4461614680783315,-1.2184705569895626,-0.1871676755958543,7.0,1.0,0.0
5192,3.58351893845611,0.0,1.0,1.0,-0.03785407119899569,-1.2184705569895626,0.3906388442598081,7.0,2.0,0.0
5193,3.6635616461296463,0.0,1.0,1.0,-0.9614721341058636,1.1171221257408543,-0.7670981510960144,3.0,1.0,0.0
5194,3.367295829986474,0.0,0.0,1.0,-0.006720878067303511,0.055411478503493504,-0.4476010452988905,10.0,1.0,1.0
5195,3.7612001156935624,1.0,0.0,1.0,0.5848097914348479,1.6107090694299955,0.07603973735439552,9.0,2.0,1.0
5196,3.828641396489095,0.0,0.0,1.0,0.6574539087421296,-1.2184705569895626,-0.7891350602411932,4.0,2.0,1.0
5197,4.1588830833596715,0.0,0.0,0.0,-0.41145238877930185,0.8064925986889327,0.8191618480736796,2.0,1.0,1.0
5198,3.367295829986474,0.0,0.0,0.0,1.8924039029659194,-1.2184705569895626,-0.45455293155376897,6.0,1.0,0.0
5199,3.8066624897703196,0.0,0.0,1.0,-0.006720878067303511,-1.2184705569895626,0.03649566827868252,2.0,3.0,0.0
5200,3.5553480614894135,0.0,1.0,1.0,-0.23503096103304616,-1.2184705569895626,1.5633473275488374,6.0,2.0,0.0
5201,3.784189633918261,1.0,0.0,1.0,0.34612197742520784,0.5201543044310649,1.6409056125800987,9.0,2.0,1.0
5202,3.9512437185814275,1.0,0.0,1.0,-1.7294242313542707,1.0910280555317549,-0.8574784100106355,7.0,2.0,0.0
5203,3.5553480614894135,0.0,0.0,0.0,2.0169366754926883,1.0613119792832983,-0.5570280537995818,10.0,2.0,1.0
5204,3.6109179126442243,0.0,1.0,1.0,-0.7642952442718132,1.2995449354394566,0.7146251883297654,1.0,2.0,0.0
5205,3.5553480614894135,0.0,0.0,0.0,1.8820261719220222,1.0991491496139874,1.148242138809689,3.0,1.0,0.0
5206,3.9318256327243257,0.0,0.0,1.0,0.5225434051714636,-1.2184705569895626,-0.09530415983748648,3.0,2.0,0.0
5207,3.8501476017100584,0.0,0.0,1.0,0.7300980260494114,-1.2184705569895626,1.3818477023649158,5.0,2.0,0.0
5208,3.2188758248682006,0.0,0.0,1.0,-0.6397624717450445,0.8058234994387128,-0.7241579437095635,7.0,1.0,0.0
5209,3.713572066704308,0.0,0.0,1.0,1.7990043235708428,0.8999149610750333,0.2902045693744337,6.0,1.0,0.0
5210,3.8066624897703196,1.0,0.0,1.0,-0.6916511269645315,1.4052160249948118,0.20693493701457857,7.0,1.0,1.0
5211,3.4657359027997265,1.0,0.0,1.0,-1.0444939824570427,0.09913492900529562,-0.15415091028616387,9.0,2.0,1.0
5212,3.58351893845611,0.0,1.0,1.0,-0.22465322998914877,-1.2184705569895626,1.502120168068659,1.0,2.0,0.0
5213,3.044522437723423,1.0,0.0,1.0,-0.5567406233938653,1.6682122179147885,-1.2323426719282338,8.0,2.0,1.0
5214,3.8066624897703196,0.0,0.0,1.0,0.7612312191811036,-1.2184705569895626,0.2942667910245682,5.0,1.0,1.0
5215,3.58351893845611,0.0,0.0,1.0,-1.5633805346519125,0.37879920240980997,-1.5098544462720749,6.0,1.0,1.0
5216,3.5553480614894135,0.0,0.0,1.0,-0.36994146460371224,-1.2184705569895626,-1.2999842956841532,10.0,2.0,0.0
5217,4.007333185232471,0.0,0.0,1.0,-0.6916511269645315,0.17617180487111714,-0.783880634608223,8.0,1.0,1.0
5218,3.4339872044851463,0.0,1.0,0.0,0.6263207156104375,-1.2184705569895626,0.9038752695356885,6.0,2.0,0.0
5219,3.58351893845611,0.0,0.0,1.0,-2.424732211295396,-1.2184705569895626,-0.20087063206358494,7.0,2.0,1.0
5220,3.8918202981106265,0.0,0.0,1.0,-0.29729734729643054,0.6783414394690965,1.0111906669277988,5.0,1.0,1.0
5221,3.367295829986474,0.0,1.0,1.0,-0.8680725547107871,0.8195567655522221,-0.9531334369624841,1.0,1.0,0.0
5222,3.58351893845611,0.0,0.0,0.0,-1.0133607893253507,-1.2184705569895626,1.3274404643119984,8.0,2.0,1.0
5223,3.828641396489095,0.0,0.0,0.0,0.23196693594233653,-0.057758838302830316,0.6886945343697105,6.0,1.0,1.0
5224,4.189654742026425,0.0,0.0,1.0,-0.11049818850627745,-0.6046089002436177,-1.1792251770785647,6.0,1.0,0.0
5225,3.713572066704308,0.0,0.0,0.0,2.058447599668278,0.37968973364448894,1.105068428441038,9.0,1.0,1.0
5226,3.4339872044851463,0.0,0.0,0.0,-1.9266011211883212,-1.2184705569895626,1.6265805610488437,3.0,1.0,0.0
5227,3.4657359027997265,1.0,0.0,1.0,0.14894508759115738,0.7542767592589399,0.20387644784116998,3.0,2.0,1.0
5228,3.5553480614894135,0.0,0.0,1.0,0.24234466698623391,0.7768082241996397,1.0994681819356948,1.0,2.0,1.0
5229,3.8501476017100584,0.0,1.0,1.0,0.5536765983031557,-1.2184705569895626,0.29282734858999104,7.0,2.0,0.0
5230,3.4657359027997265,0.0,1.0,1.0,0.8961417227517697,0.04671462923968879,-1.422665336825292,9.0,1.0,1.0
5231,3.58351893845611,0.0,1.0,0.0,0.10743416341556782,-1.2184705569895626,-1.7040221733071543,6.0,2.0,0.0
5232,3.5263605246161616,0.0,0.0,1.0,-0.6708956648767367,1.1537748030700772,0.39109767848916543,8.0,1.0,0.0
5233,3.367295829986474,0.0,0.0,1.0,2.058447599668278,0.38241992757000887,1.6717502611685453,8.0,1.0,0.0
5234,3.6375861597263857,1.0,0.0,1.0,1.7990043235708428,0.6716393993841594,-0.8368228718212143,6.0,1.0,1.0
5235,3.784189633918261,0.0,0.0,1.0,0.14894508759115738,0.9875354212045615,0.324587579236716,7.0,2.0,1.0
5236,3.6375861597263857,0.0,0.0,1.0,0.7923644123127958,0.7459098964882441,0.11381732072708808,3.0,2.0,0.0
5237,3.8918202981106265,0.0,0.0,0.0,-0.46334104399878884,0.575894803084398,1.2716090840943723,4.0,3.0,0.0
5238,3.713572066704308,1.0,0.0,1.0,-0.3284305404281227,0.5138722326000946,-0.8816597910712723,5.0,2.0,0.0
5239,3.784189633918261,0.0,0.0,1.0,-1.2728040654227855,0.2804198376818081,-0.03620999707036423,6.0,2.0,0.0
5240,3.5553480614894135,1.0,0.0,1.0,0.6159429845665401,0.9184805039224224,-0.9989450529498584,4.0,2.0,1.0
5241,3.970291913552122,1.0,0.0,1.0,-1.2416708722910934,0.5554185087528922,0.8393150853579802,3.0,1.0,0.0
5242,4.110873864173311,0.0,0.0,0.0,1.5603165095612028,0.2687431831665456,-1.0598507328960916,3.0,1.0,0.0
5243,3.5553480614894135,1.0,0.0,0.0,1.1452072678053071,0.36009900714092413,1.5884288165311806,8.0,1.0,1.0
5244,3.295836866004329,1.0,0.0,1.0,1.248984578244281,1.2216124048223238,-0.36542068783366355,7.0,2.0,0.0
5245,3.367295829986474,1.0,0.0,0.0,0.5640543293470531,0.7816758852202627,-0.8716311596391647,6.0,2.0,1.0
5246,3.6888794541139363,1.0,0.0,0.0,0.3564997084691052,1.3069684307102012,1.0847423676539025,4.0,2.0,0.0
5247,3.1780538303479458,0.0,1.0,1.0,-0.7642952442718132,-1.2184705569895626,0.203314336790199,8.0,2.0,0.0
5248,3.332204510175204,0.0,0.0,1.0,-1.7501796934420655,0.027275046476781487,-1.7096208550121699,1.0,1.0,1.0
5249,2.995732273553991,1.0,0.0,0.0,-0.8265616305351976,1.0015664917223321,-1.4651654875863152,1.0,1.0,1.0
5250,3.58351893845611,0.0,1.0,0.0,0.6989648329177193,-1.2184705569895626,1.1254584721748968,8.0,1.0,1.0
5251,3.332204510175204,1.0,0.0,1.0,-1.3350704516861698,-0.23077487146424291,0.8107034068368455,8.0,2.0,0.0
5252,3.7612001156935624,0.0,0.0,0.0,-0.12087591955017483,1.6010507602481316,-1.600035453944997,5.0,1.0,1.0
5253,3.5263605246161616,0.0,0.0,1.0,-0.4322078508670966,0.568069431977795,0.23492660687262581,4.0,1.0,0.0
5254,4.02535169073515,0.0,1.0,1.0,-0.017098609111200903,0.6967387068170884,-1.2269801012059642,9.0,1.0,1.0
5255,3.7612001156935624,0.0,1.0,1.0,-0.35956373355981486,-0.0960062101839053,0.3546783418007243,0.0,1.0,1.0
5256,3.784189633918261,1.0,0.0,1.0,-1.366203644817862,1.196069432871003,-1.3057086830154763,3.0,3.0,1.0
5257,3.6888794541139363,0.0,0.0,1.0,0.18007828072284957,0.694074638278106,1.2369616229767464,3.0,1.0,1.0
5258,3.6109179126442243,0.0,1.0,1.0,0.532921136215361,0.9445415914932005,0.7550747551949795,7.0,1.0,0.0
5259,3.784189633918261,0.0,0.0,1.0,-0.19352003685745658,-1.2184705569895626,-0.9072609676290414,5.0,2.0,1.0
5260,3.8066624897703196,0.0,0.0,0.0,0.3564997084691052,-0.3370076265304316,1.413986614690891,7.0,1.0,0.0
5261,3.7376696182833684,0.0,1.0,1.0,1.217851385112589,-0.0575151510429991,-1.2989157109271885,1.0,1.0,0.0
5262,3.6109179126442243,0.0,1.0,0.0,-0.36994146460371224,-1.2184705569895626,-1.521593926062226,6.0,1.0,1.0
5263,3.713572066704308,0.0,1.0,0.0,0.481032480995874,0.2553961021192078,0.7519828836145844,0.0,1.0,1.0
5264,3.6635616461296463,1.0,0.0,1.0,-0.1831423058135592,1.158049417040493,-0.7715434010929751,2.0,1.0,1.0
5265,3.4965075614664802,0.0,0.0,1.0,1.4150282749466394,0.5760344189126325,-0.19234351347904455,4.0,1.0,0.0
5266,3.6109179126442243,0.0,1.0,0.0,1.4669169301661262,-1.2184705569895626,0.8443346170751258,0.0,1.0,0.0
5267,3.713572066704308,1.0,0.0,0.0,0.8961417227517697,0.6293446094733388,1.3913771624925577,1.0,2.0,0.0
5268,3.332204510175204,0.0,0.0,0.0,-1.8747124659688343,-1.2184705569895626,0.38617186092496575,4.0,2.0,0.0
5269,3.4339872044851463,0.0,0.0,0.0,0.9480303779712567,0.8152996035603353,0.6667718556484379,1.0,1.0,1.0
5270,4.060443010546419,1.0,0.0,1.0,-0.4322078508670966,0.4937143968492748,1.498403767290897,6.0,2.0,1.0
5271,3.58351893845611,0.0,0.0,1.0,-0.5982515475694549,0.9246527403655844,-0.6097440904319008,2.0,1.0,1.0
5272,4.219507705176107,0.0,1.0,1.0,0.19045601176674695,1.3227868079832252,0.31602203611080076,6.0,1.0,1.0
5273,3.828641396489095,1.0,0.0,0.0,1.217851385112589,0.8097184928486428,0.4118453660312051,5.0,1.0,0.0
5274,3.828641396489095,1.0,0.0,0.0,-1.366203644817862,0.7522643379916479,-1.0325750461212173,1.0,1.0,1.0
5275,4.1588830833596715,0.0,1.0,0.0,0.481032480995874,-1.2184705569895626,1.27175530599164,5.0,1.0,1.0
5276,4.174387269895637,0.0,0.0,0.0,-0.4840965060865836,0.8558443923213824,-1.5096758851680394,2.0,1.0,1.0
5277,3.4011973816621555,0.0,0.0,1.0,0.2527223980301313,0.8943373727810255,1.5445886750897264,7.0,1.0,0.0
5278,3.4657359027997265,0.0,0.0,1.0,-0.9095834788863767,0.5511787987395347,-0.23246881894306423,0.0,1.0,1.0
5279,3.2188758248682006,0.0,1.0,1.0,-0.1727645747696618,1.0262250166149753,0.7390124275668168,4.0,1.0,1.0
5280,3.6888794541139363,0.0,0.0,1.0,-2.3520880939881144,-1.2184705569895626,1.6829432779110003,4.0,2.0,0.0
5281,3.8918202981106265,0.0,0.0,0.0,-0.11049818850627745,1.1406115281819285,0.9915152153434882,3.0,1.0,1.0
5282,3.6888794541139363,0.0,0.0,1.0,-0.7539175132279158,-1.2184705569895626,-1.0525794535077044,5.0,2.0,1.0
5283,3.4011973816621555,0.0,0.0,0.0,0.6263207156104375,0.18050213708491106,1.1434037761971252,3.0,2.0,0.0
5284,3.828641396489095,1.0,0.0,0.0,2.058447599668278,0.8190685904830858,1.605014656802236,5.0,1.0,1.0
5285,3.7376696182833684,0.0,0.0,1.0,0.1593228186350548,-1.2184705569895626,1.1605685925893474,6.0,2.0,0.0
5286,3.258096538021482,0.0,1.0,0.0,-0.4737187750426862,1.141336665895316,-0.9553844891669138,3.0,3.0,0.0
5287,3.4339872044851463,0.0,0.0,0.0,0.429143825776387,0.830812010824465,-0.8688830225307062,6.0,1.0,1.0
5288,3.4011973816621555,1.0,0.0,0.0,-1.5841359967397073,1.1519807716992434,0.31630961163765087,6.0,1.0,0.0
5289,3.713572066704308,0.0,0.0,0.0,0.38763290160079744,-1.2184705569895626,0.3306136252978362,1.0,2.0,1.0
5290,3.784189633918261,0.0,1.0,1.0,-1.283181796466683,0.34218254980690904,1.0326268666139289,7.0,2.0,1.0
5291,3.5553480614894135,0.0,1.0,0.0,-0.8576948236668898,-1.2184705569895626,0.58360515237679,3.0,1.0,0.0
5292,3.6375861597263857,0.0,1.0,0.0,1.9131593650537142,-1.2184705569895626,0.1893950901438704,10.0,2.0,0.0
5293,3.367295829986474,0.0,1.0,0.0,-0.5463628923499679,0.8122639199556049,-0.6883069772734033,4.0,2.0,0.0
5294,3.4657359027997265,1.0,0.0,1.0,-0.2765418852086357,0.026271957986083287,-0.43632909307324963,4.0,2.0,0.0
5295,4.174387269895637,1.0,0.0,0.0,0.5536765983031557,1.2387241498252535,0.8022621784036135,3.0,3.0,0.0
5296,3.4965075614664802,1.0,0.0,1.0,0.4602770189080792,0.1332031124132337,-0.8365871085718742,4.0,1.0,1.0
5297,3.58351893845611,0.0,0.0,1.0,-0.733162051140121,-1.2184705569895626,-0.24423872540624944,4.0,2.0,1.0
5298,3.7376696182833684,0.0,0.0,1.0,-0.3284305404281227,-1.2184705569895626,0.6411816326929609,3.0,2.0,1.0
5299,4.290459441148391,0.0,1.0,0.0,0.10743416341556782,1.027898805454841,1.370545671199647,7.0,1.0,1.0
5300,3.9318256327243257,1.0,0.0,1.0,-0.22465322998914877,0.8528857215760338,-0.9155116381557272,3.0,4.0,1.0
5301,3.4657359027997265,0.0,0.0,1.0,1.1452072678053071,0.6658203653688475,1.0243033459386637,7.0,1.0,1.0
5302,3.4657359027997265,1.0,0.0,0.0,-0.7642952442718132,0.41607022415261236,1.5202021313194867,5.0,4.0,0.0
5303,4.23410650459726,1.0,0.0,0.0,1.8924039029659194,0.865668255134433,-0.1272546006573517,9.0,2.0,1.0
5304,3.6888794541139363,0.0,0.0,1.0,-0.7642952442718132,-1.2184705569895626,-0.5192944587027616,2.0,2.0,0.0
5305,4.276666119016055,1.0,0.0,1.0,1.3320064265954603,1.0638999956222681,0.38381927056595316,9.0,2.0,1.0
5306,4.127134385045092,0.0,1.0,1.0,-0.3803191956476097,-1.2184705569895626,0.8657963751666048,9.0,2.0,0.0
5307,3.713572066704308,0.0,0.0,1.0,0.6782093708299244,0.3544657006035384,0.18179242081946378,0.0,1.0,0.0
5308,3.9318256327243257,0.0,0.0,1.0,-0.22465322998914877,-1.2184705569895626,-0.36605617063332296,8.0,2.0,1.0
5309,3.9889840465642745,0.0,0.0,1.0,-0.442585581910994,-1.2184705569895626,-0.8362717143725358,7.0,2.0,1.0
5310,3.6635616461296463,0.0,0.0,1.0,1.0725631504980253,1.165764952759288,-0.34799646232048564,9.0,1.0,0.0
5311,3.4011973816621555,1.0,0.0,0.0,-2.8605969151390864,0.6235415864475033,0.3288791310681778,4.0,4.0,0.0
5312,3.4339872044851463,0.0,0.0,1.0,0.8234976054444879,-1.2184705569895626,1.4630950911015594,7.0,2.0,1.0
5313,3.091042453358316,1.0,0.0,0.0,0.21121147385454175,-0.6462107345298984,-1.2456045285703183,1.0,1.0,0.0
5314,3.6109179126442243,0.0,1.0,1.0,0.2942333222057209,-1.2184705569895626,-1.3965335190898043,7.0,2.0,0.0
5315,3.784189633918261,0.0,0.0,1.0,0.532921136215361,-1.2184705569895626,-1.5774339996150044,8.0,2.0,0.0
5316,3.8501476017100584,1.0,0.0,0.0,0.6055652535226427,0.7113394483404304,1.1502273488251502,10.0,1.0,0.0
5317,3.8501476017100584,0.0,0.0,0.0,-1.5841359967397073,-1.2184705569895626,-0.468983520173777,6.0,2.0,0.0
5318,3.4965075614664802,0.0,0.0,1.0,1.3942728128588446,-1.2184705569895626,0.5682158627561468,9.0,2.0,0.0
5319,3.9512437185814275,1.0,0.0,1.0,-0.8265616305351976,0.34660478510029796,1.609709579384781,8.0,3.0,1.0
5320,3.7376696182833684,0.0,0.0,0.0,1.4669169301661262,1.0519911817595973,0.04329072676740691,3.0,1.0,0.0
5321,3.4339872044851463,0.0,0.0,0.0,1.300873233463768,-1.2184705569895626,0.2639414822781411,4.0,2.0,1.0
5322,3.4657359027997265,1.0,0.0,1.0,-0.7539175132279158,0.23128419240728992,-1.4192940614530904,2.0,2.0,1.0
5323,3.871201010907891,1.0,0.0,1.0,0.18007828072284957,-0.19818978601150594,1.4169607785133187,0.0,2.0,1.0
5324,3.8066624897703196,1.0,0.0,0.0,-1.5322473415202202,0.8929477790043668,1.001566623313696,0.0,2.0,1.0
5325,4.189654742026425,0.0,0.0,0.0,-0.7435397821840184,0.4915713259078552,0.12969413258309265,9.0,3.0,0.0
5326,3.58351893845611,0.0,1.0,1.0,0.6989648329177193,0.7503188426603675,0.65722327018346,3.0,1.0,1.0
5327,3.091042453358316,0.0,1.0,0.0,0.36687743951300267,-1.2184705569895626,0.9447229911508942,8.0,2.0,1.0
5328,3.5263605246161616,0.0,1.0,1.0,-2.2586885145930378,-1.2184705569895626,-1.6985312889580315,3.0,1.0,1.0
5329,3.295836866004329,1.0,0.0,1.0,-0.017098609111200903,2.2134363638742447,0.4935039495205693,4.0,2.0,0.0
5330,3.6109179126442243,1.0,0.0,1.0,-0.2661641541647383,1.690264473940459,-0.7458907599911023,2.0,2.0,1.0
5331,3.4339872044851463,0.0,0.0,1.0,-1.4803586863007334,-1.2184705569895626,1.3938471128761312,6.0,2.0,0.0
5332,4.110873864173311,1.0,0.0,0.0,0.5225434051714636,1.000613197408906,-1.0239827275230322,5.0,2.0,1.0
5333,3.7376696182833684,0.0,0.0,1.0,0.32536651533741306,0.3137254176609842,1.4593475681839514,6.0,2.0,1.0
5334,3.6635616461296463,0.0,0.0,0.0,-0.41145238877930185,0.5525925691103031,1.6182059235628807,7.0,1.0,1.0
5335,3.367295829986474,0.0,0.0,1.0,-0.22465322998914877,-1.2184705569895626,-1.1793715728425356,9.0,2.0,0.0
5336,3.58351893845611,1.0,0.0,1.0,-0.11049818850627745,0.4420541387541139,1.6001460413833404,2.0,1.0,1.0
5337,3.5553480614894135,1.0,0.0,0.0,-0.3180528093842253,0.24266864636460767,-0.9662448989064277,2.0,2.0,0.0
5338,3.6888794541139363,0.0,0.0,1.0,-1.2624263343788882,-1.2184705569895626,1.6950570927128246,2.0,2.0,0.0
5339,3.784189633918261,1.0,0.0,0.0,1.2074736540686914,0.851174787240583,-1.4132085529795262,2.0,2.0,0.0
5340,3.2188758248682006,0.0,1.0,0.0,-0.733162051140121,1.3305383684283416,0.036277987166459864,10.0,1.0,1.0
5341,3.6375861597263857,0.0,1.0,0.0,1.3631396197271524,0.9700661508066233,1.6944937645949323,1.0,1.0,0.0
5342,3.367295829986474,0.0,0.0,0.0,1.2697400403320758,-0.07746308272178291,-0.5506657495347564,1.0,2.0,1.0
5343,3.5553480614894135,0.0,0.0,1.0,-1.1482712928960168,0.8428410672181035,0.5984462402827067,3.0,1.0,0.0
5344,3.6635616461296463,1.0,0.0,1.0,0.9687858400590514,-0.1762286325159563,0.6914005957360305,5.0,2.0,1.0
5345,3.7612001156935624,0.0,0.0,1.0,-1.0341162514131454,0.9222158677672727,0.01110000216392233,9.0,2.0,0.0
5346,3.4657359027997265,0.0,0.0,1.0,-0.7227843200962236,-1.2184705569895626,-1.1594172390665278,2.0,2.0,1.0
5347,3.58351893845611,0.0,0.0,0.0,-1.8539570038810396,-0.10382773865303385,0.746138528258155,6.0,1.0,0.0
5348,4.204692619390966,0.0,1.0,0.0,-1.2416708722910934,-1.2184705569895626,0.2572484835441089,3.0,1.0,1.0
5349,3.9318256327243257,1.0,0.0,0.0,0.18007828072284957,0.5851816573104092,1.1467366270279515,4.0,1.0,0.0
5350,3.4657359027997265,1.0,0.0,1.0,0.5640543293470531,0.6551367124209129,-0.7996435637737277,1.0,2.0,0.0
5351,4.23410650459726,0.0,0.0,0.0,-1.6671578450908864,0.5038573586825904,0.23062896970655736,3.0,1.0,1.0
5352,3.828641396489095,1.0,0.0,0.0,-0.36994146460371224,0.747582244339057,-0.6681566957230545,4.0,1.0,1.0
5353,3.5263605246161616,0.0,1.0,1.0,-0.7539175132279158,-1.2184705569895626,-0.7930880936018104,1.0,2.0,1.0
5354,3.6109179126442243,0.0,0.0,1.0,0.8338753364883853,0.802049228889435,0.5692602800413873,7.0,1.0,1.0
5355,3.5553480614894135,0.0,0.0,0.0,-0.8058061684474028,1.231097314988158,0.5956657639674805,7.0,1.0,1.0
5356,3.367295829986474,0.0,0.0,1.0,0.23196693594233653,-1.2184705569895626,0.895308509342852,5.0,1.0,1.0
5357,3.6888794541139363,0.0,0.0,1.0,-0.4840965060865836,-1.2184705569895626,0.3289034724066051,7.0,1.0,1.0
5358,3.4011973816621555,0.0,0.0,0.0,0.3046110532496183,1.1534589062477072,-0.8416869667058302,2.0,1.0,1.0
5359,3.332204510175204,0.0,1.0,1.0,-0.3076750783403279,1.02042503567714,0.909368066418545,9.0,1.0,1.0
5360,3.713572066704308,0.0,0.0,1.0,-2.52850952173437,-1.2184705569895626,0.424981343180279,3.0,2.0,0.0
5361,3.4657359027997265,0.0,1.0,1.0,0.9065194537956671,-1.2184705569895626,-0.7295714573758275,1.0,2.0,1.0
5362,3.4965075614664802,0.0,0.0,1.0,-0.5359851613060705,-1.2184705569895626,0.027034016165231288,1.0,1.0,1.0
5363,3.5553480614894135,0.0,1.0,1.0,0.6885871018738219,0.6055404309791581,-1.2111392797574918,5.0,2.0,0.0
5364,3.9318256327243257,0.0,1.0,1.0,0.06592323923997824,-1.2184705569895626,-0.8396642014825094,2.0,2.0,0.0
5365,3.6109179126442243,0.0,1.0,0.0,0.2527223980301313,-1.2184705569895626,-1.6909924287136457,4.0,2.0,1.0
5366,3.4339872044851463,0.0,0.0,1.0,-1.6256469209152968,0.8590512334036159,1.2573754864489235,10.0,1.0,0.0
5367,3.6888794541139363,1.0,0.0,0.0,2.058447599668278,0.6146567681672453,-0.012897601791587405,5.0,1.0,0.0
5368,4.04305126783455,1.0,0.0,0.0,-0.4840965060865836,-0.03158903611350767,-0.6647186555368809,1.0,2.0,1.0
5369,3.7612001156935624,0.0,0.0,0.0,0.20083374281064434,-1.2184705569895626,1.6825287796909216,6.0,2.0,0.0
5370,3.1354942159291497,0.0,0.0,1.0,-1.127515830808222,-1.2184705569895626,0.4721512058519048,8.0,2.0,0.0
5371,3.6635616461296463,0.0,0.0,1.0,-0.6605179338328393,0.7712352790925802,-0.42531446356812724,1.0,1.0,0.0
5372,3.7376696182833684,1.0,0.0,0.0,-0.14163138163796962,1.0923329511740836,-0.45990246227330916,9.0,1.0,0.0
5373,3.6888794541139363,0.0,0.0,1.0,-0.23503096103304616,0.8576635609456941,-0.3070002585408724,2.0,2.0,0.0
5374,3.7376696182833684,0.0,0.0,0.0,-0.8784502857546845,0.9893063967505492,0.7229059377960793,9.0,1.0,0.0
5375,3.713572066704308,0.0,0.0,1.0,0.34612197742520784,1.4713971297758275,1.1643679277844659,2.0,2.0,1.0
5376,3.4657359027997265,0.0,0.0,0.0,1.0518076884102305,0.4882415204264429,-0.15866240349698782,6.0,1.0,0.0
5377,3.4965075614664802,0.0,0.0,0.0,0.771608950225001,-1.2184705569895626,1.4716832368988717,8.0,2.0,0.0
5378,3.4011973816621555,1.0,0.0,1.0,1.6848492820879715,0.33597877171447843,1.6838093079589083,8.0,2.0,1.0
5379,3.8066624897703196,0.0,0.0,1.0,0.4602770189080792,1.3735451670411791,-0.4323859701147063,8.0,1.0,0.0
5380,3.6375861597263857,0.0,1.0,1.0,-1.158649023939914,0.7160684541921875,-1.254855106506263,0.0,1.0,0.0
5381,3.367295829986474,0.0,0.0,0.0,1.0829408815419228,-1.2184705569895626,1.1121098560479887,6.0,1.0,1.0
5382,3.6375861597263857,1.0,0.0,1.0,-1.7190465003103734,0.4056521935200919,-0.8531070533624725,1.0,1.0,0.0
5383,3.7376696182833684,0.0,1.0,0.0,-0.3388082714720201,-1.2184705569895626,-0.3575492205863368,8.0,3.0,1.0
5384,3.367295829986474,0.0,0.0,0.0,1.7574933993952533,-1.2184705569895626,-1.107133782791405,8.0,1.0,1.0
5385,3.713572066704308,0.0,1.0,1.0,-1.6879133071786812,2.328488772493522,1.2420305328375585,3.0,1.0,0.0
5386,3.6375861597263857,0.0,0.0,1.0,0.9272749158834619,0.46687437464046877,0.8532030359977597,9.0,2.0,1.0
5387,3.4965075614664802,0.0,0.0,1.0,1.7990043235708428,-1.2184705569895626,-1.5766277797129469,9.0,2.0,0.0
5388,3.871201010907891,0.0,0.0,1.0,-1.1067603687204273,0.47537188708529227,-0.5668243993164104,8.0,1.0,1.0
5389,3.4011973816621555,0.0,0.0,1.0,-0.9303389409741715,-1.2184705569895626,-1.2965693797694857,9.0,1.0,1.0
5390,3.713572066704308,0.0,1.0,0.0,1.4254060059905367,-1.2184705569895626,0.6428022442321195,4.0,2.0,0.0
5391,4.007333185232471,0.0,0.0,1.0,0.958408109015154,0.2834612852427498,0.6891638006012509,6.0,2.0,1.0
5392,3.7612001156935624,0.0,0.0,0.0,-0.19352003685745658,-1.2184705569895626,-0.7574619368126978,1.0,2.0,0.0
5393,3.784189633918261,0.0,0.0,1.0,1.5499387785173055,1.322682896661523,-0.0320810106062573,4.0,2.0,0.0
5394,3.8501476017100584,0.0,0.0,1.0,-0.23503096103304616,0.873624596134953,1.0552731785533094,1.0,1.0,1.0
5395,3.5553480614894135,0.0,1.0,0.0,-0.12087591955017483,0.027613518794313112,1.1842680151491212,3.0,1.0,1.0
5396,3.4011973816621555,0.0,0.0,1.0,0.014034584020491275,-1.2184705569895626,-1.021631701964347,2.0,2.0,1.0
5397,3.4339872044851463,1.0,0.0,0.0,-1.314314989598375,1.311093021709223,0.004457598640478365,0.0,2.0,1.0
5398,3.4339872044851463,0.0,0.0,1.0,-0.5463628923499679,0.4697870938460201,0.35978654553642686,9.0,1.0,1.0
5399,3.6888794541139363,0.0,1.0,1.0,0.1593228186350548,-1.2184705569895626,-0.54867967018578,9.0,2.0,0.0
5400,3.9318256327243257,0.0,1.0,0.0,1.062185419454128,1.1315814902271193,0.8737537325652396,7.0,2.0,1.0
5401,4.127134385045092,0.0,1.0,1.0,-0.35956373355981486,0.6045238932572997,-1.0832255463212646,3.0,1.0,1.0
5402,3.58351893845611,0.0,0.0,1.0,0.9687858400590514,0.26361118070966694,1.062125265320635,9.0,2.0,0.0
5403,3.8501476017100584,0.0,1.0,1.0,-0.29729734729643054,-1.2184705569895626,-1.6496851774022703,4.0,1.0,0.0
5404,3.5263605246161616,0.0,0.0,1.0,0.39801063264469483,-1.2184705569895626,0.6535021750047155,5.0,2.0,0.0
5405,3.7376696182833684,0.0,0.0,0.0,-0.4529633129548914,-1.2184705569895626,-0.4862884731286604,5.0,2.0,1.0
5406,3.713572066704308,0.0,0.0,0.0,-0.7227843200962236,-1.2184705569895626,-0.6863707976682031,9.0,3.0,1.0
5407,3.6635616461296463,1.0,0.0,0.0,1.2386068472003837,0.9855655891692768,-0.477188985357669,5.0,2.0,0.0
5408,3.7376696182833684,1.0,0.0,0.0,-0.7124065890523262,0.024744349480137703,1.5647695571798121,5.0,1.0,0.0
5409,3.1780538303479458,1.0,0.0,1.0,-0.12087591955017483,-0.0654750144612042,1.0588802171748506,3.0,1.0,0.0
5410,3.7612001156935624,0.0,1.0,0.0,0.8027421433566931,-1.2184705569895626,-0.7330757407758645,7.0,2.0,0.0
5411,3.7612001156935624,0.0,1.0,1.0,-0.006720878067303511,1.0734364611742166,-0.987897214904453,2.0,2.0,0.0
5412,3.5263605246161616,0.0,1.0,0.0,-0.6812733959206341,-1.2184705569895626,1.1793397634510785,7.0,2.0,1.0
5413,3.912023005428146,0.0,0.0,1.0,0.6989648329177193,0.4773830274734261,-1.4636916195445333,5.0,1.0,1.0
5414,3.6635616461296463,0.0,0.0,0.0,-0.03785407119899569,-1.2184705569895626,-1.58009711590567,2.0,2.0,1.0
5415,4.007333185232471,0.0,1.0,0.0,1.3838950818149471,-1.2184705569895626,-0.9617848702397076,1.0,2.0,0.0
5416,3.4657359027997265,0.0,0.0,0.0,0.5536765983031557,1.069588059743663,-0.7353921668606419,3.0,1.0,1.0
5417,3.713572066704308,1.0,0.0,0.0,0.7300980260494114,0.209310390230054,0.911977110164561,6.0,2.0,1.0
5418,3.871201010907891,0.0,0.0,1.0,-0.5567406233938653,-1.2184705569895626,1.4897811958863807,2.0,2.0,1.0
5419,3.6888794541139363,0.0,1.0,0.0,1.248984578244281,0.7426532612287392,0.7002996151984013,4.0,2.0,1.0
5420,3.6635616461296463,0.0,0.0,0.0,-1.1897822170716064,-1.2184705569895626,-0.8361826946205725,10.0,1.0,0.0
5421,3.7612001156935624,0.0,1.0,1.0,1.5499387785173055,1.0542520935835638,-1.561896749430063,4.0,1.0,1.0
5422,3.6635616461296463,0.0,0.0,1.0,-1.3869591069056568,0.23785398171915165,1.075770671909655,3.0,1.0,1.0
5423,3.828641396489095,0.0,1.0,0.0,-0.152009112681867,1.310136204978112,0.7772398041003082,2.0,1.0,1.0
5424,3.8066624897703196,0.0,0.0,1.0,-0.28691961625253315,-1.2184705569895626,-0.20905349457607994,3.0,2.0,0.0
5425,3.1780538303479458,0.0,1.0,0.0,-0.5878738165255575,0.4006673320565016,-1.1021147726743685,10.0,2.0,0.0
5426,3.367295829986474,0.0,0.0,1.0,2.058447599668278,-1.2184705569895626,-1.530414357774817,4.0,2.0,1.0
5427,3.367295829986474,0.0,0.0,1.0,-0.3284305404281227,-0.0672400659410852,1.5609220609079486,9.0,1.0,1.0
5428,3.5553480614894135,0.0,0.0,1.0,-1.1378935618521193,0.4004976155680514,1.6684902604862981,8.0,1.0,0.0
5429,3.6109179126442243,0.0,0.0,1.0,-0.8576948236668898,-0.14433025840186323,0.9448683437146469,1.0,1.0,0.0
5430,4.127134385045092,0.0,0.0,1.0,-0.3284305404281227,-1.2184705569895626,-1.1960250472610785,5.0,1.0,0.0
5431,3.784189633918261,1.0,0.0,0.0,0.3564997084691052,1.2607709621145016,0.894932087930742,5.0,2.0,1.0
5432,3.713572066704308,0.0,0.0,1.0,-0.6708956648767367,-1.2184705569895626,0.09985878020586932,2.0,4.0,1.0
5433,3.9512437185814275,0.0,1.0,1.0,-0.5463628923499679,-1.2184705569895626,1.3006046602958488,0.0,1.0,1.0
5434,3.58351893845611,1.0,0.0,0.0,2.058447599668278,0.6113485775216262,0.5082002064628426,7.0,1.0,1.0
5435,3.5263605246161616,0.0,0.0,0.0,-1.6464023830030916,0.2351942361473279,-0.7088851447799659,8.0,1.0,1.0
5436,3.4339872044851463,0.0,1.0,1.0,0.32536651533741306,0.5948892803398607,-0.6154232724204302,1.0,1.0,1.0
5437,3.8501476017100584,0.0,1.0,0.0,1.539561047473408,-1.2184705569895626,1.2430904242593712,6.0,2.0,0.0
5438,3.332204510175204,0.0,1.0,1.0,0.1178118944594652,-1.2184705569895626,1.5226672134353747,8.0,1.0,1.0
5439,3.295836866004329,1.0,0.0,0.0,-0.5878738165255575,0.6795957403846796,0.8825628629421322,8.0,1.0,1.0
5440,3.6888794541139363,1.0,0.0,0.0,0.2631001290740287,0.5621698626854166,0.8197288273923363,0.0,2.0,1.0
5441,3.367295829986474,0.0,0.0,1.0,-0.3284305404281227,-1.2184705569895626,1.7295917143401696,8.0,2.0,1.0
5442,3.5263605246161616,1.0,0.0,1.0,0.6470761776982322,-0.6578201428893599,-0.8130738972510708,3.0,1.0,0.0
5443,3.6635616461296463,0.0,0.0,1.0,-1.1690267549838116,-1.2184705569895626,-0.922239062496964,5.0,2.0,0.0
5444,3.713572066704308,1.0,0.0,1.0,0.429143825776387,0.7142436817215592,-1.27072409436063,0.0,1.0,0.0
5445,3.6375861597263857,0.0,0.0,1.0,0.03479004610828606,-1.2184705569895626,0.7299737931418944,4.0,2.0,1.0
5446,3.6109179126442243,0.0,0.0,1.0,0.19045601176674695,-1.2184705569895626,0.7010809721619224,3.0,1.0,0.0
5447,3.9318256327243257,0.0,0.0,1.0,-0.6086292786133524,1.5312678232744994,-1.3828954149023127,6.0,1.0,0.0
5448,3.7376696182833684,0.0,1.0,1.0,0.4602770189080792,0.8233108622547596,1.5819458487744367,9.0,1.0,1.0
5449,4.02535169073515,0.0,0.0,1.0,-0.6916511269645315,0.48534801440826353,0.3917162962186287,10.0,3.0,1.0
5450,4.007333185232471,1.0,0.0,1.0,-0.5774960854816601,0.759591126885955,0.34570716765658616,1.0,1.0,1.0
5451,3.4339872044851463,0.0,0.0,1.0,1.456539199122229,0.817932930999523,0.228150152121128,1.0,1.0,1.0
5452,3.7612001156935624,0.0,1.0,1.0,-0.3803191956476097,-1.2184705569895626,0.3458173991463218,4.0,3.0,1.0
5453,3.1780538303479458,1.0,0.0,1.0,-0.20389776790135397,0.7425315777087182,0.813687133327941,3.0,1.0,0.0
5454,3.2188758248682006,0.0,0.0,0.0,-0.07936499537458526,0.2667176328878831,-1.1220407661777787,8.0,1.0,0.0
5455,3.4657359027997265,0.0,0.0,1.0,-0.2765418852086357,-1.2184705569895626,-1.7445997060658152,5.0,2.0,1.0
5456,3.6635616461296463,0.0,0.0,0.0,-0.06898726433068787,0.4055289089011235,-1.6696588103823171,5.0,2.0,1.0
5457,3.713572066704308,0.0,0.0,0.0,0.5951875224787453,0.8880894043576403,0.06153647245251111,9.0,1.0,1.0
5458,3.332204510175204,0.0,0.0,1.0,-0.20389776790135397,1.873665394986176,0.9081850773709709,4.0,1.0,1.0
5459,3.713572066704308,0.0,0.0,1.0,0.4187660947324896,1.3994088391117125,-0.17399188297178103,6.0,1.0,0.0
5460,4.060443010546419,0.0,1.0,0.0,1.1244518057175124,-1.2184705569895626,-1.3097399563924674,1.0,2.0,1.0
5461,3.4965075614664802,0.0,1.0,1.0,-0.027476340155098297,-1.2184705569895626,-0.16107184826789886,1.0,1.0,1.0
5462,3.871201010907891,0.0,0.0,0.0,-0.9926053272375559,1.0216953475821997,-0.8700343678383242,2.0,1.0,1.0
5463,3.9318256327243257,1.0,0.0,1.0,0.8338753364883853,1.1085467998871756,-0.14770306360343646,6.0,1.0,0.0
5464,3.7612001156935624,0.0,0.0,0.0,0.5017879430836688,-1.2184705569895626,0.08475011144395385,8.0,2.0,1.0
5465,3.5263605246161616,0.0,1.0,0.0,-0.46334104399878884,0.5176309724895801,0.15404764167975202,2.0,2.0,1.0
5466,3.5263605246161616,0.0,1.0,1.0,-1.4492254931690411,1.6101368366661082,-0.10015625791959154,3.0,1.0,0.0
5467,3.9889840465642745,0.0,1.0,1.0,0.6263207156104375,0.5597261053616296,-1.2846857644825038,2.0,2.0,0.0
5468,3.4965075614664802,0.0,0.0,1.0,-1.023738520369248,0.644000268690585,-0.40209804270943555,3.0,1.0,0.0
5469,3.6635616461296463,0.0,0.0,0.0,-0.6916511269645315,-1.2184705569895626,-0.227204309041317,5.0,1.0,1.0
5470,3.6375861597263857,0.0,0.0,1.0,-1.023738520369248,-1.2184705569895626,-1.216540796621245,1.0,1.0,0.0
5471,3.828641396489095,0.0,0.0,0.0,0.21121147385454175,-1.2184705569895626,-0.14611061847017243,9.0,1.0,1.0
5472,4.007333185232471,1.0,0.0,0.0,-0.7124065890523262,0.6386258598530333,-0.7454936484413288,6.0,1.0,0.0
5473,3.4011973816621555,0.0,1.0,1.0,0.18007828072284957,-1.2184705569895626,-0.11352938925163027,9.0,1.0,1.0
5474,3.4965075614664802,0.0,0.0,1.0,0.5536765983031557,-1.2184705569895626,-1.608435997569715,7.0,2.0,0.0
5475,3.5263605246161616,0.0,0.0,0.0,0.4395215568202844,0.8586613658098647,1.3508151038704683,4.0,2.0,0.0
5476,3.912023005428146,0.0,0.0,0.0,1.539561047473408,0.5108341473469429,-0.9268169727883543,7.0,1.0,0.0
5477,3.713572066704308,0.0,1.0,0.0,-0.9614721341058636,1.0946494211315327,-1.4172455639577182,7.0,1.0,1.0
5478,3.258096538021482,1.0,0.0,1.0,0.429143825776387,1.1284313280476326,-1.491740491547885,6.0,1.0,1.0
5479,3.5263605246161616,1.0,0.0,1.0,0.14894508759115738,0.768897674629022,-0.3224617028432829,2.0,1.0,0.0
5480,3.8066624897703196,1.0,0.0,0.0,0.34612197742520784,0.6973648966155114,0.7816309815526193,2.0,1.0,0.0
5481,3.58351893845611,1.0,0.0,1.0,1.9235370960976117,1.0877139408200296,0.7805577023946724,0.0,1.0,0.0
5482,3.6888794541139363,0.0,0.0,0.0,-1.5633805346519125,0.6596450868376849,1.4186594562021484,9.0,1.0,0.0
5483,3.8918202981106265,0.0,0.0,1.0,0.1593228186350548,-1.2184705569895626,-0.9945538754975473,2.0,1.0,0.0
5484,3.784189633918261,0.0,0.0,1.0,-0.25578642312084093,-0.07784286339216374,0.4747060031865683,8.0,1.0,1.0
5485,3.6888794541139363,0.0,0.0,1.0,-1.9681120453639107,1.0251987121895363,0.5367814583109435,4.0,2.0,0.0
5486,4.110873864173311,0.0,0.0,0.0,-0.5671183544377627,0.8914268951140009,-1.5600669762471313,0.0,1.0,0.0
5487,3.4011973816621555,0.0,0.0,1.0,0.8234976054444879,-1.2184705569895626,1.0783449423150604,10.0,2.0,1.0
5488,4.276666119016055,0.0,0.0,1.0,-0.28691961625253315,-1.2184705569895626,0.14623129017729314,7.0,2.0,1.0
5489,4.0943445622221,0.0,0.0,1.0,-0.7642952442718132,1.7590393590166555,-1.5819413200249552,10.0,1.0,0.0
5490,3.332204510175204,0.0,0.0,0.0,-0.4322078508670966,0.17868681109807386,1.430727891794476,4.0,2.0,0.0
5491,3.784189633918261,0.0,0.0,0.0,0.21121147385454175,0.2641398635821786,1.163263700353375,4.0,2.0,1.0
5492,3.6635616461296463,1.0,0.0,1.0,0.8338753364883853,1.6440948644664488,1.6574580704441677,5.0,1.0,1.0
5493,3.332204510175204,0.0,0.0,0.0,0.19045601176674695,0.05178707081571513,-1.2911551706364095,5.0,1.0,1.0
5494,3.828641396489095,1.0,0.0,0.0,-2.2794439766808328,0.5462469336511113,-0.9977269428282678,3.0,1.0,0.0
5495,3.6635616461296463,1.0,0.0,0.0,-0.8992057478424793,1.3216935776217749,1.3737901977453224,2.0,2.0,1.0
5496,4.143134726391533,0.0,0.0,0.0,0.8027421433566931,1.0318644073283618,-1.2073500288311507,4.0,1.0,0.0
5497,4.204692619390966,0.0,0.0,0.0,1.2801177713759733,-1.2184705569895626,-0.5704383926060739,9.0,2.0,1.0
5498,3.7612001156935624,0.0,1.0,1.0,-1.0133607893253507,-1.2184705569895626,1.444164832206535,1.0,2.0,1.0
5499,3.4011973816621555,0.0,0.0,1.0,0.9895413021468462,-1.2184705569895626,0.7176372550934587,7.0,2.0,1.0
5500,3.8918202981106265,0.0,0.0,0.0,0.4706547499519766,-1.2184705569895626,-0.22656152384012934,1.0,2.0,1.0
5501,3.367295829986474,0.0,1.0,0.0,1.6122051647806899,1.4388615182805728,0.9682782782138366,7.0,3.0,0.0
5502,3.713572066704308,0.0,0.0,1.0,-0.4322078508670966,-1.2184705569895626,0.8549243163579862,9.0,1.0,1.0
5503,3.828641396489095,1.0,0.0,1.0,0.8442530675322827,0.6058113369210992,-1.6902030738817841,2.0,2.0,0.0
5504,3.4657359027997265,0.0,0.0,0.0,0.6055652535226427,-1.2184705569895626,-1.397018781058026,1.0,2.0,0.0
5505,3.5553480614894135,0.0,0.0,1.0,1.7159824752196637,0.8514050252692539,1.1324207904319585,5.0,1.0,0.0
5506,3.044522437723423,0.0,1.0,1.0,0.09705643237167041,-1.2184705569895626,0.1707586659770057,8.0,1.0,0.0
5507,3.4011973816621555,1.0,0.0,1.0,-0.006720878067303511,0.7331099109513157,-0.7980617245093498,3.0,1.0,0.0
5508,3.912023005428146,0.0,1.0,0.0,-0.027476340155098297,-1.2184705569895626,-0.2706659426702242,2.0,1.0,0.0
5509,3.4965075614664802,0.0,1.0,1.0,0.44989928786418176,-1.2184705569895626,-1.076191421115842,9.0,3.0,1.0
5510,3.6888794541139363,0.0,0.0,1.0,0.9168971848395645,-1.2184705569895626,-1.4149978152206466,9.0,2.0,0.0
5511,3.4965075614664802,0.0,0.0,0.0,0.6263207156104375,-1.2184705569895626,-1.7165461396614812,1.0,2.0,0.0
5512,3.6635616461296463,0.0,0.0,0.0,-0.5359851613060705,-1.2184705569895626,-0.7228584639709441,9.0,2.0,1.0
5513,3.7376696182833684,0.0,0.0,1.0,-0.20389776790135397,0.4808471651565455,0.08935184147366243,0.0,1.0,1.0
5514,3.7376696182833684,0.0,0.0,1.0,1.1763404609369994,-1.2184705569895626,1.57843704484012,2.0,2.0,1.0
5515,3.6888794541139363,0.0,1.0,1.0,0.7508534881372062,-1.2184705569895626,-0.08464665254043548,3.0,2.0,1.0
5516,3.7612001156935624,0.0,1.0,0.0,0.33574424638131045,0.43402798983947666,-1.2071436490546266,3.0,1.0,0.0
5517,3.5553480614894135,1.0,0.0,1.0,0.9791635711029488,1.0519838167044384,1.4441990839470364,6.0,2.0,1.0
5518,3.58351893845611,0.0,0.0,0.0,0.3564997084691052,0.46940363064805973,-1.1314346102770392,8.0,1.0,0.0
5519,3.6635616461296463,0.0,0.0,1.0,-0.6708956648767367,-1.2184705569895626,-0.9217915296033051,0.0,2.0,0.0
5520,3.295836866004329,1.0,0.0,0.0,-0.5982515475694549,0.9440940843373342,0.5351716265073736,6.0,2.0,0.0
5521,3.6635616461296463,0.0,1.0,1.0,0.5640543293470531,-1.2184705569895626,-0.9353364412379603,8.0,2.0,1.0
5522,3.7376696182833684,0.0,1.0,0.0,0.23196693594233653,0.8086030072118203,1.1521040660179063,4.0,1.0,1.0
5523,3.6635616461296463,0.0,0.0,1.0,0.3149887842935157,0.4977855111434456,-1.4737310307122302,4.0,1.0,1.0
5524,3.5263605246161616,0.0,0.0,0.0,-0.8473170926229924,-1.2184705569895626,0.42093355246649794,8.0,1.0,1.0
5525,3.784189633918261,1.0,0.0,1.0,-0.1831423058135592,2.187007984204878,0.25797594182968336,3.0,1.0,0.0
5526,3.828641396489095,0.0,0.0,0.0,-2.1549112041540637,-1.2184705569895626,1.0644503847405653,4.0,2.0,0.0
5527,3.4965075614664802,0.0,1.0,1.0,0.875386260663975,-1.2184705569895626,-0.37118228263944003,7.0,1.0,1.0
5528,3.5263605246161616,0.0,1.0,0.0,-1.0548717135009402,-0.0530621746498157,0.05523345673342703,9.0,1.0,1.0
5529,3.4965075614664802,0.0,1.0,1.0,-0.9199612099302741,-1.2184705569895626,-1.403299194105713,6.0,2.0,1.0
5530,3.295836866004329,0.0,0.0,0.0,-1.0444939824570427,1.0912510886151614,-0.8806783135325371,2.0,1.0,0.0
5531,3.6635616461296463,0.0,0.0,1.0,0.014034584020491275,0.6918926606322587,0.8699778693750339,8.0,1.0,0.0
5532,3.8501476017100584,0.0,0.0,0.0,-0.9822275961936585,0.32135705579492235,0.27726558319991873,4.0,2.0,1.0
5533,3.6635616461296463,0.0,0.0,1.0,-1.760557424485963,0.782521905904197,-1.1228862799547263,4.0,1.0,0.0
5534,3.6375861597263857,0.0,1.0,1.0,-1.2520486033349907,1.077622054043144,-0.278687978482395,1.0,2.0,1.0
5535,3.4657359027997265,0.0,0.0,0.0,-0.9407166720180689,0.08610918851674958,-0.6119532407608946,1.0,2.0,1.0
5536,3.4339872044851463,0.0,0.0,0.0,-0.8161838994913002,-1.2184705569895626,-0.5953383647504292,6.0,2.0,0.0
5537,4.07753744390572,0.0,0.0,0.0,-0.8473170926229924,-1.2184705569895626,0.2794495228569698,8.0,1.0,1.0
5538,3.828641396489095,0.0,1.0,0.0,-0.35956373355981486,-1.2184705569895626,0.7453104011515126,1.0,1.0,0.0
5539,3.6375861597263857,0.0,1.0,0.0,0.4395215568202844,-1.2184705569895626,0.8098872765327139,3.0,2.0,1.0
5540,3.332204510175204,0.0,0.0,0.0,-0.20389776790135397,0.5007225670530011,-0.6559627283711226,3.0,1.0,1.0
5541,3.8918202981106265,1.0,0.0,1.0,-1.1897822170716064,0.8923350384371037,1.1483141196247533,4.0,1.0,0.0
5542,3.295836866004329,1.0,0.0,1.0,-1.6671578450908864,0.4186713695029526,0.7905649482223046,4.0,1.0,1.0
5543,3.367295829986474,0.0,1.0,0.0,-1.8747124659688343,-1.2184705569895626,-1.357452457044322,5.0,2.0,1.0
5544,4.07753744390572,1.0,0.0,1.0,-1.3039372585544777,1.8284029681759002,1.5792742130153214,9.0,2.0,1.0
5545,3.6635616461296463,0.0,0.0,1.0,-0.03785407119899569,0.10559472281945415,-0.44483134871925323,10.0,1.0,0.0
5546,3.5263605246161616,0.0,0.0,1.0,-0.22465322998914877,-1.2184705569895626,-0.6194296828588847,9.0,2.0,0.0
5547,4.04305126783455,0.0,1.0,0.0,0.44989928786418176,-1.2184705569895626,-0.27447518826741657,4.0,2.0,0.0
5548,3.6888794541139363,0.0,0.0,0.0,0.5121656741275662,-1.2184705569895626,0.7904608020671754,9.0,2.0,1.0
5549,3.8918202981106265,0.0,1.0,0.0,-0.9926053272375559,1.4797393356227295,0.8846141423047539,8.0,1.0,1.0
5550,3.784189633918261,0.0,1.0,0.0,-2.0407561626711925,-1.2184705569895626,-0.3334850256835579,6.0,1.0,1.0
5551,3.5263605246161616,0.0,0.0,0.0,-1.7916906176176552,2.1144655531949836,-0.863360842175034,2.0,1.0,0.0
5552,3.367295829986474,0.0,1.0,0.0,1.7367379373074585,1.4754298176952547,0.04116903139004893,8.0,1.0,1.0
5553,3.828641396489095,0.0,0.0,1.0,0.18007828072284957,1.1730041615411588,1.269623004745396,7.0,1.0,1.0
5554,3.8918202981106265,0.0,0.0,0.0,0.08667870132777303,0.2232281029423318,1.5156600375689255,0.0,2.0,1.0
5555,3.367295829986474,1.0,0.0,1.0,1.165962729893102,0.7672632728232686,1.1432951095077168,10.0,1.0,0.0
5556,4.343805421853684,0.0,1.0,0.0,-0.5774960854816601,0.9303363214099262,-1.5122205982339254,9.0,1.0,1.0
5557,3.4657359027997265,0.0,1.0,1.0,1.1970959230247942,-1.2184705569895626,1.6558492818408166,6.0,2.0,1.0
5558,3.6375861597263857,0.0,0.0,1.0,-1.2520486033349907,0.7325397596160602,0.8187393519852606,7.0,1.0,0.0
5559,3.4657359027997265,0.0,0.0,1.0,-0.19352003685745658,-1.2184705569895626,-0.9010568820639947,1.0,1.0,0.0
5560,3.295836866004329,0.0,0.0,0.0,-0.8784502857546845,-1.2184705569895626,-0.3786771546079535,2.0,2.0,1.0
5561,3.6635616461296463,0.0,0.0,0.0,1.3423841576393576,0.8364709349450128,-0.6470004214288401,3.0,2.0,0.0
5562,3.4339872044851463,0.0,1.0,1.0,-0.8058061684474028,0.708532081445634,0.6496018232551237,5.0,1.0,0.0
5563,3.8501476017100584,1.0,0.0,1.0,-0.3180528093842253,1.0403337404317068,-1.1449207549660623,6.0,1.0,0.0
5564,3.4339872044851463,0.0,0.0,0.0,-0.5982515475694549,-1.2184705569895626,0.41102819252685513,10.0,2.0,1.0
5565,3.7612001156935624,0.0,0.0,1.0,1.0310522263224358,-1.2184705569895626,-0.3301500884522946,4.0,2.0,1.0
5566,3.4657359027997265,0.0,1.0,1.0,-0.1831423058135592,0.5208429370884459,1.3744974874933424,9.0,1.0,1.0
5567,3.6375861597263857,0.0,1.0,1.0,-0.4529633129548914,0.8703394613141802,-1.3642301288627412,2.0,1.0,0.0
5568,3.6635616461296463,0.0,0.0,0.0,0.014034584020491275,0.41678591538220877,1.1490793069848901,8.0,1.0,1.0
5569,3.295836866004329,0.0,0.0,1.0,-0.494474237130481,1.175853157008594,1.6948566244042043,8.0,2.0,1.0
5570,3.4965075614664802,0.0,1.0,1.0,-0.7020288580084288,-1.2184705569895626,-1.5556631065254973,5.0,2.0,0.0
5571,3.6375861597263857,0.0,0.0,1.0,-0.442585581910994,-0.5885208979078105,1.3537365860818715,1.0,1.0,1.0
5572,4.007333185232471,0.0,1.0,0.0,-0.8784502857546845,0.25960491092287574,1.0111977954626241,5.0,2.0,0.0
5573,3.091042453358316,0.0,0.0,1.0,0.7404757570933088,-1.2184705569895626,-1.314158778650564,4.0,2.0,0.0
5574,3.1780538303479458,0.0,0.0,0.0,0.667831639786027,0.29400452181297604,1.4860315865683356,2.0,2.0,1.0
5575,3.7376696182833684,1.0,0.0,1.0,0.7508534881372062,0.829216035393455,1.7250038936467051,2.0,2.0,1.0
5576,3.4657359027997265,0.0,1.0,0.0,1.0414299573663333,1.0973246973631485,-1.0420626043734234,4.0,2.0,0.0
5577,3.8918202981106265,0.0,0.0,0.0,-0.1623868437257644,1.5167421732918016,0.1752400802482015,1.0,1.0,0.0
5578,4.0943445622221,1.0,0.0,1.0,-0.8992057478424793,-0.11163741898995001,1.2218350459444163,9.0,1.0,1.0
5579,3.4011973816621555,0.0,0.0,1.0,0.5121656741275662,-1.2184705569895626,1.3302941385092104,2.0,2.0,0.0
5580,4.02535169073515,1.0,0.0,0.0,-0.017098609111200903,1.037341126388668,1.3805565682280432,2.0,3.0,1.0
5581,3.6375861597263857,0.0,0.0,1.0,-0.7746729753157106,0.8191095786161456,-0.7692947830223883,2.0,1.0,0.0
5582,3.295836866004329,0.0,0.0,1.0,-0.3076750783403279,-1.2184705569895626,0.9181257322513334,9.0,2.0,1.0
5583,3.6635616461296463,0.0,1.0,1.0,2.058447599668278,0.2970022593726471,1.243659316111761,2.0,1.0,1.0
5584,3.6375861597263857,0.0,0.0,1.0,-0.24540869207694355,-1.2184705569895626,1.2392634442584671,0.0,2.0,1.0
5585,3.6635616461296463,0.0,0.0,1.0,1.0206744952785385,1.2077131047479437,-0.9367266793955735,5.0,1.0,1.0
5586,4.330733340286331,0.0,0.0,0.0,-1.4492254931690411,-1.2184705569895626,0.3976910516023483,2.0,1.0,0.0
5587,3.7612001156935624,0.0,1.0,0.0,0.08667870132777303,-1.2184705569895626,1.5401973237707118,5.0,3.0,1.0
5588,4.3694478524670215,0.0,0.0,0.0,1.0725631504980253,0.7221728040399695,-0.42449207406268563,5.0,1.0,1.0
5589,3.4965075614664802,0.0,0.0,0.0,0.23196693594233653,0.15459875776047588,-0.08606905603811353,7.0,1.0,1.0
5590,4.276666119016055,0.0,0.0,1.0,0.9480303779712567,-1.2184705569895626,-1.227388340224733,0.0,2.0,1.0
5591,3.6635616461296463,0.0,0.0,1.0,-1.0548717135009402,1.0275348756640417,1.234901650278972,9.0,3.0,1.0
5592,3.7376696182833684,0.0,1.0,1.0,-0.6708956648767367,0.14421210866732934,-1.7190804207251842,8.0,1.0,0.0
5593,3.4657359027997265,0.0,0.0,1.0,1.9650480202732012,-1.2184705569895626,1.265910081301695,2.0,2.0,0.0
5594,3.7612001156935624,0.0,1.0,1.0,-0.9822275961936585,-1.2184705569895626,-0.23974322793210637,4.0,2.0,1.0
5595,3.6375861597263857,0.0,1.0,1.0,0.03479004610828606,1.4026657945910068,-0.4202716337127728,8.0,2.0,0.0
5596,3.6375861597263857,0.0,0.0,1.0,-0.6501402027889419,-1.2184705569895626,-0.6799304272537069,5.0,1.0,0.0
5597,4.356708826689592,0.0,0.0,1.0,-0.442585581910994,-1.2184705569895626,-1.4208826815188877,1.0,1.0,1.0
5598,3.4657359027997265,0.0,0.0,0.0,0.6263207156104375,-1.2184705569895626,1.2153645965902922,7.0,2.0,0.0
5599,3.970291913552122,0.0,0.0,0.0,1.1036963436297176,0.784439221893999,1.2302554103732817,7.0,1.0,0.0
5600,3.912023005428146,1.0,0.0,1.0,0.1178118944594652,0.6412162778404241,-0.2794486453082527,7.0,3.0,1.0
5601,3.6109179126442243,0.0,0.0,1.0,1.2697400403320758,0.44167996193004994,0.32235669556984065,7.0,1.0,1.0
5602,3.5553480614894135,0.0,1.0,0.0,0.6782093708299244,-1.2184705569895626,0.32830293681425954,1.0,2.0,0.0
5603,3.5553480614894135,0.0,0.0,1.0,1.4461614680783315,-1.2184705569895626,-0.06427556027720907,7.0,2.0,0.0
5604,3.295836866004329,1.0,0.0,1.0,0.6470761776982322,0.6955708652446779,-0.6076354350572718,3.0,2.0,0.0
5605,3.9512437185814275,1.0,0.0,0.0,-0.07936499537458526,0.3115402378172415,-0.4833920277224975,4.0,1.0,0.0
5606,4.02535169073515,0.0,0.0,1.0,1.8093820546147403,0.6273699741412115,0.6901617954767766,4.0,1.0,0.0
5607,3.6888794541139363,0.0,0.0,1.0,0.49141021203977137,0.538325336497755,1.3838242190452248,2.0,1.0,1.0
5608,3.9512437185814275,0.0,0.0,1.0,-1.4077145689934516,0.7048391467228965,1.1882441727812443,8.0,2.0,1.0
5609,3.332204510175204,0.0,0.0,0.0,1.985803482360996,-1.2184705569895626,-0.5726657989388881,5.0,2.0,1.0
5610,3.6109179126442243,1.0,0.0,0.0,-1.0133607893253507,1.307758252821073,-1.6402960277039922,3.0,2.0,0.0
5611,3.367295829986474,0.0,0.0,0.0,-0.6916511269645315,0.4754264845594067,-1.0295029953449706,6.0,1.0,1.0
5612,3.1354942159291497,0.0,1.0,0.0,-0.7124065890523262,-1.2184705569895626,-1.6421002424815752,2.0,2.0,1.0
5613,3.6888794541139363,1.0,0.0,1.0,0.08667870132777303,0.9365978991743664,1.4372618024952144,9.0,2.0,0.0
5614,4.0943445622221,1.0,0.0,1.0,0.49141021203977137,0.4918177350358974,1.0977762850482844,3.0,1.0,1.0
5615,3.6635616461296463,1.0,0.0,0.0,1.1867181919808967,0.877908176259476,-1.7107675059188054,7.0,1.0,1.0
5616,3.58351893845611,0.0,0.0,1.0,0.7612312191811036,-0.002984282644609973,0.8706573404505654,7.0,1.0,0.0
5617,3.7376696182833684,1.0,0.0,1.0,-1.3558259137739646,0.7122392659490054,-1.389892854233391,8.0,1.0,1.0
5618,3.6635616461296463,0.0,0.0,1.0,0.7612312191811036,-1.2184705569895626,1.0130515622505771,6.0,2.0,1.0
5619,3.367295829986474,1.0,0.0,1.0,-0.5982515475694549,1.7437709592321462,-1.459613923757827,5.0,1.0,0.0
5620,3.58351893845611,0.0,0.0,0.0,1.062185419454128,-1.2184705569895626,-0.9667089491368768,4.0,2.0,0.0
5621,3.4011973816621555,0.0,0.0,0.0,0.8546307985761801,1.0229824710262096,-1.4376441271600267,0.0,1.0,0.0
5622,4.174387269895637,0.0,0.0,1.0,-0.42183011982319923,-1.2184705569895626,-0.8198534816032236,9.0,2.0,1.0
5623,3.7376696182833684,0.0,0.0,1.0,-0.5256074302621732,0.766430381150705,1.2585115314866728,1.0,1.0,1.0
5624,3.8918202981106265,0.0,0.0,1.0,-0.442585581910994,0.5110248382316072,1.4621035292940472,1.0,3.0,1.0
5625,3.6109179126442243,0.0,1.0,1.0,1.1867181919808967,0.036488890590780115,0.9284535882793958,5.0,1.0,1.0
5626,3.6375861597263857,0.0,0.0,1.0,-0.6501402027889419,0.14480883824511553,-0.24239104395290345,7.0,2.0,0.0
5627,3.6109179126442243,0.0,0.0,1.0,-0.7020288580084288,-1.2184705569895626,0.09366582210981793,9.0,1.0,1.0
5628,3.4339872044851463,0.0,0.0,0.0,0.4395215568202844,-1.2184705569895626,-1.277415702161038,9.0,2.0,1.0
5629,3.2188758248682006,0.0,1.0,1.0,-0.1727645747696618,-1.2184705569895626,-0.5174711185878427,4.0,2.0,1.0
5630,3.4339872044851463,0.0,1.0,1.0,-1.8850901970127316,0.7890675186219491,-0.5587616786957251,4.0,1.0,0.0
5631,3.713572066704308,0.0,1.0,0.0,-0.20389776790135397,0.5385853549668521,0.7209461123192638,3.0,1.0,0.0
5632,3.58351893845611,0.0,0.0,1.0,-0.7539175132279158,-1.2184705569895626,-1.6686176965644346,1.0,2.0,0.0
5633,3.6888794541139363,0.0,0.0,1.0,-0.3388082714720201,-1.2184705569895626,1.008658472264532,5.0,2.0,1.0
5634,3.7376696182833684,0.0,1.0,0.0,0.10743416341556782,0.22813467066738238,-0.42678433267573895,4.0,1.0,0.0
5635,3.713572066704308,0.0,1.0,1.0,0.9687858400590514,0.19797076704327052,0.2764503222293024,3.0,1.0,0.0
5636,4.060443010546419,1.0,0.0,0.0,-1.127515830808222,0.4809091276858192,0.3516633193030792,1.0,2.0,1.0
5637,3.58351893845611,0.0,1.0,1.0,-0.4737187750426862,-1.2184705569895626,0.1113750151493,7.0,1.0,0.0
5638,3.5553480614894135,0.0,0.0,1.0,-0.5463628923499679,-1.2184705569895626,1.2825345199808282,8.0,2.0,1.0
5639,3.258096538021482,1.0,0.0,0.0,0.22158920489843914,0.5146361169080149,0.05464057127601582,3.0,2.0,1.0
5640,4.330733340286331,1.0,0.0,1.0,-0.4840965060865836,-0.23668260636125446,1.4991451349127156,2.0,1.0,1.0
5641,3.5263605246161616,0.0,0.0,0.0,0.3149887842935157,-0.0182307473735362,-1.176394801019562,8.0,1.0,1.0
5642,3.7376696182833684,0.0,0.0,0.0,0.055545508196080846,0.31631679630774356,-0.5594232415008423,5.0,1.0,1.0
5643,3.5263605246161616,0.0,1.0,0.0,-0.6812733959206341,-0.146556106158876,0.7011651236462001,10.0,2.0,1.0
5644,3.7612001156935624,0.0,1.0,0.0,0.09705643237167041,-0.01185933422128738,-1.2661524432705498,9.0,1.0,0.0
5645,3.6635616461296463,0.0,0.0,0.0,-1.0341162514131454,0.9286833468563801,-0.7403451076305181,9.0,1.0,0.0
5646,3.5553480614894135,0.0,0.0,1.0,-0.8888280167985819,-1.2184705569895626,1.524887491233364,3.0,1.0,0.0
5647,4.110873864173311,0.0,0.0,0.0,0.4083883636885922,0.39977119697550606,1.3374610978757655,6.0,1.0,0.0
5648,3.784189633918261,0.0,1.0,1.0,-0.6086292786133524,-1.2184705569895626,-0.8163610211389943,10.0,2.0,0.0
5649,3.6635616461296463,0.0,1.0,1.0,-0.3388082714720201,0.3208815294074726,-0.02497368751884928,3.0,1.0,0.0
5650,3.2188758248682006,0.0,0.0,0.0,-0.2765418852086357,-1.2184705569895626,1.4002921776916097,1.0,2.0,1.0
5651,3.6635616461296463,1.0,0.0,1.0,0.6263207156104375,0.9072710500800824,-0.7183393206251858,7.0,2.0,1.0
5652,3.5263605246161616,0.0,0.0,1.0,0.4602770189080792,1.393550578172183,-1.6238442386609908,2.0,1.0,1.0
5653,4.0943445622221,1.0,0.0,0.0,-1.5114918794324255,1.8292706036956272,-0.3836462649812135,3.0,1.0,0.0
5654,3.295836866004329,0.0,0.0,1.0,-0.22465322998914877,0.860359811573524,1.6790283213583517,7.0,2.0,1.0
5655,4.0943445622221,1.0,0.0,0.0,1.6018274337367924,0.947757558839435,1.4325088084338495,0.0,1.0,0.0
5656,3.6375861597263857,0.0,0.0,0.0,-0.36994146460371224,-1.2184705569895626,-0.24670137338829498,6.0,2.0,0.0
5657,3.713572066704308,1.0,0.0,0.0,2.037692137580483,1.159091572345514,1.0157760534874207,5.0,1.0,0.0
5658,3.8066624897703196,0.0,1.0,1.0,-0.40107465773540446,0.39102919672137776,-0.9237944740224778,9.0,1.0,1.0
5659,3.713572066704308,0.0,0.0,1.0,-0.10012045746238005,1.2610417079465481,0.65410775273145,1.0,1.0,1.0
5660,4.0943445622221,0.0,1.0,0.0,0.3149887842935157,0.745459667464167,-0.27171070768887096,0.0,1.0,1.0
5661,3.6375861597263857,0.0,0.0,1.0,-0.25578642312084093,0.7859589850151012,-0.2755196055526569,2.0,1.0,1.0
5662,4.204692619390966,0.0,0.0,0.0,-2.2067998593735507,-1.2184705569895626,-0.606720548465806,9.0,1.0,0.0
5663,4.290459441148391,0.0,0.0,1.0,0.32536651533741306,1.0390350890752742,-0.8268210158613768,3.0,1.0,1.0
5664,3.9512437185814275,1.0,0.0,0.0,-0.24540869207694355,0.6272841552376178,-1.5265962449757688,10.0,2.0,0.0
5665,3.8918202981106265,0.0,0.0,1.0,0.1281896255033626,-1.2184705569895626,0.6909789689811265,10.0,1.0,0.0
5666,3.332204510175204,0.0,1.0,0.0,-1.4077145689934516,-1.2184705569895626,0.20655121320094008,1.0,1.0,1.0
5667,3.1354942159291497,1.0,0.0,0.0,-0.21427549894525139,1.0091371279863657,-0.6378087843052305,6.0,1.0,1.0
5668,3.912023005428146,0.0,0.0,1.0,-0.6293847407011471,-1.2184705569895626,-0.8746859976118091,3.0,2.0,0.0
5669,3.4339872044851463,0.0,0.0,0.0,0.2838555911618235,0.5834609562713776,1.3736151139753476,1.0,1.0,1.0
5670,3.4965075614664802,0.0,0.0,1.0,-0.5152296992182758,-1.2184705569895626,0.27160813454927124,10.0,2.0,1.0
5671,4.060443010546419,0.0,0.0,1.0,-1.0548717135009402,-1.2184705569895626,0.5749884924401774,5.0,1.0,1.0
5672,3.970291913552122,0.0,1.0,0.0,-0.41145238877930185,1.0994834590742553,-0.03701134870473629,5.0,1.0,0.0
5673,4.127134385045092,1.0,0.0,1.0,-1.5945137277836046,0.42190751069592763,1.5094458677351017,7.0,1.0,0.0
5674,3.8918202981106265,0.0,1.0,1.0,2.058447599668278,-1.2184705569895626,1.1995761090194383,2.0,1.0,0.0
5675,3.58351893845611,0.0,1.0,0.0,0.03479004610828606,0.48517925857918187,-0.30480640848174745,1.0,1.0,1.0
5676,3.871201010907891,0.0,0.0,0.0,1.3838950818149471,0.7353753058523352,-1.15808768038828,9.0,1.0,1.0
5677,3.6635616461296463,1.0,0.0,0.0,0.3564997084691052,0.27967548678104903,-1.5699111351072994,2.0,3.0,0.0
5678,3.9318256327243257,0.0,0.0,0.0,1.4980501232978185,0.2891882560685725,1.5471259118873812,1.0,1.0,1.0
5679,3.367295829986474,0.0,0.0,0.0,0.7819866812688984,0.5587134102772457,0.017429619488573276,2.0,1.0,0.0
5680,3.784189633918261,0.0,0.0,0.0,0.6885871018738219,0.2728472800990378,1.1670553854135586,0.0,1.0,0.0
5681,3.6635616461296463,0.0,0.0,0.0,0.24234466698623391,-0.12866974948507665,0.66670422150095,6.0,1.0,0.0
5682,3.8918202981106265,1.0,0.0,0.0,-0.4529633129548914,0.829723263540068,-1.1862695604194675,2.0,2.0,0.0
5683,4.0943445622221,0.0,0.0,1.0,-0.7124065890523262,0.8221322933193999,-0.5716490264594329,7.0,1.0,1.0
5684,4.0943445622221,0.0,0.0,1.0,-0.3076750783403279,0.6929272907722253,-0.6954991473119012,5.0,1.0,1.0
5685,3.713572066704308,0.0,0.0,0.0,-0.10012045746238005,-1.2184705569895626,1.452344217384969,7.0,2.0,0.0
5686,3.332204510175204,0.0,0.0,0.0,1.3423841576393576,1.7685164237976463,1.297741075696563,7.0,1.0,1.0
5687,3.091042453358316,0.0,0.0,1.0,-0.5774960854816601,2.150771272382252,1.684185555504315,4.0,2.0,1.0
5688,3.828641396489095,1.0,0.0,0.0,-0.08974272641848266,1.1966740078336326,-1.705829343818689,2.0,1.0,1.0
5689,4.02535169073515,0.0,1.0,0.0,1.09331861258582,0.6595243639770325,-0.10855923567815196,9.0,4.0,0.0
5690,3.713572066704308,1.0,0.0,1.0,0.8442530675322827,0.7945114151538287,-0.8632167066782028,5.0,2.0,1.0
5691,3.6375861597263857,0.0,0.0,0.0,0.1593228186350548,-0.06909125654434968,-0.5684832615302409,9.0,2.0,1.0
5692,3.4657359027997265,1.0,0.0,1.0,-0.03785407119899569,0.7938147770017093,0.5137698524284482,7.0,1.0,1.0
5693,3.5553480614894135,0.0,1.0,1.0,-1.2209154102032984,1.5130167362604272,-1.6550503561250853,5.0,1.0,1.0
5694,3.4965075614664802,0.0,0.0,1.0,1.6225828958245871,-1.2184705569895626,-0.9428892108185907,1.0,2.0,1.0
5695,3.6375861597263857,0.0,0.0,0.0,0.3149887842935157,1.160444180736482,-1.134516919188766,8.0,1.0,0.0
5696,3.9889840465642745,0.0,0.0,0.0,-0.5878738165255575,-1.2184705569895626,-1.026849963323082,7.0,2.0,0.0
5697,3.912023005428146,0.0,0.0,0.0,0.719720295005514,0.7045863331990636,1.4429279444810148,1.0,1.0,1.0
5698,3.7376696182833684,1.0,0.0,1.0,0.08667870132777303,0.8613763492953824,-1.293667196762122,1.0,1.0,0.0
5699,3.6635616461296463,0.0,1.0,0.0,-1.469980955256836,-1.2184705569895626,0.32134461749136795,4.0,1.0,0.0
5700,3.6375861597263857,1.0,0.0,1.0,-1.1067603687204273,0.5504853627853107,0.46880340248461566,9.0,1.0,1.0
5701,4.04305126783455,0.0,0.0,1.0,-1.5737582656958098,0.3886257870910715,0.3139947503532008,1.0,1.0,0.0
5702,3.912023005428146,0.0,1.0,0.0,-0.5982515475694549,0.8087759258981657,0.3961283376753064,2.0,2.0,1.0
5703,3.8918202981106265,0.0,0.0,1.0,0.9791635711029488,1.4278645302685848,0.9276687539818135,5.0,1.0,0.0
5704,3.1354942159291497,0.0,0.0,1.0,0.38763290160079744,0.9661368938792136,-0.842402254322191,4.0,1.0,0.0
5705,3.7376696182833684,0.0,0.0,1.0,-2.020000700583398,-0.03845871125826278,1.483408633486075,8.0,3.0,1.0
5706,3.4011973816621555,1.0,0.0,1.0,-0.25578642312084093,1.0157282119142306,-0.34467265255821794,5.0,2.0,0.0
5707,3.6635616461296463,0.0,0.0,1.0,0.5017879430836688,-0.16234358222221051,0.009026989463419042,9.0,1.0,1.0
5708,3.58351893845611,0.0,1.0,1.0,-1.2105376791594011,0.6866757999311549,0.610366541444033,8.0,1.0,1.0
5709,3.4011973816621555,0.0,1.0,1.0,1.1452072678053071,0.6315245056905543,0.8315199455932938,10.0,2.0,0.0
5710,3.4011973816621555,1.0,0.0,1.0,-1.9058456591005264,0.5696684494968056,1.6565996905311942,1.0,2.0,1.0
5711,3.6109179126442243,0.0,0.0,0.0,2.058447599668278,-1.2184705569895626,0.005541831400718027,10.0,2.0,1.0
5712,3.295836866004329,0.0,0.0,1.0,-1.7190465003103734,-1.2184705569895626,-1.200234707875402,2.0,2.0,1.0
5713,3.912023005428146,1.0,0.0,1.0,-0.7539175132279158,1.4934277709657047,0.4016974620408029,4.0,1.0,1.0
5714,3.4011973816621555,1.0,0.0,0.0,1.3112509645076653,1.1889253293666218,-0.6602984423451598,6.0,1.0,0.0
5715,3.6888794541139363,0.0,0.0,0.0,-0.10012045746238005,-1.2184705569895626,-0.4105001511344807,4.0,1.0,1.0
5716,3.4339872044851463,0.0,0.0,1.0,1.5084278543417158,-0.10709269962706652,-0.44846690148009516,10.0,1.0,1.0
5717,3.58351893845611,1.0,0.0,1.0,-1.7916906176176552,1.0025566113115547,-0.9246144293940766,4.0,1.0,1.0
5718,3.6109179126442243,0.0,0.0,0.0,-1.6152691898713996,-1.2184705569895626,0.13330343147177362,7.0,2.0,0.0
5719,3.5553480614894135,0.0,0.0,1.0,1.456539199122229,-1.2184705569895626,-0.24516891226758397,1.0,1.0,1.0
5720,3.713572066704308,0.0,0.0,0.0,-0.11049818850627745,-1.2184705569895626,0.461883507703099,7.0,1.0,0.0
5721,4.060443010546419,0.0,0.0,0.0,-0.9303389409741715,-1.2184705569895626,-1.6321966212089627,3.0,3.0,0.0
5722,3.4011973816621555,0.0,0.0,0.0,-0.6397624717450445,-1.2184705569895626,0.3723445897645522,4.0,2.0,0.0
5723,4.0943445622221,0.0,0.0,1.0,-0.5152296992182758,-1.2184705569895626,1.0765089099308187,7.0,2.0,1.0
5724,3.5553480614894135,0.0,0.0,0.0,0.9791635711029488,-1.2184705569895626,-0.6131355343416562,4.0,1.0,1.0
5725,3.8066624897703196,1.0,0.0,0.0,-0.05860953328679048,0.5917932353048043,-0.82341183754791,2.0,1.0,0.0
5726,3.4657359027997265,0.0,0.0,1.0,0.5432988672592584,-1.2184705569895626,1.4362613734858463,0.0,2.0,0.0
5727,3.4657359027997265,0.0,1.0,0.0,0.38763290160079744,-1.2184705569895626,0.629027654682731,4.0,2.0,1.0
5728,3.258096538021482,0.0,0.0,0.0,0.6366984466543348,0.7216285905076658,-0.7678355197836629,4.0,1.0,1.0
5729,4.007333185232471,0.0,0.0,1.0,-0.35956373355981486,0.4169223290125478,-0.9581103713373815,6.0,1.0,1.0
5730,3.6888794541139363,1.0,0.0,1.0,-0.05860953328679048,0.5679461473588266,-1.2099867173829524,9.0,1.0,1.0
5731,3.784189633918261,0.0,0.0,1.0,0.44989928786418176,0.38937061832151487,0.012344366157673833,1.0,1.0,1.0
5732,3.9318256327243257,1.0,0.0,1.0,-1.0444939824570427,0.7252632452287091,-0.27684533916343745,1.0,1.0,1.0
5733,3.4011973816621555,0.0,0.0,1.0,0.7093425639616167,-1.2184705569895626,-1.0519938704518212,2.0,2.0,0.0
5734,3.6375861597263857,0.0,0.0,1.0,0.2838555911618235,-0.029493998140517296,1.6375929302868264,7.0,1.0,0.0
5735,3.8918202981106265,0.0,1.0,0.0,-1.6464023830030916,-1.2184705569895626,-0.9021280748215054,7.0,2.0,0.0
5736,3.4339872044851463,0.0,0.0,0.0,1.0414299573663333,-1.2184705569895626,0.0792830468331495,3.0,2.0,1.0
5737,3.5263605246161616,0.0,1.0,1.0,0.7093425639616167,0.7634323233712443,0.7384492733156279,3.0,2.0,1.0
5738,3.58351893845611,0.0,1.0,1.0,0.2527223980301313,-1.2184705569895626,0.6864307898959578,0.0,2.0,0.0
5739,3.9512437185814275,1.0,0.0,1.0,-1.231293141247196,0.8236600619352404,-0.3628992729059862,6.0,2.0,0.0
5740,3.5263605246161616,0.0,0.0,0.0,1.3942728128588446,0.11101876572438289,0.9486043914298533,0.0,1.0,1.0
5741,3.4339872044851463,0.0,0.0,1.0,0.9480303779712567,0.02396989791916284,0.764592913986923,7.0,1.0,0.0
5742,3.367295829986474,1.0,0.0,0.0,-0.36994146460371224,0.4654690900941231,-1.2274279818330294,10.0,1.0,1.0
5743,3.912023005428146,0.0,0.0,0.0,1.747115668351356,-1.2184705569895626,0.3243650298568079,1.0,2.0,1.0
5744,3.5263605246161616,1.0,0.0,1.0,-1.553002803608015,1.5782274149692763,-1.1671798657577432,5.0,2.0,0.0
5745,3.7376696182833684,0.0,1.0,0.0,-0.5256074302621732,-1.2184705569895626,-0.8013248547922519,3.0,2.0,0.0
5746,2.995732273553991,1.0,0.0,1.0,-1.6671578450908864,0.7966757807112518,0.5087202417716747,2.0,1.0,0.0
5747,3.332204510175204,0.0,1.0,0.0,-2.414354480251499,0.7281522681698354,0.5961753672741292,2.0,1.0,1.0
5748,3.5263605246161616,0.0,0.0,0.0,-0.836939361579095,0.4149265591743114,0.48976859727217475,9.0,2.0,0.0
5749,3.5553480614894135,1.0,0.0,1.0,0.16970054967895218,0.06628918464388224,-0.758933718454043,5.0,2.0,0.0
5750,3.1780538303479458,1.0,0.0,0.0,1.1036963436297176,0.7467038814563802,0.03528712082575968,5.0,1.0,0.0
5751,3.9512437185814275,0.0,0.0,0.0,-0.05860953328679048,0.40871509580693216,0.5235093435333786,4.0,1.0,0.0
5752,3.9889840465642745,0.0,0.0,1.0,0.6366984466543348,0.623263955889982,1.583752323819159,6.0,1.0,0.0
5753,3.4011973816621555,0.0,0.0,0.0,1.539561047473408,-1.2184705569895626,1.1708576763426288,2.0,2.0,0.0
5754,3.8066624897703196,0.0,0.0,0.0,1.778248861483048,-1.2184705569895626,1.4268268445780719,1.0,2.0,1.0
5755,3.4965075614664802,1.0,0.0,0.0,-0.07936499537458526,1.0475468513007313,1.1589267693124163,8.0,1.0,1.0
5756,3.8918202981106265,0.0,1.0,1.0,-1.8020683486615525,0.11503752408296569,-0.978579872154536,0.0,2.0,1.0
5757,3.367295829986474,0.0,0.0,1.0,0.7819866812688984,-1.2184705569895626,-1.4044641010161694,5.0,2.0,1.0
5758,3.7612001156935624,0.0,1.0,1.0,0.09705643237167041,1.644629151185277,-1.2357179462346053,2.0,1.0,0.0
5759,3.4011973816621555,0.0,0.0,0.0,0.4083883636885922,0.6473929973606396,-0.8422676814940279,9.0,1.0,0.0
5760,4.174387269895637,0.0,0.0,0.0,0.9272749158834619,-0.10873030363071531,-0.7162190161814521,2.0,1.0,1.0
5761,3.2188758248682006,0.0,0.0,1.0,1.695227013131869,1.534182303688893,1.3491651088584937,7.0,1.0,1.0
5762,3.4011973816621555,0.0,0.0,1.0,0.44989928786418176,-1.2184705569895626,-1.6284503153582757,5.0,2.0,1.0
5763,3.4657359027997265,0.0,0.0,1.0,-1.5841359967397073,-1.2184705569895626,-1.2949731095687544,4.0,1.0,0.0
5764,3.713572066704308,0.0,0.0,1.0,-0.152009112681867,0.7904412615190265,1.2884371206827812,8.0,1.0,1.0
5765,3.828641396489095,0.0,1.0,0.0,2.058447599668278,0.6123516660123244,0.15052944894347076,4.0,2.0,1.0
5766,3.912023005428146,1.0,0.0,0.0,-1.0652494445448377,0.7801678101214782,-0.11961907052606803,6.0,1.0,1.0
5767,3.8918202981106265,1.0,0.0,1.0,0.9687858400590514,0.3193617662863703,-0.4506736176752464,10.0,1.0,0.0
5768,3.6635616461296463,0.0,1.0,1.0,-1.023738520369248,1.6812818285145,1.4624502194999351,1.0,2.0,0.0
5769,3.8918202981106265,1.0,0.0,1.0,0.5536765983031557,0.6094906623027818,1.2664782776872732,9.0,1.0,0.0
5770,3.784189633918261,0.0,1.0,1.0,-0.12087591955017483,1.543075287573784,1.5761557398293593,9.0,1.0,0.0
5771,3.4965075614664802,0.0,0.0,1.0,-0.6397624717450445,-1.2184705569895626,0.6686541365756913,9.0,2.0,0.0
5772,3.6635616461296463,0.0,1.0,0.0,-0.28691961625253315,-1.2184705569895626,-0.08741808778710311,8.0,2.0,0.0
5773,3.4011973816621555,0.0,0.0,1.0,-0.21427549894525139,-1.2184705569895626,-1.4230893977140386,2.0,2.0,1.0
5774,3.6375861597263857,0.0,0.0,1.0,0.5121656741275662,0.5074956959312135,-1.4511707827908613,8.0,1.0,0.0
5775,3.4339872044851463,0.0,0.0,0.0,0.4602770189080792,-1.2184705569895626,1.6639591203380293,8.0,2.0,1.0
5776,3.367295829986474,0.0,1.0,1.0,0.04516777715218345,0.7036130251487918,0.6388227831326386,8.0,1.0,1.0
5777,3.6635616461296463,0.0,0.0,0.0,-0.3388082714720201,-1.2184705569895626,0.27881369232390446,3.0,2.0,1.0
5778,3.6635616461296463,1.0,0.0,0.0,-0.6086292786133524,0.15249603451253713,0.4285529129943975,5.0,1.0,1.0
5779,3.4011973816621555,0.0,1.0,1.0,1.4669169301661262,0.3293846456986127,1.5941728507999486,8.0,2.0,0.0
5780,4.04305126783455,0.0,0.0,1.0,2.058447599668278,0.8840522333611597,0.3258985341777369,7.0,1.0,1.0
5781,3.6375861597263857,0.0,1.0,1.0,-1.2935595275105802,0.2821230867423101,0.6722111015867537,5.0,2.0,1.0
5782,3.5553480614894135,0.0,0.0,1.0,1.6018274337367924,-1.2184705569895626,0.006584336152225027,6.0,2.0,0.0
5783,3.6109179126442243,0.0,1.0,1.0,-0.3284305404281227,1.4923936211554225,-0.9565659134141602,7.0,1.0,0.0
5784,4.110873864173311,0.0,1.0,1.0,0.9065194537956671,-1.2184705569895626,-0.848358579835387,4.0,1.0,1.0
5785,3.6375861597263857,0.0,0.0,0.0,2.058447599668278,1.2335764565986878,0.9006992464710158,7.0,1.0,1.0
5786,3.8066624897703196,0.0,0.0,0.0,-0.2661641541647383,-1.2184705569895626,1.2637663048530494,2.0,1.0,1.0
5787,3.367295829986474,0.0,0.0,1.0,0.49141021203977137,-1.2184705569895626,-1.3517529326515356,7.0,2.0,1.0
5788,3.7376696182833684,0.0,0.0,1.0,0.3564997084691052,0.8449730905767844,0.11315332378812794,5.0,3.0,1.0
5789,3.5263605246161616,0.0,1.0,1.0,1.6329606268684846,-1.2184705569895626,0.41057509589869834,9.0,1.0,1.0
5790,3.332204510175204,0.0,0.0,1.0,-0.13125365059407224,-1.2184705569895626,1.5963755680609293,8.0,2.0,0.0
5791,3.1780538303479458,0.0,1.0,1.0,-1.127515830808222,-1.2184705569895626,0.3025471927574761,5.0,2.0,0.0
5792,3.784189633918261,1.0,0.0,1.0,1.404650543902742,0.8984616435602584,-1.3818275256121602,0.0,1.0,0.0
5793,3.7376696182833684,1.0,0.0,1.0,-0.11049818850627745,0.4531654452309637,-1.4439121956717968,7.0,3.0,0.0
5794,3.7376696182833684,0.0,1.0,1.0,-0.6812733959206341,-0.19579166000772696,-0.2899687979098918,3.0,1.0,0.0
5795,3.970291913552122,0.0,0.0,1.0,0.7093425639616167,-1.2184705569895626,-1.4891712632768683,7.0,1.0,1.0
5796,3.4965075614664802,0.0,0.0,1.0,-0.4840965060865836,-1.2184705569895626,-0.7773067345657821,9.0,2.0,1.0
5797,3.871201010907891,1.0,0.0,1.0,1.2593623092881785,0.6720985945623433,0.7402583563608961,2.0,4.0,1.0
5798,3.6888794541139363,1.0,0.0,0.0,0.32536651533741306,0.38362363375884667,0.15248353681908547,2.0,2.0,0.0
5799,3.4011973816621555,0.0,0.0,0.0,-0.6086292786133524,1.219449640363848,-1.1549417362632357,2.0,1.0,0.0
5800,3.8918202981106265,0.0,0.0,0.0,1.0310522263224358,-1.2184705569895626,-1.2216957705000688,4.0,1.0,1.0
5801,3.6109179126442243,0.0,0.0,0.0,-0.1831423058135592,-0.10540338012740895,0.27483284029079863,1.0,1.0,0.0
5802,3.295836866004329,0.0,0.0,1.0,0.3564997084691052,-1.2184705569895626,-1.7193747770534533,7.0,2.0,0.0
5803,3.58351893845611,0.0,1.0,1.0,-0.8265616305351976,1.2214482921801904,0.4814781112704898,4.0,1.0,0.0
5804,3.4339872044851463,0.0,0.0,1.0,-1.1171380997643245,-0.04616367972400298,0.45840652137544147,4.0,1.0,1.0
5805,3.871201010907891,0.0,0.0,0.0,0.3564997084691052,0.5960377486150046,0.41275277635443947,5.0,1.0,0.0
5806,3.5553480614894135,0.0,0.0,1.0,0.8650085296200775,1.051830591535149,-0.9488392771304767,1.0,1.0,0.0
5807,3.4011973816621555,1.0,0.0,1.0,0.9065194537956671,-0.2676422561623446,0.0887184450744398,3.0,2.0,1.0
5808,3.713572066704308,0.0,0.0,0.0,-1.1690267549838116,0.08053640351958494,1.1624472223158373,7.0,1.0,0.0
5809,3.8066624897703196,1.0,0.0,0.0,0.5536765983031557,0.4904076471927087,0.6431082496294932,10.0,1.0,0.0
5810,3.1354942159291497,0.0,1.0,0.0,-2.3520880939881144,1.4977894847188729,0.6247675727245221,7.0,2.0,1.0
5811,3.295836866004329,0.0,1.0,0.0,-0.9510944030619662,0.6480337571594862,0.9934061896058948,3.0,1.0,0.0
5812,3.4965075614664802,0.0,1.0,1.0,-0.10012045746238005,0.3895739578878654,-1.0547223606228349,7.0,1.0,1.0
5813,4.0943445622221,0.0,1.0,0.0,0.9687858400590514,-1.2184705569895626,-1.1180726064139959,8.0,1.0,1.0
5814,3.4657359027997265,0.0,0.0,1.0,1.456539199122229,-0.07736909821355636,0.44303809575916453,6.0,2.0,1.0
5815,3.367295829986474,1.0,0.0,1.0,-0.40107465773540446,0.008874256711104514,1.478770217582022,7.0,2.0,1.0
5816,3.4657359027997265,0.0,1.0,1.0,1.3942728128588446,-1.2184705569895626,-1.4295481979990583,9.0,2.0,1.0
5817,3.912023005428146,0.0,0.0,1.0,-0.9510944030619662,-1.2184705569895626,-0.006192953988450369,4.0,1.0,1.0
5818,4.07753744390572,0.0,0.0,1.0,-1.366203644817862,-1.2184705569895626,-1.1760564564154203,3.0,2.0,1.0
5819,3.713572066704308,1.0,0.0,1.0,-0.23503096103304616,0.7292269257834929,-0.6186446746945995,2.0,2.0,1.0
5820,3.9318256327243257,0.0,0.0,0.0,0.07630097028387564,-1.2184705569895626,1.442534310265302,3.0,1.0,0.0
5821,4.204692619390966,0.0,0.0,0.0,0.14894508759115738,-1.2184705569895626,-0.011100863282235614,7.0,2.0,1.0
5822,3.4965075614664802,0.0,1.0,0.0,0.02441231506438867,-1.2184705569895626,-0.842529698615529,2.0,1.0,1.0
5823,3.6888794541139363,1.0,0.0,1.0,0.532921136215361,1.0480371077984993,-1.2027088310598493,1.0,1.0,1.0
5824,3.9318256327243257,0.0,0.0,0.0,-0.24540869207694355,1.0719744977251242,0.15956651856806614,4.0,1.0,1.0
5825,3.784189633918261,0.0,1.0,1.0,0.9168971848395645,-1.2184705569895626,1.7188356246224872,9.0,1.0,0.0
5826,3.5263605246161616,0.0,0.0,0.0,-0.4529633129548914,-1.2184705569895626,-0.36732661463253247,4.0,1.0,0.0
5827,3.58351893845611,0.0,0.0,0.0,0.16970054967895218,0.4223798348854822,-0.8073787195258607,6.0,1.0,1.0
5828,3.4657359027997265,0.0,0.0,1.0,2.058447599668278,-1.2184705569895626,0.901794258966845,4.0,2.0,0.0
5829,4.127134385045092,1.0,0.0,0.0,0.6366984466543348,1.1755780882093891,0.40393304010866077,4.0,2.0,0.0
5830,3.7612001156935624,0.0,0.0,1.0,-1.023738520369248,-1.2184705569895626,-1.3319797679801095,1.0,2.0,0.0
5831,3.4965075614664802,0.0,1.0,1.0,-1.6464023830030916,-0.4793843897901772,-0.3625797059057746,8.0,1.0,1.0
5832,3.2188758248682006,0.0,1.0,0.0,0.16970054967895218,1.5668383178250107,0.10476894976679434,7.0,1.0,0.0
5833,3.6375861597263857,0.0,1.0,1.0,-1.521869610476323,0.9271043430742151,-0.11639679891838335,0.0,1.0,1.0
5834,3.4965075614664802,0.0,0.0,1.0,-0.6501402027889419,-1.2184705569895626,-1.5815376015404659,2.0,2.0,1.0
5835,3.6109179126442243,0.0,1.0,1.0,2.058447599668278,-1.2184705569895626,0.7095722742056338,0.0,2.0,0.0
5836,3.5263605246161616,0.0,0.0,1.0,-0.6086292786133524,-1.2184705569895626,-1.572570252463795,1.0,2.0,0.0
5837,3.5553480614894135,1.0,0.0,0.0,-1.6256469209152968,0.6573820935850869,0.27189188500865413,9.0,1.0,1.0
5838,3.6109179126442243,0.0,1.0,1.0,-0.46334104399878884,1.3154555360118645,-0.4118305791462437,8.0,1.0,1.0
5839,3.8918202981106265,0.0,1.0,0.0,-2.05113389371509,1.1005257744891708,-0.12656661011337011,5.0,1.0,1.0
5840,3.9318256327243257,0.0,0.0,1.0,0.08667870132777303,-1.2184705569895626,1.5894521959453514,1.0,3.0,1.0
5841,3.8918202981106265,1.0,0.0,0.0,-0.6605179338328393,1.0755772905771093,-1.1970807658820175,1.0,2.0,0.0
5842,3.4011973816621555,0.0,0.0,1.0,-0.36994146460371224,-1.2184705569895626,1.1571376809379992,9.0,1.0,1.0
5843,3.6375861597263857,0.0,0.0,1.0,-0.5774960854816601,-1.2184705569895626,0.36067900332319885,2.0,1.0,1.0
5844,3.6375861597263857,0.0,0.0,1.0,-0.442585581910994,-1.2184705569895626,-1.3631248582314321,6.0,2.0,1.0
5845,3.7612001156935624,1.0,0.0,0.0,0.2942333222057209,0.4742543200198377,-0.1716594611503224,7.0,1.0,1.0
5846,3.828641396489095,1.0,0.0,0.0,0.719720295005514,0.9994229404512287,-0.7098428025803828,7.0,1.0,0.0
5847,3.5263605246161616,0.0,1.0,0.0,-0.24540869207694355,-1.2184705569895626,1.525888267976138,3.0,1.0,1.0
5848,3.7376696182833684,0.0,1.0,1.0,-0.8576948236668898,-1.2184705569895626,0.5883871821775649,2.0,2.0,0.0
5849,3.871201010907891,0.0,0.0,0.0,-0.8784502857546845,-1.2184705569895626,0.18202348966782136,2.0,1.0,0.0
5850,3.4339872044851463,1.0,0.0,0.0,0.27347786011792613,1.0178956195596547,-1.4654405447105452,1.0,2.0,1.0
5851,3.713572066704308,0.0,0.0,1.0,-0.40107465773540446,-1.2184705569895626,0.8848763332929578,4.0,1.0,0.0
5852,3.6375861597263857,0.0,0.0,1.0,-0.017098609111200903,0.4941798363133544,-1.3202787127313331,5.0,1.0,0.0
5853,3.2188758248682006,0.0,0.0,1.0,-1.0133607893253507,-1.2184705569895626,-0.1434516749803802,10.0,1.0,0.0
5854,3.258096538021482,1.0,0.0,1.0,-1.1794044860277089,-0.21805670208353908,0.04046122004191931,5.0,1.0,1.0
5855,3.58351893845611,0.0,1.0,1.0,0.44989928786418176,-1.2184705569895626,1.042447205735779,7.0,2.0,0.0
5856,3.7612001156935624,1.0,0.0,1.0,1.0206744952785385,1.2125798051091978,-0.5517817999016549,8.0,2.0,0.0
5857,3.6375861597263857,0.0,1.0,0.0,-0.42183011982319923,-1.2184705569895626,0.4392737077713599,4.0,2.0,0.0
5858,3.7376696182833684,1.0,0.0,1.0,-0.9199612099302741,0.39096883529105153,-1.4086417701571312,2.0,1.0,1.0
5859,4.343805421853684,0.0,1.0,1.0,-1.0444939824570427,0.8375119694807701,1.4133179233509485,2.0,2.0,1.0
5860,3.5263605246161616,0.0,0.0,1.0,0.6366984466543348,0.2961447107762898,1.6880434837783624,6.0,1.0,0.0
5861,3.6375861597263857,0.0,0.0,1.0,-0.34918600251591747,-1.2184705569895626,1.3609270174533388,5.0,1.0,1.0
5862,3.970291913552122,1.0,0.0,1.0,-1.0548717135009402,0.7191190280171308,-1.0206135385512674,5.0,1.0,1.0
5863,3.367295829986474,0.0,0.0,1.0,-0.048231802242893085,-1.2184705569895626,-0.16301776440847005,8.0,2.0,1.0
5864,3.4965075614664802,0.0,1.0,1.0,-0.7020288580084288,0.1510267060082855,1.1945677047712884,9.0,1.0,0.0
5865,3.6635616461296463,0.0,0.0,0.0,1.1555849988492046,1.2245214415002954,-1.1916557770133522,0.0,2.0,0.0
5866,3.1354942159291497,0.0,0.0,0.0,-0.21427549894525139,-1.2184705569895626,-1.210973237056076,3.0,2.0,0.0
5867,3.4339872044851463,0.0,0.0,1.0,0.34612197742520784,-1.2184705569895626,0.7034304329202802,2.0,2.0,1.0
5868,4.276666119016055,0.0,0.0,1.0,-0.6190070096572498,-1.2184705569895626,-1.4503569127538694,4.0,2.0,1.0
5869,3.5263605246161616,0.0,0.0,0.0,0.34612197742520784,-1.2184705569895626,1.501403663385377,6.0,2.0,1.0
5870,3.4965075614664802,0.0,1.0,0.0,-0.40107465773540446,-1.2184705569895626,0.45630151720157647,0.0,2.0,1.0
5871,3.4657359027997265,1.0,0.0,0.0,-0.06898726433068787,0.8457931734577667,-1.6966135392233552,1.0,1.0,1.0
5872,3.7376696182833684,0.0,0.0,0.0,1.0414299573663333,-1.2184705569895626,0.6852564941835371,8.0,2.0,0.0
5873,3.9318256327243257,0.0,1.0,1.0,0.20083374281064434,-1.2184705569895626,-1.7016539349448667,8.0,1.0,1.0
5874,3.5553480614894135,0.0,0.0,0.0,-0.29729734729643054,-1.2184705569895626,-1.3244483840039545,9.0,1.0,0.0
5875,3.4965075614664802,0.0,1.0,1.0,-1.3350704516861698,-1.2184705569895626,1.1721524616802659,4.0,2.0,0.0
5876,3.4011973816621555,1.0,0.0,1.0,0.6470761776982322,0.26874430393580906,-0.5364274574883252,6.0,1.0,1.0
5877,3.871201010907891,1.0,0.0,1.0,0.38763290160079744,0.6838351301782476,-1.2050678544868747,2.0,2.0,0.0
5878,3.5263605246161616,0.0,1.0,1.0,1.09331861258582,0.01842993545042492,1.6310146835768091,5.0,1.0,1.0
5879,4.007333185232471,0.0,0.0,0.0,-0.9926053272375559,1.1832640035976525,0.9838110078644988,4.0,1.0,0.0
5880,3.7376696182833684,1.0,0.0,0.0,-0.5878738165255575,1.0051166084189402,0.20583001411667556,2.0,1.0,1.0
5881,3.4965075614664802,0.0,1.0,1.0,-1.0029830582814532,-1.2184705569895626,1.1853305145714788,10.0,2.0,1.0
5882,4.04305126783455,1.0,0.0,1.0,1.1452072678053071,0.38680533758760194,-0.40491590036581865,10.0,3.0,1.0
5883,3.871201010907891,0.0,0.0,0.0,2.058447599668278,0.9798682386739856,-0.9750361210129059,9.0,1.0,0.0
5884,3.7376696182833684,0.0,1.0,0.0,0.9065194537956671,-1.2184705569895626,1.5867680417836163,8.0,1.0,0.0
5885,3.828641396489095,1.0,0.0,0.0,0.06592323923997824,0.9360130177287926,1.0229861317963331,9.0,1.0,1.0
5886,3.258096538021482,0.0,1.0,0.0,-0.017098609111200903,0.16816919211101,-1.4566896596791754,3.0,3.0,0.0
5887,3.044522437723423,0.0,0.0,1.0,0.07630097028387564,-1.2184705569895626,0.21108687388348865,8.0,2.0,0.0
5888,3.58351893845611,0.0,1.0,0.0,-0.9303389409741715,-1.2184705569895626,0.3384877005457089,0.0,2.0,0.0
5889,3.5553480614894135,0.0,1.0,1.0,0.9687858400590514,-1.2184705569895626,-0.8760280746926766,9.0,2.0,0.0
5890,4.143134726391533,0.0,1.0,1.0,0.8131198744005905,0.5776595343444897,-0.6766443465660017,5.0,1.0,1.0
5891,3.7376696182833684,1.0,0.0,0.0,-1.4907364173446307,0.09701955707567012,1.5186421992596935,5.0,2.0,0.0
5892,3.6888794541139363,0.0,0.0,0.0,-1.366203644817862,-0.041772185530409,0.15986765569775438,1.0,1.0,1.0
5893,3.367295829986474,1.0,0.0,0.0,-0.9614721341058636,1.2194397135503725,-0.629205859838159,3.0,1.0,0.0
5894,3.332204510175204,0.0,0.0,0.0,0.14894508759115738,0.1460693834465947,-0.6245265852588886,1.0,1.0,1.0
5895,3.332204510175204,0.0,0.0,1.0,-0.5463628923499679,-1.2184705569895626,-1.2150655376458386,5.0,2.0,0.0
5896,2.995732273553991,0.0,1.0,1.0,0.9065194537956671,0.2185191108274203,1.6096097798972282,5.0,1.0,0.0
5897,3.58351893845611,1.0,0.0,1.0,0.9687858400590514,0.3549348225951977,0.5769964789937384,4.0,1.0,0.0
5898,3.784189633918261,1.0,0.0,0.0,-0.40107465773540446,1.0339823410163034,-1.3961012864660143,4.0,1.0,1.0
5899,3.8501476017100584,0.0,0.0,0.0,-1.4596032242129386,-1.2184705569895626,0.2668539234209849,1.0,1.0,1.0
5900,3.6888794541139363,0.0,0.0,1.0,-0.5774960854816601,-1.2184705569895626,-0.8948519271654327,9.0,1.0,0.0
5901,3.8501476017100584,0.0,1.0,1.0,-0.03785407119899569,0.8182714033170546,-0.4003339911402581,9.0,2.0,0.0
5902,3.4965075614664802,0.0,0.0,1.0,-0.6397624717450445,-1.2184705569895626,-0.7160084636040547,5.0,2.0,0.0
5903,4.07753744390572,1.0,0.0,1.0,0.014034584020491275,0.904632759234157,-1.6575342158449031,1.0,1.0,0.0
5904,3.58351893845611,0.0,0.0,0.0,-1.5011141483885282,-1.2184705569895626,-0.14430501275896526,1.0,2.0,0.0
5905,3.784189633918261,0.0,1.0,0.0,-1.2728040654227855,-1.2184705569895626,-0.3643317606724414,5.0,2.0,0.0
5906,3.5553480614894135,0.0,0.0,1.0,0.7508534881372062,1.2549990004082503,-0.38025777680541,2.0,2.0,0.0
5907,3.4011973816621555,1.0,0.0,0.0,0.1178118944594652,0.4260926232351705,-1.3780758298936786,4.0,2.0,0.0
5908,3.7376696182833684,0.0,0.0,1.0,-0.14163138163796962,0.891184488733328,-0.9172511745197742,1.0,1.0,1.0
5909,4.07753744390572,1.0,0.0,1.0,0.6055652535226427,1.5052068958136162,-1.5636988778072092,7.0,2.0,1.0
5910,3.7376696182833684,0.0,1.0,0.0,-0.3076750783403279,-1.2184705569895626,0.9624408775255292,9.0,2.0,1.0
5911,3.871201010907891,0.0,1.0,1.0,-0.20389776790135397,-1.2184705569895626,1.3629589976119214,3.0,2.0,0.0
5912,3.8501476017100584,0.0,0.0,1.0,0.33574424638131045,-1.2184705569895626,-1.1136913393637586,0.0,2.0,1.0
5913,4.02535169073515,0.0,0.0,0.0,1.7159824752196637,0.6638052222333445,-0.0780616250289991,10.0,1.0,0.0
5914,3.713572066704308,0.0,0.0,0.0,-0.494474237130481,-1.2184705569895626,0.3959967205810951,1.0,2.0,0.0
5915,3.6635616461296463,0.0,1.0,0.0,-0.6397624717450445,-1.2184705569895626,0.8401042663231388,9.0,2.0,1.0
5916,3.1354942159291497,0.0,0.0,0.0,-1.3765813758617593,-1.2184705569895626,1.1670240894070092,8.0,1.0,1.0
5917,3.9889840465642745,0.0,0.0,0.0,-1.2520486033349907,0.8252112065957166,0.7140733354142748,5.0,1.0,0.0
5918,3.4657359027997265,0.0,0.0,0.0,-0.9510944030619662,0.6250536642936568,-1.054058885283984,3.0,1.0,0.0
5919,3.6888794541139363,1.0,0.0,0.0,0.6885871018738219,0.2729329388927368,1.5702786975327556,7.0,2.0,1.0
5920,3.6375861597263857,1.0,0.0,0.0,0.7300980260494114,0.7985588331835742,1.0385254683817116,0.0,1.0,0.0
5921,4.127134385045092,0.0,0.0,0.0,-0.3803191956476097,0.45095849044153324,-0.653489300653488,1.0,1.0,0.0
5922,3.8066624897703196,1.0,0.0,0.0,0.03479004610828606,1.1271195476798292,-0.6185791269475484,6.0,1.0,0.0
5923,3.58351893845611,0.0,1.0,1.0,0.014034584020491275,-1.2184705569895626,-0.9471430335754898,9.0,2.0,1.0
5924,3.2188758248682006,1.0,0.0,1.0,-0.25578642312084093,0.4270300666690153,-0.758724209076864,5.0,2.0,0.0
5925,3.912023005428146,1.0,0.0,1.0,-1.127515830808222,-0.26530144950089124,0.06645655241551002,6.0,1.0,0.0
5926,4.204692619390966,0.0,0.0,1.0,0.9999190331907436,-1.2184705569895626,1.0936278255134353,8.0,1.0,1.0
5927,3.5263605246161616,1.0,0.0,0.0,0.24234466698623391,1.0521479293465716,-0.6192478182874909,0.0,1.0,0.0
5928,3.7612001156935624,0.0,1.0,0.0,-0.8576948236668898,-1.2184705569895626,-0.2921254404945634,1.0,1.0,1.0
5929,3.332204510175204,0.0,0.0,0.0,0.23196693594233653,0.04870863786908272,-0.8638994812210926,4.0,1.0,1.0
5930,3.7376696182833684,0.0,0.0,1.0,-0.6086292786133524,-1.2184705569895626,-0.02251225660372524,6.0,2.0,1.0
5931,3.5553480614894135,0.0,0.0,0.0,0.2942333222057209,-1.2184705569895626,1.1580179680555576,1.0,2.0,0.0
5932,3.044522437723423,0.0,0.0,0.0,-0.1623868437257644,0.771164830738884,0.002356245667377578,10.0,1.0,0.0
5933,3.6109179126442243,0.0,0.0,1.0,1.8924039029659194,1.0692194867659155,-0.18166062164334768,8.0,1.0,0.0
5934,3.4339872044851463,0.0,0.0,1.0,1.2074736540686914,-1.2184705569895626,1.7216816486847648,6.0,2.0,1.0
5935,3.295836866004329,0.0,1.0,1.0,1.7263602062635612,-1.2184705569895626,1.1580504811290284,4.0,2.0,1.0
5936,3.6109179126442243,0.0,1.0,0.0,0.719720295005514,-1.2184705569895626,0.1138220151280706,2.0,2.0,1.0
5937,4.127134385045092,0.0,0.0,0.0,-0.23503096103304616,-1.2184705569895626,0.5779558754611858,6.0,2.0,1.0
5938,3.6888794541139363,0.0,0.0,1.0,-0.08974272641848266,-1.2184705569895626,1.2163940613390698,7.0,2.0,1.0
5939,3.713572066704308,0.0,0.0,1.0,-0.7124065890523262,-1.2184705569895626,-0.9163347231279809,3.0,2.0,0.0
5940,3.6888794541139363,0.0,0.0,0.0,0.5536765983031557,0.2581359026384137,-0.7982922717575983,3.0,1.0,1.0
5941,3.9889840465642745,1.0,0.0,0.0,1.352761888683255,0.08756266614141946,1.4349074734691711,1.0,1.0,0.0
5942,3.7376696182833684,1.0,0.0,0.0,-0.6501402027889419,0.2644451931514939,0.012997583361044765,7.0,1.0,1.0
5943,3.2188758248682006,0.0,0.0,1.0,-0.7954284374035054,-1.2184705569895626,0.33897956944864627,2.0,2.0,1.0
5944,3.6888794541139363,1.0,0.0,0.0,0.7612312191811036,0.6516738556169516,0.41070236632533336,5.0,1.0,0.0
5945,3.8501476017100584,1.0,0.0,1.0,0.8027421433566931,0.6682232946694692,0.06233678088666489,5.0,1.0,0.0
5946,3.784189633918261,0.0,0.0,1.0,-0.048231802242893085,-1.2184705569895626,-0.38151396373496926,9.0,2.0,1.0
5947,3.4339872044851463,0.0,0.0,0.0,1.2282291161564862,-1.2184705569895626,0.0021862040317915847,8.0,2.0,0.0
5948,3.5553480614894135,0.0,0.0,1.0,0.6470761776982322,-1.2184705569895626,-0.35116118404945973,10.0,2.0,1.0
5949,3.713572066704308,1.0,0.0,1.0,0.7819866812688984,0.27137827181457574,-0.4966672721007172,1.0,2.0,0.0
5950,3.58351893845611,0.0,0.0,0.0,0.3149887842935157,1.6821834073319175,-0.6379882147427813,2.0,1.0,1.0
5951,3.367295829986474,0.0,0.0,1.0,1.09331861258582,-0.011543757618707164,1.7264342950127236,3.0,1.0,1.0
5952,3.1780538303479458,1.0,0.0,0.0,-1.366203644817862,0.6391649498687045,-1.092815338194866,3.0,2.0,1.0
5953,3.9318256327243257,1.0,0.0,1.0,-0.29729734729643054,0.8086547227078291,-1.7349407152443987,7.0,1.0,1.0
5954,3.7376696182833684,0.0,0.0,0.0,0.18007828072284957,1.1866908356752919,0.12879593719511984,0.0,2.0,0.0
5955,3.7376696182833684,0.0,0.0,1.0,0.6159429845665401,-1.2184705569895626,1.6224593985863742,3.0,2.0,1.0
5956,3.367295829986474,0.0,0.0,1.0,1.5706942406051003,-1.2184705569895626,1.0296857374650812,3.0,2.0,0.0
5957,3.828641396489095,0.0,1.0,0.0,0.38763290160079744,-0.29328801866610404,1.6929872096129766,0.0,1.0,0.0
5958,3.6635616461296463,0.0,0.0,1.0,0.32536651533741306,0.5322691797282971,0.038852779171974404,7.0,2.0,0.0
5959,4.290459441148391,0.0,0.0,0.0,-0.1727645747696618,-0.02064296304805453,-1.2689306593186365,4.0,1.0,1.0
5960,3.871201010907891,0.0,1.0,1.0,-0.048231802242893085,0.3799892992575927,-0.19696036991191868,10.0,1.0,1.0
5961,3.4339872044851463,0.0,0.0,1.0,-1.6360246519591943,0.15375049553801493,-1.2613199921258895,3.0,1.0,1.0
5962,3.6888794541139363,0.0,0.0,1.0,0.5121656741275662,1.0268622539961374,0.8036240762886289,9.0,1.0,1.0
5963,3.5553480614894135,0.0,0.0,0.0,-1.2624263343788882,-1.2184705569895626,0.7205250071644689,8.0,2.0,1.0
5964,3.332204510175204,1.0,0.0,0.0,0.13856735654726,1.142125047017135,1.513975095349637,2.0,1.0,0.0
5965,3.8066624897703196,1.0,0.0,1.0,-2.2483107835491403,1.211031382316933,1.1654321658738542,3.0,1.0,0.0
5966,3.4657359027997265,0.0,0.0,0.0,-1.6982910382225787,0.3440194906295395,0.4134418100986393,8.0,1.0,0.0
5967,3.713572066704308,0.0,0.0,1.0,-0.42183011982319923,-1.2184705569895626,0.03679489287463691,1.0,2.0,1.0
5968,3.4011973816621555,0.0,1.0,1.0,-0.6812733959206341,0.9021888418004751,-1.1171745848927264,2.0,1.0,1.0
5969,3.8918202981106265,0.0,0.0,1.0,0.003656852976593882,-0.26603587358817493,1.1042776826755518,4.0,1.0,0.0
5970,3.6888794541139363,0.0,1.0,1.0,-0.4840965060865836,0.46777050972146433,0.653566157951439,10.0,2.0,0.0
5971,4.060443010546419,0.0,0.0,1.0,-0.11049818850627745,-1.2184705569895626,0.3828177983563667,5.0,2.0,1.0
5972,3.970291913552122,0.0,0.0,0.0,0.6470761776982322,-1.2184705569895626,0.7582985916029913,2.0,1.0,1.0
5973,3.6109179126442243,0.0,0.0,1.0,0.13856735654726,-1.2184705569895626,0.3664122578563776,1.0,2.0,1.0
5974,4.204692619390966,0.0,0.0,1.0,2.0273144065365853,0.7630603880857068,-0.8219397081731586,7.0,1.0,1.0
5975,3.828641396489095,0.0,0.0,1.0,-1.708668769266476,-1.2184705569895626,-0.399120749286353,2.0,2.0,0.0
5976,4.110873864173311,1.0,0.0,1.0,0.7093425639616167,0.637533269931162,0.9931403474169263,9.0,2.0,0.0
5977,3.4965075614664802,0.0,0.0,0.0,0.014034584020491275,0.12281726386956078,-1.3302652684213017,4.0,1.0,1.0
5978,3.4011973816621555,0.0,0.0,0.0,-1.2728040654227855,-1.2184705569895626,-1.401177498728355,8.0,2.0,0.0
5979,3.8066624897703196,1.0,0.0,1.0,-2.0096229695395005,0.13264192723208518,1.3598365254917892,7.0,1.0,0.0
5980,3.6109179126442243,0.0,0.0,1.0,-0.785050706359608,-1.2184705569895626,-0.9061461343290644,6.0,2.0,1.0
5981,3.6375861597263857,0.0,0.0,1.0,0.19045601176674695,-1.2184705569895626,-0.8032911133370804,2.0,2.0,1.0
5982,3.332204510175204,0.0,0.0,1.0,2.058447599668278,0.3290671477772951,0.909477080841359,6.0,2.0,0.0
5983,3.58351893845611,0.0,1.0,1.0,-0.6086292786133524,1.3695097572535406,-1.3982852261230652,4.0,1.0,1.0
5984,3.6888794541139363,0.0,1.0,0.0,1.0206744952785385,0.6958981298695761,-0.23234780771773936,7.0,1.0,0.0
5985,3.258096538021482,1.0,0.0,0.0,-1.127515830808222,1.128196286722119,1.060172916112051,1.0,1.0,1.0
5986,3.970291913552122,1.0,0.0,1.0,-0.048231802242893085,0.863168139127689,1.5713215500176683,7.0,1.0,1.0
5987,3.044522437723423,0.0,0.0,0.0,0.9999190331907436,-1.2184705569895626,-1.5585214751236915,7.0,2.0,0.0
5988,3.7376696182833684,0.0,0.0,0.0,-1.6152691898713996,1.5998486551582414,1.424084618937517,1.0,2.0,0.0
5989,3.784189633918261,0.0,0.0,0.0,0.7093425639616167,0.9882285369389961,1.2540393321507388,6.0,2.0,0.0
5990,3.332204510175204,0.0,0.0,0.0,0.9065194537956671,-1.2184705569895626,-0.7451737337077111,6.0,1.0,1.0
5991,3.7612001156935624,0.0,1.0,0.0,0.09705643237167041,-1.2184705569895626,-1.120429717307288,3.0,2.0,0.0
5992,3.295836866004329,0.0,1.0,1.0,-0.22465322998914877,-1.2184705569895626,-1.630428918439021,7.0,2.0,1.0
5993,3.8918202981106265,0.0,0.0,0.0,1.3423841576393576,-0.3042597093147194,-0.2571006886313119,0.0,1.0,0.0
5994,4.30406509320417,0.0,0.0,0.0,0.9480303779712567,-1.2184705569895626,0.12928884929827572,6.0,2.0,1.0
5995,3.6888794541139363,0.0,0.0,1.0,0.49141021203977137,-1.2184705569895626,-0.3384727397940445,9.0,1.0,0.0
5996,3.5553480614894135,0.0,0.0,0.0,0.3564997084691052,-1.2184705569895626,-0.2286835669508935,1.0,2.0,0.0
5997,3.5263605246161616,0.0,1.0,1.0,0.6470761776982322,0.7351453880434538,1.0794319569425492,8.0,1.0,0.0
5998,3.58351893845611,0.0,0.0,1.0,0.49141021203977137,-1.2184705569895626,-0.38309875873329896,5.0,2.0,1.0
5999,3.5553480614894135,0.0,0.0,1.0,-1.3765813758617593,-1.2184705569895626,-0.5555334956201364,5.0,1.0,0.0
6000,4.204692619390966,0.0,0.0,0.0,-0.36994146460371224,0.9565008399727217,1.450208612671367,1.0,1.0,0.0
6001,3.713572066704308,1.0,0.0,0.0,-0.7227843200962236,0.545146818564186,1.5878613156124148,3.0,1.0,1.0
6002,3.5263605246161616,0.0,0.0,1.0,0.33574424638131045,1.034285429047092,0.054361862951021335,4.0,1.0,0.0
6003,3.6109179126442243,0.0,0.0,1.0,-0.8992057478424793,0.4817700385899667,0.8544557455932577,6.0,1.0,0.0
6004,3.4339872044851463,0.0,1.0,0.0,0.2527223980301313,-1.2184705569895626,0.9989895710410417,5.0,2.0,1.0
6005,3.713572066704308,0.0,0.0,1.0,-0.29729734729643054,0.6834519872000768,1.6071561729837418,5.0,1.0,0.0
6006,3.4657359027997265,1.0,0.0,0.0,1.6122051647806899,0.27792404464222287,1.2579499420358113,1.0,2.0,0.0
6007,3.8066624897703196,1.0,0.0,0.0,-0.4529633129548914,0.8012811817242509,0.5562587018537731,5.0,1.0,1.0
6008,4.174387269895637,1.0,0.0,1.0,-1.158649023939914,0.25245408280291465,-0.08711225625643262,1.0,1.0,1.0
6009,3.044522437723423,0.0,0.0,1.0,0.34612197742520784,0.458199300322352,-1.0734521512092392,4.0,2.0,0.0
6010,3.1354942159291497,1.0,0.0,1.0,-0.8888280167985819,1.1023984198183332,0.03155176857736515,7.0,2.0,0.0
6011,3.828641396489095,0.0,0.0,0.0,0.5432988672592584,-1.2184705569895626,0.6486646817256672,6.0,1.0,1.0
6012,3.58351893845611,0.0,1.0,1.0,0.9480303779712567,0.052615159191435876,1.6157328435786524,6.0,1.0,1.0
6013,3.5263605246161616,0.0,0.0,1.0,0.8442530675322827,-1.2184705569895626,-1.6128668166303222,3.0,1.0,1.0
6014,3.6635616461296463,0.0,0.0,1.0,-1.2209154102032984,-1.2184705569895626,0.7564415213476803,3.0,1.0,0.0
6015,3.4011973816621555,0.0,1.0,0.0,0.49141021203977137,0.8240662607382573,1.1184066125657628,9.0,2.0,0.0
6016,3.6375861597263857,0.0,0.0,0.0,0.2942333222057209,0.7637904892058319,-0.3243387677694452,10.0,1.0,0.0
6017,3.6888794541139363,0.0,1.0,0.0,-0.5567406233938653,-1.2184705569895626,-0.30127326320900355,5.0,2.0,1.0
6018,3.6109179126442243,0.0,0.0,0.0,-0.11049818850627745,-0.15545869663745288,-1.205324307873878,5.0,1.0,0.0
6019,3.6635616461296463,0.0,1.0,1.0,0.5848097914348479,0.3768786842221128,-1.5300629731679463,8.0,1.0,0.0
6020,3.5553480614894135,0.0,0.0,1.0,0.7923644123127958,0.48394721293897097,-0.2043044994488853,4.0,1.0,0.0
6021,3.367295829986474,0.0,1.0,1.0,0.003656852976593882,1.2924320533645544,1.7007680923080124,8.0,2.0,0.0
6022,3.8066624897703196,0.0,0.0,1.0,-1.0548717135009402,-1.2184705569895626,-1.2896437473867683,9.0,2.0,0.0
6023,3.6888794541139363,0.0,1.0,0.0,0.2838555911618235,0.24153795028778233,-1.6405354421540965,7.0,1.0,1.0
6024,3.091042453358316,0.0,0.0,1.0,-0.29729734729643054,-1.2184705569895626,0.6158360401886799,10.0,2.0,1.0
6025,3.6635616461296463,1.0,0.0,1.0,-1.5633805346519125,0.20614549794024897,0.5732694723470906,9.0,2.0,1.0
6026,3.5263605246161616,0.0,0.0,1.0,-0.7020288580084288,-1.2184705569895626,-0.718559088137845,3.0,2.0,1.0
6027,3.5263605246161616,0.0,0.0,1.0,-0.4840965060865836,0.8333828954046947,0.8239807376155017,9.0,1.0,0.0
6028,3.295836866004329,0.0,0.0,1.0,0.5225434051714636,-0.07718657293352521,0.14458459863267634,2.0,1.0,1.0
6029,4.007333185232471,0.0,0.0,1.0,-2.3832212871198064,1.023298848178264,-0.24480987752577923,3.0,1.0,1.0
6030,3.6375861597263857,1.0,0.0,1.0,-0.1831423058135592,0.2176646043190633,1.6125891597207478,1.0,2.0,1.0
6031,3.4339872044851463,0.0,0.0,1.0,1.165962729893102,-1.2184705569895626,0.08214106769793782,5.0,2.0,1.0
6032,3.044522437723423,0.0,0.0,1.0,0.7300980260494114,-1.2184705569895626,1.652689776112934,6.0,2.0,0.0
6033,3.828641396489095,0.0,1.0,1.0,0.3564997084691052,-0.029256395056687198,-0.6176407683511703,3.0,3.0,0.0
6034,3.4965075614664802,1.0,0.0,1.0,1.2801177713759733,0.7295742041452367,0.44278807544017396,8.0,1.0,1.0
6035,3.58351893845611,0.0,0.0,1.0,0.04516777715218345,-1.2184705569895626,-1.7203418236558352,6.0,2.0,0.0
6036,3.4339872044851463,0.0,0.0,1.0,1.6537160889562794,-1.2184705569895626,1.3937160173820295,6.0,2.0,1.0
6037,3.5553480614894135,1.0,0.0,1.0,1.0310522263224358,0.5189339468131717,-1.2750248611273538,9.0,2.0,1.0
6038,3.8501476017100584,0.0,0.0,1.0,0.14894508759115738,0.7648617845116996,1.3459503135190405,5.0,1.0,1.0
6039,3.828641396489095,0.0,0.0,0.0,0.04516777715218345,1.118065493240805,1.720599676191665,7.0,1.0,1.0
6040,3.784189633918261,0.0,0.0,1.0,0.07630097028387564,0.48007799722209793,-1.278453338644859,1.0,2.0,0.0
6041,4.204692619390966,0.0,1.0,1.0,-0.4529633129548914,0.7658570276175543,-0.6028497540557329,8.0,1.0,1.0
6042,3.871201010907891,0.0,0.0,0.0,1.0206744952785385,0.7248817033494858,-0.7990511999164255,7.0,2.0,0.0
6043,3.912023005428146,0.0,0.0,1.0,-1.521869610476323,0.062428294641537,0.6041662809464532,7.0,1.0,0.0
6044,3.7612001156935624,0.0,0.0,0.0,-0.5671183544377627,-0.18191717696703555,0.11144560503073955,4.0,1.0,1.0
6045,3.9512437185814275,1.0,0.0,0.0,1.248984578244281,1.0860058884626846,-0.9346340197576254,9.0,1.0,1.0
6046,3.4965075614664802,0.0,1.0,1.0,0.04516777715218345,0.9744445159888465,0.5804190450433404,5.0,1.0,0.0
6047,3.258096538021482,0.0,1.0,1.0,-0.017098609111200903,1.3528793025942722,-1.2525317257533632,7.0,2.0,1.0
6048,3.7376696182833684,0.0,0.0,0.0,-0.7020288580084288,-1.2184705569895626,1.0373616046714733,3.0,2.0,1.0
6049,3.713572066704308,0.0,0.0,1.0,-0.7124065890523262,0.5859846084326518,-1.238237970228658,9.0,1.0,0.0
6050,3.258096538021482,0.0,0.0,1.0,0.19045601176674695,-1.2184705569895626,0.770091970071089,7.0,2.0,1.0
6051,3.7612001156935624,0.0,0.0,1.0,-1.5322473415202202,0.942003849661187,0.6041454169420871,3.0,2.0,0.0
6052,3.6888794541139363,0.0,0.0,1.0,0.38763290160079744,-1.2184705569895626,1.6635767874580154,4.0,2.0,0.0
6053,4.060443010546419,0.0,1.0,0.0,0.19045601176674695,1.5926741307738554,-0.023811736342344826,3.0,2.0,0.0
6054,3.6375861597263857,0.0,0.0,1.0,-1.7294242313542707,-1.2184705569895626,1.2135057876679505,5.0,2.0,1.0
6055,3.6375861597263857,1.0,0.0,0.0,-1.127515830808222,0.7397479070783469,-1.1550415357507884,3.0,2.0,0.0
6056,3.6375861597263857,0.0,0.0,1.0,1.5084278543417158,-0.013424248332713298,-0.25435863685746,4.0,1.0,0.0
6057,3.367295829986474,1.0,0.0,0.0,-0.22465322998914877,0.4855110062811334,-1.3924366979657623,8.0,1.0,1.0
6058,3.8501476017100584,0.0,0.0,1.0,0.719720295005514,0.6350307522759968,0.04380571994185036,1.0,2.0,0.0
6059,3.4339872044851463,0.0,1.0,0.0,0.5121656741275662,-1.2184705569895626,0.2646136509521448,2.0,2.0,0.0
6060,3.4011973816621555,0.0,0.0,0.0,0.667831639786027,0.18963816779005424,1.427453460175875,10.0,1.0,1.0
6061,3.58351893845611,0.0,1.0,1.0,0.1593228186350548,0.34396697458405684,-0.7514141574136959,4.0,2.0,0.0
6062,3.58351893845611,0.0,0.0,1.0,0.13856735654726,0.557701195522546,1.1971887453198151,8.0,1.0,0.0
6063,3.258096538021482,1.0,0.0,1.0,1.6640938200001767,-0.3407873408161314,0.5429686788057938,5.0,1.0,0.0
6064,3.6109179126442243,0.0,0.0,0.0,2.058447599668278,-1.2184705569895626,1.560691165926294,6.0,2.0,1.0
6065,3.6109179126442243,0.0,1.0,0.0,0.03479004610828606,0.9512708502602475,-0.2506693592853745,1.0,1.0,0.0
6066,3.828641396489095,0.0,0.0,0.0,-0.28691961625253315,-0.1194831240531879,1.1748350510416734,3.0,1.0,0.0
6067,3.713572066704308,1.0,0.0,1.0,0.8027421433566931,0.5999713285095729,0.05154783036210571,5.0,2.0,0.0
6068,3.367295829986474,0.0,1.0,0.0,-0.4529633129548914,-1.2184705569895626,-1.5566574502002581,4.0,2.0,0.0
6069,3.58351893845611,1.0,0.0,0.0,-0.006720878067303511,1.402540908873091,-1.231807510216236,1.0,3.0,1.0
6070,3.784189633918261,1.0,0.0,0.0,-1.1690267549838116,0.6423346454553526,-0.7759206692090421,3.0,3.0,0.0
6071,3.4965075614664802,0.0,0.0,1.0,-1.1378935618521193,0.5086624167343605,0.43242996660578054,7.0,1.0,0.0
6072,3.912023005428146,0.0,1.0,1.0,-0.03785407119899569,-1.2184705569895626,0.8609034184092819,5.0,1.0,0.0
6073,3.5553480614894135,0.0,0.0,1.0,-0.9614721341058636,-1.2184705569895626,-0.5860926550821702,4.0,2.0,1.0
6074,3.6888794541139363,0.0,1.0,0.0,0.5121656741275662,-1.2184705569895626,0.16713093721780112,9.0,2.0,1.0
6075,3.7612001156935624,0.0,0.0,1.0,-0.6708956648767367,-1.2184705569895626,0.3925148659857521,1.0,1.0,0.0
6076,3.5263605246161616,0.0,0.0,0.0,0.5432988672592584,0.8709489996835476,-0.4455669787398712,0.0,2.0,1.0
6077,3.6375861597263857,0.0,1.0,0.0,1.4357837370344342,-1.2184705569895626,-0.0266706265406482,3.0,3.0,0.0
6078,3.5263605246161616,0.0,1.0,1.0,1.2904955024198705,-1.2184705569895626,1.3299013736270133,2.0,2.0,1.0
6079,3.4339872044851463,0.0,1.0,0.0,-0.7020288580084288,-1.2184705569895626,1.4738730880238262,5.0,2.0,1.0
6080,4.07753744390572,0.0,0.0,0.0,0.2631001290740287,0.22288434699827295,-1.6942094843202387,1.0,1.0,1.0
6081,3.8918202981106265,1.0,0.0,0.0,2.058447599668278,0.5741676976495761,0.1968955258468817,6.0,1.0,0.0
6082,3.871201010907891,0.0,1.0,0.0,0.6989648329177193,0.645105987623827,-0.6499132103050901,9.0,1.0,0.0
6083,3.332204510175204,0.0,0.0,0.0,0.1178118944594652,-1.2184705569895626,0.8766185342314472,9.0,2.0,0.0
6084,4.0943445622221,0.0,0.0,1.0,-1.3869591069056568,1.0034088762813846,0.4075559006001799,5.0,1.0,1.0
6085,3.5263605246161616,0.0,1.0,1.0,-0.7227843200962236,-1.2184705569895626,-0.4774442216777512,6.0,2.0,1.0
6086,3.871201010907891,1.0,0.0,1.0,-0.7954284374035054,0.509370422689008,-0.6429435896465001,9.0,2.0,1.0
6087,4.204692619390966,0.0,1.0,1.0,-1.3039372585544777,0.8956941440292581,1.007289793578098,7.0,2.0,1.0
6088,3.6375861597263857,1.0,0.0,1.0,0.1178118944594652,1.0811210956833217,1.3223564280480202,7.0,2.0,1.0
6089,3.6888794541139363,0.0,1.0,1.0,0.44989928786418176,-0.16941131330678919,-1.7245372272005084,4.0,1.0,1.0
6090,3.58351893845611,0.0,0.0,0.0,-0.7435397821840184,0.4162087192115836,1.1797648675400436,1.0,1.0,1.0
6091,3.784189633918261,0.0,0.0,0.0,0.27347786011792613,1.632675666661967,0.1734252596017323,7.0,1.0,0.0
6092,3.784189633918261,0.0,1.0,0.0,-0.29729734729643054,0.7594713646846715,0.9471776412645989,4.0,2.0,0.0
6093,4.356708826689592,1.0,0.0,1.0,1.7886265925269456,-0.7778937579183394,-1.698414798266986,3.0,2.0,1.0
6094,3.784189633918261,0.0,0.0,1.0,0.8546307985761801,0.5076048908794425,1.4270003635477184,7.0,1.0,0.0
6095,3.9889840465642745,0.0,0.0,0.0,-0.11049818850627745,0.7642586505381227,1.0376253604600048,0.0,2.0,1.0
6096,3.332204510175204,0.0,1.0,1.0,1.2801177713759733,-1.2184705569895626,-1.03666334777681,4.0,1.0,1.0
6097,3.5263605246161616,1.0,0.0,1.0,-0.24540869207694355,1.2175036647028834,-1.1867664714567936,8.0,1.0,1.0
6098,3.713572066704308,0.0,0.0,1.0,-1.8332015417932448,1.3563860295093988,1.2033460607417408,7.0,1.0,1.0
6099,4.0943445622221,0.0,0.0,0.0,-1.0444939824570427,1.4548568169873113,1.026725830712304,2.0,1.0,0.0
6100,3.9318256327243257,0.0,0.0,0.0,-0.12087591955017483,0.663861901136091,-0.31072622198730215,9.0,2.0,0.0
6101,3.6888794541139363,0.0,1.0,0.0,1.1555849988492046,-1.2184705569895626,-1.4078428526566018,7.0,2.0,0.0
6102,4.110873864173311,0.0,0.0,1.0,1.0829408815419228,-1.2184705569895626,1.1489494285577093,2.0,1.0,1.0
6103,3.6375861597263857,1.0,0.0,1.0,-0.03785407119899569,0.8910319040036178,-0.2353567448807777,6.0,1.0,0.0
6104,3.8501476017100584,0.0,0.0,0.0,1.5084278543417158,-1.2184705569895626,1.0820948993665114,8.0,1.0,0.0
6105,4.02535169073515,1.0,0.0,0.0,0.38763290160079744,0.003116865005276708,-1.0095837826429797,1.0,1.0,0.0
6106,3.4339872044851463,0.0,1.0,1.0,-0.733162051140121,-0.3652151473504191,1.671745566767563,0.0,1.0,0.0
6107,3.6375861597263857,0.0,0.0,1.0,0.429143825776387,-1.2184705569895626,-0.3053749526007313,1.0,2.0,1.0
6108,4.204692619390966,0.0,0.0,0.0,-0.7020288580084288,-1.2184705569895626,-0.884597442886059,5.0,1.0,0.0
6109,3.258096538021482,1.0,0.0,1.0,-0.8576948236668898,1.5587868715470008,-0.9745268654396632,9.0,2.0,1.0
6110,3.6635616461296463,0.0,0.0,1.0,0.6055652535226427,-1.2184705569895626,-1.7444919087099222,2.0,2.0,0.0
6111,3.4965075614664802,0.0,1.0,1.0,-0.22465322998914877,0.09497495371953062,0.7979640196374358,4.0,1.0,0.0
6112,4.07753744390572,0.0,0.0,0.0,-1.8747124659688343,0.6182072050836427,-1.1147682697224701,4.0,1.0,1.0
6113,3.9512437185814275,1.0,0.0,1.0,1.4254060059905367,0.4575132294232871,-0.45493804630103163,3.0,1.0,0.0
6114,3.4011973816621555,1.0,0.0,0.0,-0.7020288580084288,0.4659497399982052,0.6617147687234327,7.0,1.0,1.0
6115,4.07753744390572,0.0,1.0,1.0,-1.6879133071786812,-1.2184705569895626,1.5819788834480166,4.0,2.0,1.0
6116,3.6635616461296463,1.0,0.0,1.0,0.3046110532496183,1.6923968175189292,-0.7461242629733028,6.0,2.0,1.0
6117,3.7376696182833684,0.0,0.0,1.0,0.5848097914348479,-1.2184705569895626,0.4862935234782506,0.0,1.0,0.0
6118,4.219507705176107,1.0,0.0,1.0,0.07630097028387564,0.6614053350207231,-0.9625295413288844,6.0,1.0,1.0
6119,3.332204510175204,1.0,0.0,0.0,-0.4737187750426862,1.5403883233198503,0.1915599044635855,6.0,1.0,1.0
6120,3.5263605246161616,0.0,0.0,0.0,-0.048231802242893085,-1.2184705569895626,0.9022247529236048,4.0,1.0,0.0
6121,3.2188758248682006,0.0,0.0,0.0,0.875386260663975,-1.2184705569895626,0.15516630004719614,0.0,2.0,0.0
6122,3.5263605246161616,0.0,0.0,1.0,1.3423841576393576,0.21093422478275303,-1.625171884805505,3.0,1.0,0.0
6123,3.9512437185814275,0.0,1.0,0.0,-0.6397624717450445,0.13405169485548427,1.5735945094266828,10.0,2.0,1.0
6124,3.6109179126442243,0.0,0.0,1.0,0.6885871018738219,-1.2184705569895626,-0.9479459500101893,9.0,1.0,0.0
6125,3.784189633918261,0.0,0.0,1.0,0.32536651533741306,-1.2184705569895626,-0.06392191540319896,8.0,1.0,0.0
6126,3.8918202981106265,0.0,1.0,0.0,0.771608950225001,0.3811263997302085,-0.6277987566103496,6.0,1.0,0.0
6127,3.332204510175204,1.0,0.0,0.0,-0.152009112681867,0.9565085252476706,0.017156474898076864,7.0,1.0,1.0
6128,3.871201010907891,1.0,0.0,0.0,0.09705643237167041,0.534630640566175,1.5281617489852617,0.0,1.0,0.0
6129,3.828641396489095,1.0,0.0,0.0,-0.006720878067303511,0.16990734512857072,-0.2531742568762618,6.0,1.0,0.0
6130,3.58351893845611,0.0,1.0,1.0,-0.5878738165255575,-1.2184705569895626,-0.007224157404259013,8.0,1.0,0.0
6131,3.2188758248682006,0.0,0.0,1.0,0.1593228186350548,-1.2184705569895626,1.3891695769638914,4.0,2.0,0.0
6132,3.6375861597263857,1.0,0.0,0.0,-0.21427549894525139,0.7316955001409683,-1.3437230728377276,2.0,2.0,1.0
6133,3.784189633918261,0.0,0.0,0.0,-0.41145238877930185,1.015004034860212,-0.40516261721745117,4.0,2.0,1.0
6134,3.4339872044851463,1.0,0.0,1.0,-0.25578642312084093,0.5807317230052264,0.30596715080653214,6.0,1.0,1.0
6135,3.7612001156935624,1.0,0.0,1.0,-0.7539175132279158,1.093297293070249,-1.3550160629344379,0.0,1.0,1.0
6136,3.828641396489095,0.0,0.0,0.0,-0.8784502857546845,-1.2184705569895626,0.3585461804768455,4.0,2.0,1.0
6137,4.110873864173311,0.0,1.0,1.0,-0.5774960854816601,0.7333966677728385,-1.2191055043579826,7.0,1.0,1.0
6138,3.4011973816621555,1.0,0.0,1.0,0.958408109015154,0.7626818882944841,0.7150572470868527,6.0,2.0,0.0
6139,3.367295829986474,1.0,0.0,1.0,1.1452072678053071,0.785398120053742,0.09723895672426407,3.0,2.0,1.0
6140,3.871201010907891,0.0,1.0,1.0,1.1970959230247942,-1.2184705569895626,0.37439013152597306,5.0,1.0,0.0
6141,3.713572066704308,1.0,0.0,0.0,-0.10012045746238005,0.854992447571342,-0.24918679790844017,6.0,2.0,1.0
6142,4.02535169073515,0.0,1.0,1.0,0.014034584020491275,-1.2184705569895626,-1.0164988091568108,7.0,2.0,1.0
6143,3.912023005428146,0.0,0.0,0.0,1.8924039029659194,1.352930377650702,0.5014776503892914,8.0,2.0,0.0
6144,3.5263605246161616,1.0,0.0,1.0,0.9376526469273593,0.9900525088601507,-0.8527151578137906,1.0,1.0,1.0
6145,3.1354942159291497,0.0,1.0,0.0,0.055545508196080846,-1.2184705569895626,1.181959413065981,6.0,3.0,1.0
6146,3.5263605246161616,0.0,1.0,0.0,0.18007828072284957,-1.2184705569895626,0.48868297357831064,8.0,2.0,1.0
6147,3.713572066704308,0.0,1.0,0.0,0.4706547499519766,0.8683113492772013,0.28722449408410217,7.0,2.0,1.0
6148,3.7612001156935624,0.0,1.0,1.0,-0.19352003685745658,-1.2184705569895626,-0.3655220521215436,10.0,1.0,1.0
6149,3.4657359027997265,0.0,0.0,0.0,0.3564997084691052,-1.2184705569895626,-1.6626705859865003,1.0,2.0,0.0
6150,3.7376696182833684,0.0,1.0,0.0,-0.1831423058135592,-1.2184705569895626,1.1148063547456404,4.0,2.0,1.0
6151,3.784189633918261,0.0,0.0,1.0,-0.12087591955017483,0.9015826657388979,-0.5363264409338513,7.0,1.0,0.0
6152,3.7376696182833684,0.0,1.0,1.0,-0.5567406233938653,-1.2184705569895626,1.0696825554355447,8.0,2.0,1.0
6153,3.8501476017100584,0.0,1.0,1.0,0.4187660947324896,-1.2184705569895626,0.09652732030866726,2.0,2.0,1.0
6154,3.5263605246161616,0.0,0.0,1.0,0.014034584020491275,-1.2184705569895626,-0.8180736081640682,1.0,2.0,0.0
6155,3.4965075614664802,0.0,0.0,0.0,-0.2661641541647383,-1.2184705569895626,1.5081415197287968,0.0,2.0,0.0
6156,3.4011973816621555,0.0,0.0,0.0,-1.075627175588735,-1.2184705569895626,-0.8999011900888001,4.0,2.0,1.0
6157,3.367295829986474,1.0,0.0,0.0,-0.8576948236668898,0.3831490680307654,-1.6564642401543137,3.0,1.0,0.0
6158,3.4657359027997265,0.0,0.0,1.0,1.3735173507710499,-1.2184705569895626,0.7436821394774196,7.0,2.0,1.0
6159,3.5553480614894135,0.0,0.0,0.0,-0.1623868437257644,-1.2184705569895626,-0.9680035606078108,3.0,2.0,1.0
6160,3.8501476017100584,0.0,1.0,0.0,-0.006720878067303511,0.21840447214276903,0.9735540894512824,4.0,1.0,0.0
6161,3.5553480614894135,0.0,0.0,1.0,0.21121147385454175,-1.2184705569895626,-1.350861344198279,6.0,1.0,0.0
6162,3.4965075614664802,0.0,0.0,1.0,-0.3284305404281227,-1.2184705569895626,-0.7700938743896208,6.0,2.0,0.0
6163,3.970291913552122,0.0,0.0,0.0,1.9650480202732012,-1.2184705569895626,1.4397627011519314,5.0,1.0,0.0
6164,3.5553480614894135,0.0,1.0,1.0,-0.9614721341058636,-1.2184705569895626,1.4354026458394669,0.0,1.0,0.0
6165,3.8066624897703196,0.0,0.0,1.0,0.8650085296200775,0.713761750938319,-0.44501095302350724,9.0,1.0,0.0
6166,3.713572066704308,0.0,0.0,1.0,0.24234466698623391,0.5941153091085704,-1.1449805651119127,7.0,2.0,0.0
6167,3.970291913552122,1.0,0.0,0.0,0.481032480995874,0.5092232816957196,1.1902062585251996,1.0,1.0,0.0
6168,3.5263605246161616,0.0,0.0,1.0,-1.8954679280566291,0.8280304216227257,1.0961588031097806,1.0,1.0,0.0
6169,3.4011973816621555,1.0,0.0,0.0,-2.165288935197961,0.3670594645960106,-1.5559485956519106,9.0,2.0,0.0
6170,3.7376696182833684,0.0,0.0,1.0,0.22158920489843914,-1.2184705569895626,-0.6046040690895397,5.0,1.0,1.0
6171,3.8066624897703196,0.0,0.0,1.0,-0.06898726433068787,-1.2184705569895626,1.1523177481959588,10.0,2.0,1.0
6172,3.8501476017100584,0.0,0.0,0.0,0.9480303779712567,-1.2184705569895626,0.226110000227502,9.0,1.0,0.0
6173,3.332204510175204,0.0,0.0,1.0,0.1593228186350548,1.292240561930416,0.8514478516304376,7.0,1.0,1.0
6174,3.784189633918261,0.0,0.0,0.0,0.06592323923997824,1.0272365909300958,-1.6983746350585807,7.0,2.0,0.0
6175,3.7612001156935624,1.0,0.0,1.0,-1.5322473415202202,0.8835699823581293,0.8565802228378645,7.0,2.0,1.0
6176,3.6635616461296463,0.0,0.0,0.0,0.10743416341556782,0.3262666656079735,0.3447449893218899,2.0,1.0,0.0
6177,3.4965075614664802,1.0,0.0,0.0,0.32536651533741306,0.9937854710565792,1.5260678722803918,0.0,2.0,1.0
6178,3.58351893845611,0.0,0.0,1.0,0.6885871018738219,0.3435641380888299,-0.815774742616299,3.0,1.0,1.0
6179,3.4011973816621555,0.0,0.0,0.0,0.6263207156104375,-1.2184705569895626,0.7640348018701222,2.0,1.0,1.0
6180,4.174387269895637,0.0,1.0,0.0,-0.5567406233938653,-0.21009956053354506,0.9013646343436007,1.0,1.0,1.0
6181,3.58351893845611,0.0,1.0,0.0,0.44989928786418176,0.06013712204746065,0.4789396574059133,7.0,2.0,1.0
6182,4.07753744390572,0.0,0.0,0.0,1.1555849988492046,1.79017929255925,-1.1232851301715303,9.0,1.0,1.0
6183,3.6635616461296463,0.0,0.0,0.0,0.7300980260494114,-1.2184705569895626,1.174529219511003,3.0,2.0,1.0
6184,3.784189633918261,0.0,0.0,0.0,-0.05860953328679048,1.0720916981680917,-0.6692770927575292,8.0,1.0,0.0
6185,4.0943445622221,1.0,0.0,0.0,-0.1831423058135592,0.3142142331696995,-0.04332566575951898,3.0,1.0,0.0
6186,3.784189633918261,0.0,0.0,1.0,0.27347786011792613,0.9147890101887378,0.1843247893494333,1.0,1.0,0.0
6187,3.5263605246161616,0.0,0.0,1.0,-0.1727645747696618,-1.2184705569895626,1.3498322353981087,1.0,3.0,0.0
6188,3.713572066704308,0.0,0.0,1.0,-1.9266011211883212,0.24800895179457455,0.7090091199544444,4.0,1.0,0.0
6189,3.258096538021482,0.0,0.0,1.0,-1.2624263343788882,1.3842810158148067,-0.6311754218503455,9.0,1.0,0.0
6190,3.5263605246161616,1.0,0.0,0.0,1.0725631504980253,0.2314894532923778,-1.0053598649590054,6.0,2.0,1.0
6191,3.5263605246161616,0.0,1.0,0.0,1.9442925581854065,-0.008160955762127992,-0.6564662463431646,10.0,1.0,0.0
6192,3.8066624897703196,1.0,0.0,1.0,-1.7709351555298602,1.4027608998684968,-0.07489429529947929,3.0,1.0,0.0
6193,3.1780538303479458,0.0,1.0,1.0,1.352761888683255,0.35144955040596954,0.7329529990987107,10.0,1.0,1.0
6194,3.4339872044851463,1.0,0.0,1.0,-0.41145238877930185,1.0696623507348335,0.09491835783861322,9.0,1.0,0.0
6195,3.6109179126442243,1.0,0.0,1.0,0.20083374281064434,0.6499361829290752,1.6129713187340584,2.0,1.0,0.0
6196,3.4011973816621555,0.0,0.0,1.0,1.0725631504980253,0.6553898461645351,-1.3660550337779875,9.0,1.0,1.0
6197,3.6635616461296463,0.0,0.0,0.0,0.32536651533741306,0.8247968421880666,0.4071050642391631,5.0,1.0,0.0
6198,3.871201010907891,0.0,1.0,1.0,1.456539199122229,-1.2184705569895626,-1.6495326963036925,0.0,1.0,1.0
6199,3.258096538021482,1.0,0.0,0.0,1.6744715510440742,0.7607508028537324,0.5655543112658084,5.0,1.0,1.0
6200,3.4339872044851463,0.0,1.0,0.0,-1.1794044860277089,-1.2184705569895626,-1.0299574829067517,8.0,2.0,1.0
6201,3.7612001156935624,1.0,0.0,0.0,1.404650543902742,-0.025908497157166522,-0.9763898471628779,2.0,2.0,1.0
6202,3.5553480614894135,0.0,0.0,1.0,-0.494474237130481,-1.2184705569895626,1.523894016892118,7.0,2.0,1.0
6203,3.8918202981106265,0.0,0.0,0.0,-0.3388082714720201,-1.2184705569895626,-1.431554619752292,4.0,1.0,0.0
6204,4.1588830833596715,0.0,0.0,1.0,0.04516777715218345,-1.2184705569895626,-0.7548746264045634,8.0,2.0,1.0
6205,4.07753744390572,1.0,0.0,1.0,-0.19352003685745658,0.8331363261667576,0.8207210846666605,2.0,2.0,0.0
6206,3.4339872044851463,0.0,0.0,1.0,-0.10012045746238005,0.6627289635207392,-0.6685778008778493,8.0,1.0,0.0
6207,3.871201010907891,1.0,0.0,1.0,-0.8265616305351976,0.3722760050773247,1.6711817170495615,4.0,1.0,0.0
6208,3.4011973816621555,0.0,0.0,1.0,-1.6775355761347839,-1.2184705569895626,-1.1882349496307807,4.0,2.0,0.0
6209,3.5553480614894135,0.0,0.0,0.0,2.058447599668278,0.2689386773480529,-0.051558428015790185,9.0,2.0,0.0
6210,3.4965075614664802,0.0,0.0,1.0,-0.25578642312084093,-1.2184705569895626,0.04966207210079077,10.0,2.0,0.0
6211,3.58351893845611,1.0,0.0,1.0,-0.5152296992182758,0.23216383616912478,-0.8473546734919578,7.0,2.0,1.0
6212,3.1354942159291497,1.0,0.0,1.0,0.5951875224787453,0.5899660611857548,0.9527940573733259,0.0,1.0,0.0
6213,3.7376696182833684,0.0,1.0,1.0,-0.29729734729643054,1.0616885577557842,-1.2457950864768645,2.0,1.0,0.0
6214,3.5263605246161616,0.0,0.0,1.0,-1.0341162514131454,1.0379833271765677,-1.556277203720681,5.0,1.0,1.0
6215,3.7612001156935624,0.0,0.0,1.0,-0.3284305404281227,-1.2184705569895626,-1.6378066042496768,4.0,2.0,0.0
6216,3.4339872044851463,0.0,0.0,1.0,-0.8265616305351976,0.6659695877907676,0.0071725272086539775,6.0,1.0,0.0
6217,3.7376696182833684,0.0,1.0,1.0,1.8093820546147403,1.1266023927197404,1.3996857306313606,5.0,2.0,0.0
6218,3.7612001156935624,1.0,0.0,1.0,-2.020000700583398,0.8112837271798584,0.44640467673038314,4.0,1.0,1.0
6219,3.6375861597263857,0.0,1.0,0.0,0.055545508196080846,1.4010422802580973,-0.9776131732855602,0.0,1.0,1.0
6220,3.6109179126442243,1.0,0.0,0.0,-0.6812733959206341,0.44188009929850525,1.6281098925688993,5.0,1.0,0.0
6221,4.07753744390572,0.0,1.0,0.0,-0.3076750783403279,-1.2184705569895626,-1.167584105842342,2.0,2.0,1.0
6222,3.6375861597263857,0.0,0.0,1.0,-0.8473170926229924,-1.2184705569895626,1.518329413060901,6.0,1.0,1.0
6223,4.07753744390572,1.0,0.0,0.0,-0.41145238877930185,1.177438405076655,0.25610548383823717,1.0,1.0,1.0
6224,3.091042453358316,0.0,0.0,0.0,-1.3765813758617593,1.1244106483703127,1.6419272533272389,1.0,2.0,1.0
6225,3.6109179126442243,0.0,0.0,1.0,1.0206744952785385,0.9669161487370315,-1.2854139182348905,7.0,3.0,1.0
6226,3.7612001156935624,1.0,0.0,0.0,0.6989648329177193,0.9786701363314649,0.8461412659865515,5.0,3.0,0.0
6227,3.6635616461296463,1.0,0.0,0.0,1.1348295367614096,0.7113360860326404,0.15584246765536997,1.0,2.0,0.0
6228,3.6375861597263857,0.0,0.0,1.0,-1.708668769266476,-1.2184705569895626,0.45711782137241136,2.0,2.0,1.0
6229,3.8918202981106265,0.0,0.0,1.0,-1.7501796934420655,-1.2184705569895626,0.16740043060753357,1.0,2.0,1.0
6230,3.7612001156935624,0.0,1.0,1.0,0.19045601176674695,0.08785070384210021,1.5264889774351866,3.0,1.0,0.0
6231,3.4339872044851463,0.0,0.0,1.0,1.2801177713759733,-1.2184705569895626,-0.8883449658036673,4.0,2.0,0.0
6232,3.58351893845611,1.0,0.0,1.0,1.4461614680783315,0.8602134711297095,1.4167870856769686,5.0,1.0,1.0
6233,3.4339872044851463,0.0,0.0,0.0,-1.7501796934420655,-1.2184705569895626,0.6246279577619704,9.0,2.0,0.0
6234,3.6635616461296463,0.0,0.0,1.0,1.8197597856586376,-1.2184705569895626,0.04996442629740025,5.0,2.0,0.0
6235,3.6888794541139363,0.0,0.0,0.0,2.058447599668278,1.1605485723878686,1.327645800888304,2.0,1.0,1.0
6236,3.7612001156935624,0.0,1.0,1.0,-0.017098609111200903,1.8961898150915062,1.2277426887807572,4.0,1.0,0.0
6237,3.8501476017100584,0.0,0.0,1.0,1.4772946612100237,-1.2184705569895626,1.6498985200621181,6.0,2.0,0.0
6238,3.5553480614894135,0.0,1.0,1.0,-0.8576948236668898,1.2126262369786798,0.03248734530649429,0.0,1.0,0.0
6239,3.713572066704308,0.0,0.0,1.0,-0.442585581910994,-1.2184705569895626,-0.05241993752941876,6.0,2.0,1.0
6240,4.127134385045092,0.0,0.0,0.0,-0.6501402027889419,-1.2184705569895626,-0.6836913379074504,1.0,1.0,0.0
6241,3.295836866004329,0.0,0.0,0.0,1.5706942406051003,-1.2184705569895626,1.4044462009609566,4.0,2.0,1.0
6242,3.5553480614894135,0.0,0.0,0.0,-1.0341162514131454,-1.2184705569895626,-1.722669203342905,5.0,2.0,1.0
6243,3.6375861597263857,0.0,0.0,1.0,1.5188055853856133,-1.2184705569895626,0.17998664124155342,8.0,3.0,0.0
6244,3.6635616461296463,0.0,0.0,1.0,0.667831639786027,-1.2184705569895626,1.5517152973811734,4.0,2.0,0.0
6245,3.912023005428146,1.0,0.0,1.0,-0.7954284374035054,0.722143824149017,1.1761950363929556,7.0,4.0,1.0
6246,3.4339872044851463,1.0,0.0,0.0,0.8546307985761801,0.7515276723658376,-0.416032241892227,7.0,1.0,1.0
6247,3.367295829986474,0.0,0.0,1.0,1.2801177713759733,0.5614343178288695,0.8502033137699831,9.0,1.0,0.0
6248,3.784189633918261,0.0,1.0,0.0,-0.9510944030619662,0.3048220266329335,0.3955493615541393,4.0,2.0,0.0
6249,3.2188758248682006,0.0,1.0,0.0,0.5432988672592584,-1.2184705569895626,-1.1271959139233056,2.0,1.0,0.0
6250,3.970291913552122,0.0,0.0,0.0,-0.785050706359608,1.5070576060871963,0.8353648338646121,9.0,2.0,0.0
6251,3.6109179126442243,0.0,0.0,1.0,0.02441231506438867,0.5789685928440822,-1.522340335818433,2.0,1.0,0.0
6252,3.6109179126442243,0.0,0.0,1.0,-0.9303389409741715,-1.2184705569895626,-1.1750949735475364,6.0,2.0,0.0
6253,3.6375861597263857,0.0,0.0,1.0,1.1244518057175124,-1.2184705569895626,-1.1747834044156649,7.0,1.0,0.0
6254,3.4657359027997265,0.0,0.0,0.0,2.058447599668278,-1.2184705569895626,-1.1709658132167262,4.0,2.0,1.0
6255,3.4965075614664802,1.0,0.0,0.0,2.058447599668278,0.6543174300894042,1.2981467067147858,0.0,1.0,0.0
6256,3.1780538303479458,0.0,1.0,0.0,-0.28691961625253315,-1.2184705569895626,1.6732448193479907,6.0,2.0,1.0
6257,4.356708826689592,1.0,0.0,0.0,1.2801177713759733,0.9449433072191639,-1.0883125383191947,6.0,1.0,0.0
6258,3.1780538303479458,0.0,1.0,1.0,-0.5878738165255575,-1.2184705569895626,1.1762896198794166,7.0,2.0,1.0
6259,3.6109179126442243,0.0,1.0,0.0,1.0414299573663333,-1.2184705569895626,-0.902823541633718,3.0,2.0,1.0
6260,3.828641396489095,0.0,1.0,1.0,0.6263207156104375,0.5906855950528251,1.7033267147101432,6.0,1.0,0.0
6261,3.6375861597263857,0.0,0.0,1.0,1.3112509645076653,1.0519481121979057,1.3733826541933656,3.0,1.0,1.0
6262,3.4339872044851463,1.0,0.0,1.0,-1.8228238107493473,0.9328687796154126,-0.5578992998485812,3.0,1.0,0.0
6263,3.4339872044851463,0.0,1.0,0.0,0.34612197742520784,-1.2184705569895626,1.2543637674186363,2.0,3.0,1.0
6264,3.6375861597263857,0.0,0.0,1.0,-1.1794044860277089,0.9390435778168904,1.0793690171960435,1.0,1.0,0.0
6265,3.4011973816621555,0.0,0.0,1.0,0.2838555911618235,-1.2184705569895626,-0.638859808525187,3.0,2.0,1.0
6266,3.5263605246161616,0.0,0.0,1.0,-0.5774960854816601,-1.2184705569895626,0.3609126801721024,8.0,1.0,0.0
6267,3.58351893845611,0.0,0.0,1.0,0.719720295005514,-1.2184705569895626,-0.5013799290869738,10.0,2.0,0.0
6268,3.4965075614664802,0.0,0.0,0.0,0.07630097028387564,1.2725865920184194,0.9255201092654824,2.0,1.0,1.0
6269,3.9512437185814275,0.0,0.0,0.0,0.6470761776982322,0.1954418312554689,-1.6442358471951775,4.0,3.0,0.0
6270,3.4339872044851463,1.0,0.0,1.0,1.0518076884102305,0.5559396664603499,-0.7395423650625215,1.0,1.0,1.0
6271,3.4339872044851463,0.0,0.0,0.0,2.058447599668278,-1.2184705569895626,0.2827335171442384,3.0,2.0,0.0
6272,3.295836866004329,0.0,1.0,1.0,-1.8747124659688343,-1.2184705569895626,1.3774516566449193,8.0,2.0,1.0
6273,3.828641396489095,0.0,0.0,1.0,-1.4284700310812464,1.644739306792875,-0.6964423741759648,1.0,1.0,0.0
6274,4.110873864173311,0.0,1.0,1.0,0.07630097028387564,-1.2184705569895626,1.339628346329324,2.0,1.0,0.0
6275,3.4965075614664802,1.0,0.0,1.0,0.1178118944594652,0.5201125157485315,1.4243841912668773,3.0,1.0,1.0
6276,4.2626798770413155,0.0,0.0,1.0,-0.25578642312084093,0.29323551398842335,0.7801087785673889,1.0,1.0,1.0
6277,3.5263605246161616,1.0,0.0,1.0,-1.1378935618521193,1.06903984346399,-0.3945631813992198,8.0,2.0,0.0
6278,3.4965075614664802,0.0,0.0,0.0,-0.4840965060865836,-1.2184705569895626,-1.013573501877941,5.0,2.0,1.0
6279,3.6375861597263857,0.0,1.0,1.0,-0.7539175132279158,1.218608262866862,0.3440448281086947,5.0,2.0,0.0
6280,3.9512437185814275,0.0,1.0,1.0,1.0518076884102305,0.05939405202585968,-0.5593469140182019,4.0,2.0,1.0
6281,3.4011973816621555,0.0,0.0,1.0,0.9065194537956671,-1.2184705569895626,1.113676916642607,1.0,2.0,1.0
6282,3.6635616461296463,0.0,0.0,0.0,2.058447599668278,0.4926528682469878,-1.236162349527609,1.0,2.0,0.0
6283,3.6375861597263857,0.0,0.0,1.0,-1.553002803608015,-1.2184705569895626,-0.41360471498419854,10.0,1.0,1.0
6284,3.091042453358316,0.0,0.0,1.0,0.39801063264469483,-1.2184705569895626,0.9623800241794606,8.0,2.0,1.0
6285,3.713572066704308,0.0,0.0,0.0,-1.0548717135009402,1.1910283728343503,1.1481621601262846,8.0,1.0,0.0
6286,3.4011973816621555,0.0,0.0,1.0,0.07630097028387564,0.7539571799089904,-0.7556226009610981,6.0,1.0,1.0
6287,3.295836866004329,0.0,1.0,1.0,0.39801063264469483,0.6438993994568836,-0.2986723911980311,8.0,1.0,1.0
6288,3.6109179126442243,0.0,1.0,1.0,-0.3076750783403279,-1.2184705569895626,0.07687186339520807,9.0,2.0,1.0
6289,3.5553480614894135,0.0,0.0,1.0,-2.1756666662418587,-1.2184705569895626,-0.5579071238502186,4.0,2.0,0.0
6290,4.1588830833596715,0.0,1.0,1.0,-1.2728040654227855,0.32073166654597324,0.14433840338115322,4.0,3.0,0.0
6291,3.295836866004329,0.0,0.0,0.0,0.8961417227517697,-1.2184705569895626,-0.5728408827088626,3.0,2.0,0.0
6292,3.6109179126442243,1.0,0.0,0.0,0.03479004610828606,0.7399038541158474,-1.586527228184686,10.0,1.0,0.0
6293,3.8066624897703196,1.0,0.0,1.0,1.0829408815419228,0.9822734095131344,1.5493715742240164,10.0,1.0,0.0
6294,3.332204510175204,0.0,0.0,0.0,1.3423841576393576,-1.2184705569895626,-0.47746212994816567,5.0,2.0,0.0
6295,3.4657359027997265,0.0,0.0,0.0,-0.6190070096572498,0.12808744116562107,0.2773860728251347,2.0,2.0,1.0
6296,3.58351893845611,0.0,0.0,1.0,-0.6293847407011471,1.7119768166595448,-0.7720116241242974,7.0,1.0,1.0
6297,3.6375861597263857,1.0,0.0,0.0,1.3320064265954603,0.30571576006550744,0.4499513836059651,10.0,1.0,0.0
6298,3.7612001156935624,1.0,0.0,0.0,-0.36994146460371224,0.6692243017315354,0.8664737598416998,6.0,2.0,0.0
6299,3.912023005428146,0.0,1.0,0.0,-1.1794044860277089,1.0460283690587873,1.2752768021952794,9.0,1.0,0.0
6300,3.4965075614664802,0.0,0.0,1.0,-0.5048519681743784,-1.2184705569895626,1.6973676073296984,7.0,1.0,0.0
6301,3.6888794541139363,0.0,0.0,1.0,-0.5256074302621732,-0.055309957462411075,-1.0197871501116555,3.0,1.0,0.0
6302,3.7612001156935624,0.0,0.0,0.0,-0.13125365059407224,-1.2184705569895626,1.1692723597441899,4.0,2.0,0.0
6303,3.871201010907891,1.0,0.0,1.0,1.1867181919808967,0.8515899521977066,1.2084460927423997,9.0,1.0,0.0
6304,3.828641396489095,0.0,0.0,0.0,0.19045601176674695,0.46156865294777105,0.9647953804182752,9.0,1.0,0.0
6305,3.8066624897703196,0.0,0.0,0.0,0.13856735654726,-1.2184705569895626,-0.5891075037131124,7.0,2.0,1.0
6306,3.2188758248682006,0.0,1.0,1.0,-1.604891458827502,-1.2184705569895626,-0.4179978049702433,3.0,2.0,0.0
6307,3.713572066704308,0.0,0.0,1.0,2.058447599668278,0.01300204990802198,1.282304320465986,1.0,1.0,0.0
6308,3.091042453358316,0.0,0.0,1.0,-0.2661641541647383,-1.2184705569895626,-0.5946077768642,1.0,2.0,0.0
6309,3.784189633918261,0.0,0.0,0.0,1.0725631504980253,-1.2184705569895626,-1.4320461409218233,9.0,2.0,0.0
6310,3.713572066704308,0.0,0.0,0.0,2.058447599668278,-1.2184705569895626,-1.1370385079831462,5.0,2.0,0.0
6311,3.7612001156935624,1.0,0.0,1.0,0.1178118944594652,0.22650186996057634,-0.3696677297891437,5.0,1.0,1.0
6312,3.828641396489095,0.0,1.0,0.0,0.532921136215361,-1.2184705569895626,1.4318413341608283,1.0,1.0,0.0
6313,3.4657359027997265,0.0,1.0,1.0,-0.9095834788863767,0.7262541653674051,-1.3909197109816234,5.0,1.0,1.0
6314,3.58351893845611,0.0,0.0,0.0,-0.13125365059407224,-1.2184705569895626,1.1131414071972034,8.0,1.0,0.0
6315,3.4965075614664802,0.0,0.0,0.0,0.8027421433566931,-0.6012459520139892,1.3700511942961637,7.0,1.0,1.0
6316,3.6888794541139363,1.0,0.0,1.0,-0.9718498651497611,1.0992325668691596,-1.348390698347893,10.0,1.0,0.0
6317,4.248495242049359,1.0,0.0,0.0,-0.4322078508670966,0.15908631789092867,1.6049943143979786,5.0,3.0,0.0
6318,3.5263605246161616,0.0,1.0,0.0,-1.1067603687204273,1.5567385856632812,0.8697088975854106,7.0,1.0,0.0
6319,3.4965075614664802,1.0,0.0,0.0,-1.8539570038810396,1.1287765249807444,-0.4778611540316727,5.0,2.0,1.0
6320,3.58351893845611,1.0,0.0,0.0,0.9480303779712567,1.1316423319871296,1.5452648426979003,1.0,1.0,0.0
6321,3.4339872044851463,1.0,0.0,0.0,0.2838555911618235,0.02958110929107104,0.3602547685677492,4.0,1.0,1.0
6322,3.4011973816621555,1.0,0.0,0.0,1.010296764234641,0.9759804502093199,0.04423916963256208,7.0,3.0,0.0
6323,4.290459441148391,1.0,0.0,0.0,-0.5671183544377627,0.7825539278831498,-1.6219473529306805,6.0,2.0,1.0
6324,3.6888794541139363,0.0,0.0,0.0,1.1036963436297176,0.8206531981115677,-0.7624800775962188,6.0,1.0,1.0
6325,3.091042453358316,0.0,0.0,1.0,0.6574539087421296,-1.2184705569895626,-0.5522816666729328,8.0,2.0,0.0
6326,3.8066624897703196,1.0,0.0,1.0,-0.4529633129548914,0.6100399993517179,-0.3929549143959779,7.0,1.0,1.0
6327,3.6888794541139363,0.0,1.0,0.0,-0.13125365059407224,1.0517140315317606,-0.13866442917851365,1.0,1.0,0.0
6328,3.784189633918261,0.0,1.0,1.0,-1.5633805346519125,0.4552100485871034,-0.3356966101463944,6.0,1.0,0.0
6329,3.713572066704308,0.0,0.0,0.0,-0.22465322998914877,0.6809624384463873,-0.7024011338230035,0.0,1.0,1.0
6330,3.7612001156935624,1.0,0.0,0.0,-0.03785407119899569,0.7345589054989322,-1.6761492544072922,8.0,2.0,0.0
6331,3.4339872044851463,1.0,0.0,1.0,-0.25578642312084093,0.8432786475604943,-1.0472387899900197,3.0,2.0,1.0
6332,3.713572066704308,0.0,1.0,1.0,0.9272749158834619,0.4592286468357913,0.6038820088869616,4.0,1.0,0.0
6333,4.007333185232471,1.0,0.0,1.0,-0.28691961625253315,0.6504317230533705,0.17502831060388285,3.0,1.0,0.0
6334,3.8501476017100584,0.0,1.0,0.0,-0.4737187750426862,-1.2184705569895626,1.448077528492044,8.0,2.0,1.0
6335,3.332204510175204,0.0,0.0,0.0,-1.7294242313542707,-1.2184705569895626,0.7131763570932229,3.0,2.0,0.0
6336,3.970291913552122,0.0,0.0,0.0,1.1867181919808967,0.26272048936509335,-0.5952792500713913,7.0,2.0,1.0
6337,3.4339872044851463,0.0,0.0,1.0,0.4187660947324896,-1.2184705569895626,0.5225612484016297,2.0,2.0,1.0
6338,3.5263605246161616,0.0,0.0,0.0,0.2838555911618235,-1.2184705569895626,-0.04199645481467719,6.0,2.0,1.0
6339,4.02535169073515,1.0,0.0,0.0,-1.604891458827502,0.8914361814878975,-1.5727747197065853,7.0,1.0,1.0
6340,3.784189633918261,0.0,0.0,1.0,-1.4492254931690411,-1.2184705569895626,-0.833863486668546,1.0,2.0,1.0
6341,3.6635616461296463,0.0,1.0,0.0,1.3216286955515628,-1.2184705569895626,0.6626334803823657,7.0,2.0,1.0
6342,3.912023005428146,0.0,0.0,0.0,-2.2690662456369353,-1.2184705569895626,-0.22115287844155088,10.0,1.0,1.0
6343,3.828641396489095,1.0,0.0,0.0,0.8338753364883853,0.3632935197612604,-0.32929640294030366,6.0,1.0,0.0
6344,3.4965075614664802,0.0,1.0,0.0,1.1348295367614096,0.43891326294852356,1.3420960364457575,4.0,2.0,1.0
6345,3.5553480614894135,0.0,0.0,0.0,0.7093425639616167,0.6757507012619162,0.6205128806341078,3.0,2.0,1.0
6346,3.6109179126442243,0.0,1.0,1.0,-0.8058061684474028,-1.2184705569895626,-0.4993828961357049,1.0,2.0,1.0
6347,3.9512437185814275,1.0,0.0,1.0,0.20083374281064434,0.33285758942594423,1.320900816010059,3.0,1.0,0.0
6348,3.8501476017100584,0.0,1.0,0.0,-0.21427549894525139,-1.2184705569895626,0.5055638656444473,10.0,2.0,1.0
6349,3.367295829986474,0.0,0.0,0.0,0.429143825776387,-1.2184705569895626,1.0104082667640595,8.0,2.0,1.0
6350,3.6635616461296463,1.0,0.0,0.0,-0.23503096103304616,0.766073175975486,-0.42385606966291706,9.0,1.0,0.0
6351,3.6375861597263857,0.0,0.0,0.0,-1.3039372585544777,-0.36071093579091107,-0.653744363106867,5.0,1.0,0.0
6352,4.127134385045092,1.0,0.0,0.0,0.03479004610828606,1.7275146813969422,1.0568642327529487,2.0,2.0,1.0
6353,3.4011973816621555,0.0,1.0,0.0,-0.5774960854816601,-1.2184705569895626,0.28280254222535056,6.0,2.0,0.0
6354,3.4965075614664802,0.0,0.0,1.0,0.6263207156104375,0.39233137049549544,1.1346848826391172,9.0,1.0,0.0
6355,3.6109179126442243,0.0,0.0,1.0,-0.8888280167985819,1.0570258374004595,-0.36190214736397636,1.0,1.0,0.0
6356,3.871201010907891,0.0,1.0,1.0,-0.12087591955017483,0.20726226445622967,0.2756649663316112,6.0,1.0,0.0
6357,3.7376696182833684,0.0,0.0,1.0,0.27347786011792613,1.152566613804186,-1.5013071591499805,2.0,1.0,0.0
6358,3.4011973816621555,0.0,0.0,0.0,1.300873233463768,0.8828214686001065,1.1008335571547714,9.0,1.0,1.0
6359,3.6109179126442243,1.0,0.0,1.0,1.2697400403320758,0.8759232938940835,0.9016551656044024,9.0,1.0,0.0
6360,3.332204510175204,0.0,0.0,1.0,1.2386068472003837,-1.2184705569895626,1.7229503540169437,2.0,2.0,1.0
6361,3.4339872044851463,0.0,0.0,1.0,0.7404757570933088,0.7688060917692169,1.073922990456309,3.0,1.0,0.0
6362,3.6635616461296463,0.0,0.0,1.0,-0.7020288580084288,0.45602532817124297,1.3256889311454407,9.0,1.0,0.0
6363,3.295836866004329,0.0,1.0,1.0,-1.9058456591005264,0.8892681334028947,-0.6258354537994729,1.0,1.0,0.0
6364,3.7612001156935624,0.0,0.0,0.0,-0.7124065890523262,-1.2184705569895626,0.7581937499810503,7.0,2.0,0.0
6365,4.1588830833596715,1.0,0.0,1.0,-0.785050706359608,1.1646621158041517,-0.5392851306197073,3.0,1.0,0.0
6366,3.5263605246161616,1.0,0.0,1.0,-0.9095834788863767,0.5322009729131274,-0.4311635133255394,3.0,1.0,0.0
6367,3.6635616461296463,0.0,0.0,0.0,0.33574424638131045,0.9140235247818699,0.4686884765938975,5.0,1.0,0.0
6368,3.9889840465642745,1.0,0.0,0.0,-1.4077145689934516,1.2900384104378289,0.3141953925285241,1.0,1.0,0.0
6369,3.4965075614664802,1.0,0.0,1.0,-2.2483107835491403,-0.3055710093528387,-1.6434607494329663,2.0,2.0,1.0
6370,3.6109179126442243,0.0,0.0,0.0,0.6782093708299244,-1.2184705569895626,0.7844919581513599,5.0,2.0,1.0
6371,3.4965075614664802,0.0,0.0,1.0,0.3046110532496183,1.1653171253836323,-0.1645460527283077,3.0,2.0,1.0
6372,3.6635616461296463,0.0,0.0,1.0,-1.947356583276116,0.6458434537991111,-0.43217715620433955,3.0,1.0,0.0
6373,3.7612001156935624,1.0,0.0,1.0,0.4602770189080792,1.3804109995484595,0.3586974445085017,7.0,1.0,0.0
6374,3.9318256327243257,0.0,0.0,0.0,0.27347786011792613,-1.2184705569895626,-1.6036037202917575,6.0,1.0,0.0
6375,3.6375861597263857,0.0,0.0,1.0,0.8546307985761801,0.06861782295333362,-0.4026521558920662,3.0,1.0,1.0
6376,3.6635616461296463,0.0,1.0,1.0,0.34612197742520784,-1.2184705569895626,-1.1222466243541935,4.0,2.0,1.0
6377,3.6109179126442243,0.0,0.0,1.0,0.9168971848395645,1.5415326287377304,-0.24256143332189561,4.0,1.0,1.0
6378,3.5553480614894135,0.0,1.0,1.0,0.02441231506438867,-1.2184705569895626,1.0237301074186973,5.0,2.0,0.0
6379,3.6888794541139363,0.0,0.0,1.0,0.9376526469273593,1.0231473842178167,-0.12945262351735,8.0,1.0,1.0
6380,3.4965075614664802,0.0,1.0,1.0,-0.442585581910994,0.3807576666425665,0.35057717400910593,4.0,1.0,1.0
6381,3.5263605246161616,0.0,0.0,0.0,0.07630097028387564,0.22155175234414987,0.6278118048282803,7.0,1.0,0.0
6382,4.04305126783455,0.0,0.0,0.0,1.1763404609369994,-1.2184705569895626,-1.51615867905808,1.0,1.0,0.0
6383,3.367295829986474,0.0,0.0,1.0,-0.8576948236668898,-1.2184705569895626,-0.4599480153495093,7.0,2.0,0.0
6384,3.8918202981106265,0.0,0.0,1.0,-0.07936499537458526,-1.2184705569895626,-0.9643647043796106,8.0,2.0,1.0
6385,3.5553480614894135,1.0,0.0,1.0,-0.017098609111200903,1.0613840287359424,-1.5501052834956992,4.0,1.0,1.0
6386,3.4339872044851463,0.0,0.0,1.0,-0.5048519681743784,-1.2184705569895626,-0.9196649659582616,8.0,2.0,1.0
6387,3.4657359027997265,0.0,1.0,0.0,-0.7954284374035054,-1.2184705569895626,-0.08249748622399505,6.0,2.0,1.0
6388,3.5553480614894135,1.0,0.0,0.0,-0.07936499537458526,0.7380241639513151,1.4199418970038684,10.0,2.0,1.0
6389,3.1354942159291497,1.0,0.0,1.0,2.058447599668278,0.24750492584585673,-1.5628862248371385,7.0,2.0,0.0
6390,3.8066624897703196,0.0,1.0,1.0,0.8442530675322827,0.47982934655552906,0.020623029223551068,3.0,1.0,1.0
6391,3.5263605246161616,1.0,0.0,1.0,-0.12087591955017483,0.08926255289413153,-1.1389265265116009,8.0,2.0,0.0
6392,3.8066624897703196,0.0,0.0,1.0,-1.4388477621251439,-0.2007797236692126,-0.8311099596922927,1.0,2.0,1.0
6393,3.4011973816621555,0.0,1.0,1.0,1.2801177713759733,-1.2184705569895626,-0.5613696792415229,10.0,2.0,1.0
6394,3.6375861597263857,0.0,0.0,1.0,-1.1171380997643245,0.13440537761301868,-0.35571736100296847,3.0,1.0,0.0
6395,3.5263605246161616,0.0,1.0,0.0,0.003656852976593882,0.780221446936224,1.6594841391348463,3.0,1.0,0.0
6396,3.6375861597263857,0.0,0.0,1.0,0.9065194537956671,0.46205026351122197,-0.3398654120855004,7.0,1.0,1.0
6397,3.5553480614894135,0.0,0.0,0.0,2.058447599668278,-0.07561365332736109,0.9313987163624134,4.0,2.0,1.0
6398,3.4965075614664802,0.0,1.0,1.0,-0.9303389409741715,1.3693642173592,-0.15558965725392898,6.0,1.0,0.0
6399,3.6375861597263857,0.0,1.0,0.0,0.22158920489843914,-1.2184705569895626,1.4411376390396762,8.0,2.0,1.0
6400,3.367295829986474,0.0,0.0,1.0,-0.6190070096572498,0.9786017694064003,-1.0575044017383888,5.0,1.0,0.0
6401,4.007333185232471,1.0,0.0,0.0,-0.7020288580084288,0.02004944703596527,0.6565500583092382,1.0,1.0,0.0
6402,3.332204510175204,0.0,0.0,0.0,0.014034584020491275,-1.2184705569895626,-0.0695814504542833,9.0,2.0,0.0
6403,3.4339872044851463,0.0,1.0,1.0,-0.40107465773540446,0.5735986670835838,1.3103391092663903,9.0,1.0,1.0
6404,3.044522437723423,0.0,1.0,1.0,0.6470761776982322,-1.2184705569895626,0.8699357936328947,3.0,2.0,1.0
6405,4.30406509320417,0.0,0.0,1.0,-0.25578642312084093,1.124413210128629,-0.9878344490246508,0.0,1.0,1.0
6406,3.7612001156935624,0.0,0.0,1.0,-1.3869591069056568,1.199621951216032,0.3294090767790838,7.0,2.0,0.0
6407,3.970291913552122,1.0,0.0,1.0,-2.0718893558028846,0.3577015215767241,-0.14600125631395208,1.0,2.0,0.0
6408,3.6888794541139363,0.0,0.0,0.0,-1.1378935618521193,0.5419279692398455,-1.028641311964639,4.0,2.0,1.0
6409,4.204692619390966,0.0,1.0,1.0,-1.0133607893253507,-1.2184705569895626,0.2836866544103758,8.0,2.0,1.0
6410,3.970291913552122,1.0,0.0,1.0,-1.2416708722910934,0.9871354666874407,1.0911996031385944,9.0,1.0,0.0
6411,3.9889840465642745,0.0,0.0,0.0,-0.5982515475694549,-1.2184705569895626,-1.6521257443130277,4.0,1.0,0.0
6412,3.332204510175204,0.0,0.0,0.0,-1.0963826376765298,-1.2184705569895626,-1.4878328373967646,8.0,2.0,1.0
6413,3.58351893845611,1.0,0.0,0.0,0.32536651533741306,0.900924934291206,1.4899034241786269,1.0,2.0,0.0
6414,3.7612001156935624,0.0,0.0,0.0,0.22158920489843914,-1.2184705569895626,0.36528542775388995,4.0,2.0,0.0
6415,3.713572066704308,0.0,1.0,0.0,1.456539199122229,-1.2184705569895626,0.7166943759628015,7.0,1.0,0.0
6416,4.007333185232471,1.0,0.0,0.0,-1.0133607893253507,0.5228046035190976,-1.0348019308539225,6.0,1.0,0.0
6417,3.258096538021482,0.0,0.0,1.0,-0.06898726433068787,1.5738517716552638,-1.0042874551345735,0.0,1.0,0.0
6418,3.1780538303479458,0.0,0.0,1.0,1.3423841576393576,0.5016457607062117,1.2763888536280075,2.0,1.0,0.0
6419,3.713572066704308,0.0,1.0,1.0,-0.11049818850627745,0.4169740445085568,0.0035778331230294077,5.0,1.0,1.0
6420,3.58351893845611,1.0,0.0,0.0,1.4461614680783315,-0.37891511060581745,1.05398795588434,7.0,1.0,0.0
6421,3.367295829986474,0.0,1.0,0.0,1.5291833164295108,1.0591511361435602,-0.9630255830326951,3.0,1.0,0.0
6422,3.4011973816621555,0.0,0.0,1.0,0.429143825776387,1.204836570378609,1.6815448680183438,2.0,1.0,0.0
6423,3.367295829986474,0.0,0.0,1.0,1.4461614680783315,-1.2184705569895626,1.2866864568497387,4.0,1.0,0.0
6424,3.713572066704308,0.0,1.0,0.0,0.27347786011792613,0.8373145539805258,1.1862405328952592,3.0,1.0,0.0
6425,3.9318256327243257,1.0,0.0,1.0,-0.6916511269645315,0.7964429809242647,-1.5820475525805209,2.0,1.0,0.0
6426,3.7376696182833684,0.0,0.0,0.0,-0.5671183544377627,1.1160842934029922,-0.8365079992219849,4.0,2.0,1.0
6427,3.828641396489095,0.0,0.0,0.0,-1.2624263343788882,-1.2184705569895626,1.5688444710992702,1.0,1.0,1.0
6428,3.6635616461296463,0.0,0.0,1.0,0.6055652535226427,0.8723856657692673,0.9487271413222094,3.0,1.0,1.0
6429,3.7612001156935624,0.0,0.0,0.0,-0.11049818850627745,0.7899021715033553,1.1074837846798524,7.0,2.0,0.0
6430,3.58351893845611,1.0,0.0,1.0,0.8961417227517697,0.41056500553103825,-0.2650745633667369,6.0,1.0,0.0
6431,3.6888794541139363,0.0,0.0,0.0,-0.8265616305351976,-1.2184705569895626,-1.7365112531730782,2.0,2.0,1.0
6432,3.4657359027997265,1.0,0.0,1.0,-0.7539175132279158,1.0187376374962198,0.6152115109913131,6.0,1.0,1.0
6433,3.4339872044851463,0.0,0.0,1.0,-0.05860953328679048,-1.2184705569895626,0.9238525537164993,7.0,2.0,0.0
6434,4.174387269895637,0.0,0.0,1.0,-0.6812733959206341,-1.2184705569895626,-0.8123236624273963,1.0,2.0,1.0
6435,3.5553480614894135,0.0,0.0,0.0,0.4083883636885922,-1.2184705569895626,1.0628094307971494,7.0,2.0,1.0
6436,3.5263605246161616,0.0,0.0,0.0,-1.8539570038810396,0.7961511005861093,0.7870500589533814,5.0,1.0,1.0
6437,3.6635616461296463,0.0,0.0,0.0,-0.11049818850627745,-1.2184705569895626,0.2787935237863502,3.0,2.0,0.0
6438,3.258096538021482,0.0,0.0,0.0,-1.0652494445448377,-1.2184705569895626,1.5722157464714712,5.0,2.0,0.0
6439,3.4965075614664802,1.0,0.0,0.0,-0.5982515475694549,0.7040485240625506,1.0871971916343104,4.0,2.0,1.0
6440,3.7376696182833684,0.0,1.0,0.0,-0.8576948236668898,1.020511975349997,1.0969843222158773,4.0,1.0,1.0
6441,3.4965075614664802,1.0,0.0,1.0,0.5121656741275662,0.42266130808047775,0.10182469101729179,5.0,1.0,0.0
6442,4.060443010546419,0.0,1.0,0.0,0.38763290160079744,-1.2184705569895626,0.6297192964274766,4.0,2.0,0.0
6443,3.58351893845611,1.0,0.0,1.0,0.6782093708299244,-0.28231808922633106,1.252328831526102,7.0,2.0,1.0
6444,3.6375861597263857,0.0,0.0,1.0,-1.1067603687204273,0.24147566753871905,0.08772201499924179,3.0,1.0,0.0
6445,3.5553480614894135,0.0,0.0,0.0,-1.0652494445448377,-1.2184705569895626,0.6786413877324725,4.0,2.0,0.0
6446,3.4657359027997265,0.0,0.0,0.0,1.2904955024198705,-1.2184705569895626,0.2072181658738521,2.0,2.0,1.0
6447,3.912023005428146,1.0,0.0,1.0,-0.4322078508670966,0.6048982301912587,1.658384432238035,6.0,1.0,0.0
6448,3.4011973816621555,0.0,0.0,1.0,1.217851385112589,0.7630097933589615,-0.2705127661048344,2.0,2.0,0.0
6449,3.4965075614664802,0.0,1.0,1.0,-2.103022548934577,1.2731493782985157,1.152053644674021,0.0,1.0,1.0
6450,3.4011973816621555,0.0,0.0,1.0,-0.6501402027889419,-1.2184705569895626,-0.036703604640332205,2.0,2.0,1.0
6451,3.4339872044851463,0.0,0.0,1.0,0.22158920489843914,-0.19220215627700707,-0.3937722617670308,1.0,1.0,1.0
6452,3.5553480614894135,0.0,0.0,1.0,1.778248861483048,0.4636012480618032,-1.5858967875194152,3.0,1.0,0.0
6453,3.9889840465642745,1.0,0.0,0.0,-0.14163138163796962,0.7655579423341345,-1.45654413324872,1.0,1.0,0.0
6454,3.4011973816621555,0.0,0.0,1.0,-0.9407166720180689,0.707141206789817,1.2768614233269064,9.0,1.0,1.0
6455,3.713572066704308,0.0,0.0,1.0,-0.20389776790135397,1.1455629266775131,1.7255147140202751,5.0,1.0,1.0
6456,3.258096538021482,1.0,0.0,1.0,-0.08974272641848266,0.6250812031955563,0.8287818927536126,4.0,1.0,1.0
6457,3.8066624897703196,0.0,1.0,0.0,0.4187660947324896,-1.2184705569895626,1.019520968404483,8.0,1.0,1.0
6458,3.871201010907891,0.0,1.0,1.0,0.6263207156104375,1.0212588880090727,-0.08191833623612495,1.0,1.0,1.0
6459,3.6109179126442243,1.0,0.0,1.0,1.6018274337367924,1.4711062100970411,0.10924027976921302,8.0,2.0,1.0
6460,3.8066624897703196,0.0,0.0,0.0,0.5640543293470531,0.856649584982152,-0.5314374831106988,4.0,1.0,0.0
6461,3.6109179126442243,0.0,1.0,0.0,0.02441231506438867,-1.2184705569895626,0.9876804113409472,5.0,2.0,0.0
6462,3.713572066704308,1.0,0.0,1.0,-0.3388082714720201,0.4403369601327673,0.7044341653970059,9.0,2.0,0.0
6463,3.6109179126442243,0.0,1.0,0.0,0.3564997084691052,-1.2184705569895626,0.9136321473109242,5.0,2.0,1.0
6464,3.4011973816621555,1.0,0.0,0.0,1.5188055853856133,0.06567660418651429,-0.5252177495423773,8.0,2.0,0.0
6465,4.30406509320417,0.0,0.0,0.0,-0.05860953328679048,0.3387462712454787,0.07456047944481901,6.0,1.0,1.0
6466,3.784189633918261,0.0,0.0,1.0,1.0310522263224358,0.6223807897104625,0.44317319018743667,1.0,1.0,0.0
6467,3.4965075614664802,0.0,1.0,0.0,-0.8680725547107871,1.4937846559211343,-0.6693010863625506,7.0,1.0,0.0
6468,3.7376696182833684,0.0,0.0,0.0,-1.075627175588735,0.10398593859686296,-0.7782134494222045,4.0,1.0,1.0
6469,3.6635616461296463,0.0,0.0,1.0,-1.023738520369248,0.38014156376751346,1.5210625976328973,3.0,1.0,0.0
6470,3.5263605246161616,0.0,0.0,0.0,0.4602770189080792,-1.2184705569895626,-0.470477035153004,4.0,2.0,1.0
6471,4.31748811353631,0.0,1.0,1.0,0.6263207156104375,-1.2184705569895626,0.886625084592267,5.0,2.0,0.0
6472,4.060443010546419,0.0,1.0,1.0,0.4395215568202844,0.6440249256143789,0.30032621949267463,8.0,1.0,1.0
6473,4.290459441148391,1.0,0.0,0.0,1.7263602062635612,0.9476629338916298,-0.638118093169962,8.0,2.0,1.0
6474,3.7612001156935624,0.0,0.0,1.0,0.8442530675322827,1.191298798446607,1.20894439471335,9.0,1.0,1.0
6475,3.295836866004329,0.0,0.0,0.0,-1.0029830582814532,-1.2184705569895626,-0.12707708275353427,7.0,2.0,0.0
6476,3.784189633918261,0.0,0.0,1.0,0.8234976054444879,-1.2184705569895626,1.2101758925710762,2.0,1.0,1.0
6477,3.5553480614894135,0.0,1.0,1.0,-0.3180528093842253,-1.2184705569895626,-0.9120810742377847,8.0,1.0,0.0
6478,3.6375861597263857,1.0,0.0,0.0,-0.2765418852086357,1.0664867310820794,-1.1267584652984237,4.0,1.0,0.0
6479,3.6109179126442243,1.0,0.0,1.0,0.8027421433566931,1.229597565603901,1.3335409253220254,8.0,2.0,0.0
6480,4.060443010546419,0.0,1.0,0.0,0.429143825776387,-1.2184705569895626,0.6097762639871673,9.0,2.0,1.0
6481,3.7376696182833684,0.0,0.0,1.0,-1.9369788522322187,0.6583560420749377,1.1796796728555476,9.0,1.0,0.0
6482,3.332204510175204,0.0,1.0,1.0,-1.0029830582814532,-1.2184705569895626,-0.07011661216628097,5.0,2.0,0.0
6483,3.6109179126442243,0.0,0.0,0.0,-1.075627175588735,-1.2184705569895626,-0.5986993819871506,3.0,1.0,0.0
6484,3.784189633918261,1.0,0.0,0.0,0.7093425639616167,0.555913728657398,-0.4793391948743277,10.0,1.0,0.0
6485,3.7612001156935624,0.0,0.0,1.0,-0.40107465773540446,0.6240110286589521,-0.36699226896256126,7.0,1.0,1.0
6486,3.367295829986474,1.0,0.0,1.0,0.5225434051714636,0.4312030108562561,-1.0451026636763083,1.0,1.0,1.0
6487,3.8501476017100584,0.0,1.0,0.0,-0.12087591955017483,-1.2184705569895626,0.970676769382455,3.0,1.0,1.0
6488,3.8066624897703196,0.0,0.0,0.0,0.9272749158834619,-1.2184705569895626,1.5665993303627443,7.0,2.0,1.0
6489,3.4657359027997265,1.0,0.0,1.0,0.014034584020491275,1.2590931705272674,-1.3083170312946804,2.0,2.0,0.0
6490,3.9512437185814275,0.0,0.0,0.0,-0.4840965060865836,0.9620465663976713,-0.5793360211348205,3.0,1.0,1.0
6491,3.58351893845611,1.0,0.0,0.0,0.7923644123127958,0.7970720527007934,-0.8010433646000089,8.0,2.0,0.0
6492,3.4965075614664802,0.0,1.0,0.0,-0.1623868437257644,-1.2184705569895626,0.6628523785615096,8.0,2.0,0.0
6493,3.258096538021482,1.0,0.0,1.0,0.055545508196080846,1.5317459114202652,-1.3506972140305968,2.0,1.0,0.0
6494,3.5553480614894135,0.0,0.0,1.0,-0.34918600251591747,0.942285002636393,0.8958151569155492,5.0,1.0,1.0
6495,3.784189633918261,1.0,0.0,1.0,-1.4284700310812464,0.3114805168264945,1.7185452672283885,1.0,1.0,1.0
6496,3.7376696182833684,1.0,0.0,0.0,0.9376526469273593,0.2674408492825332,-0.4640039777983339,4.0,1.0,1.0
6497,3.5553480614894135,0.0,0.0,0.0,-0.5567406233938653,-1.2184705569895626,-0.68741730135388,4.0,2.0,0.0
6498,4.02535169073515,0.0,1.0,0.0,-2.4039767492076014,0.25283242248424265,0.7726460719389402,4.0,1.0,0.0
6499,3.58351893845611,0.0,0.0,0.0,1.352761888683255,-1.2184705569895626,0.33267742306307746,4.0,1.0,1.0
6500,3.367295829986474,0.0,0.0,1.0,-0.7539175132279158,-1.2184705569895626,1.3299829171107453,4.0,2.0,1.0
6501,3.258096538021482,0.0,1.0,0.0,0.34612197742520784,0.8390957765597781,0.36739842979609527,10.0,1.0,0.0
6502,4.02535169073515,0.0,1.0,1.0,-0.03785407119899569,0.08434477747644752,1.4101067792122592,1.0,1.0,1.0
6503,3.7376696182833684,1.0,0.0,0.0,-0.027476340155098297,0.6371667783820466,0.7495948244481493,4.0,1.0,0.0
6504,3.6635616461296463,0.0,1.0,1.0,-1.1690267549838116,-1.2184705569895626,0.9119096498837762,6.0,1.0,1.0
6505,3.2188758248682006,0.0,0.0,1.0,1.5810719716489976,-1.2184705569895626,1.2651243776705976,3.0,2.0,0.0
6506,3.4657359027997265,0.0,0.0,1.0,2.058447599668278,-0.12978363402295168,-0.8745742013217459,6.0,2.0,0.0
6507,3.713572066704308,1.0,0.0,1.0,0.7612312191811036,0.44906855324373607,-0.667707076428959,8.0,1.0,0.0
6508,3.091042453358316,0.0,0.0,0.0,-1.5841359967397073,1.6076464873629448,0.929994395001853,3.0,1.0,1.0
6509,3.4011973816621555,0.0,1.0,1.0,-0.1727645747696618,-1.2184705569895626,0.29109650556109656,2.0,2.0,0.0
6510,3.8501476017100584,0.0,1.0,0.0,-0.3076750783403279,0.4958784421869086,-1.2074468725847514,4.0,2.0,1.0
6511,3.5553480614894135,0.0,0.0,1.0,0.20083374281064434,0.4883608022980425,-1.2873713095778632,7.0,2.0,1.0
6512,3.4339872044851463,0.0,1.0,1.0,2.058447599668278,-1.2184705569895626,-1.2604322287401,2.0,2.0,1.0
6513,3.367295829986474,1.0,0.0,0.0,-0.1727645747696618,0.0884051644076689,0.9799139595822645,3.0,2.0,1.0
6514,3.58351893845611,0.0,1.0,0.0,-1.9577343143200134,-1.2184705569895626,-1.7122455467614608,2.0,2.0,1.0
6515,3.784189633918261,0.0,1.0,1.0,-0.7746729753157106,-1.2184705569895626,0.8524079435646973,6.0,2.0,1.0
6516,3.828641396489095,0.0,0.0,0.0,-0.05860953328679048,-0.4637965707656136,-0.7510146117300797,3.0,1.0,1.0
6517,3.5263605246161616,0.0,1.0,1.0,-0.28691961625253315,-0.158220111992452,1.2238080852906639,6.0,1.0,1.0
6518,3.6375861597263857,0.0,0.0,0.0,-1.075627175588735,-1.2184705569895626,-0.04175773583138524,9.0,2.0,0.0
6519,3.784189633918261,0.0,0.0,0.0,-1.4077145689934516,0.5871484472576932,0.6769550545795594,2.0,2.0,1.0
6520,3.970291913552122,0.0,1.0,1.0,0.1178118944594652,0.963805693811446,0.767830311997773,0.0,1.0,0.0
6521,3.7376696182833684,0.0,1.0,0.0,-0.4529633129548914,0.12337620751218285,0.21057501030970005,1.0,1.0,1.0
6522,3.5553480614894135,0.0,0.0,1.0,0.1593228186350548,-1.2184705569895626,0.04307269792177833,5.0,2.0,1.0
6523,3.713572066704308,0.0,1.0,1.0,-1.2001599481155036,-1.2184705569895626,-1.5382380116788041,9.0,2.0,1.0
6524,4.04305126783455,0.0,1.0,0.0,0.771608950225001,0.752656767343715,0.5160796715785099,8.0,3.0,1.0
6525,3.4657359027997265,1.0,0.0,0.0,0.5536765983031557,0.5578195167347768,1.0962905940706946,9.0,2.0,0.0
6526,3.784189633918261,0.0,1.0,1.0,0.719720295005514,0.20327873027449495,-0.9531487372323529,3.0,1.0,0.0
6527,4.04305126783455,0.0,0.0,0.0,1.902781634009817,-1.2184705569895626,-1.0538262516352987,2.0,2.0,1.0
6528,3.713572066704308,1.0,0.0,0.0,-0.6397624717450445,0.6650851407320898,-0.14314862531695838,2.0,2.0,0.0
6529,3.5553480614894135,0.0,0.0,0.0,0.2527223980301313,-0.208257015864598,-1.0394704256976035,1.0,1.0,1.0
6530,3.367295829986474,0.0,0.0,1.0,1.062185419454128,-1.2184705569895626,-0.8313552856103008,8.0,2.0,1.0
6531,3.332204510175204,0.0,0.0,1.0,1.3216286955515628,-1.2184705569895626,1.5681338778838914,1.0,2.0,1.0
6532,3.713572066704308,0.0,1.0,1.0,-0.9718498651497611,1.3715770962147367,-0.14001050519355163,4.0,1.0,0.0
6533,3.5553480614894135,0.0,0.0,1.0,0.7404757570933088,-1.2184705569895626,-1.5359255845281967,5.0,2.0,1.0
6534,3.367295829986474,0.0,0.0,1.0,0.44989928786418176,1.5205196460389752,-0.20415236608371376,5.0,2.0,1.0
6535,3.6888794541139363,1.0,0.0,0.0,1.062185419454128,1.35547868673577,-1.326172793964836,3.0,1.0,1.0
6536,3.5553480614894135,0.0,0.0,1.0,-0.006720878067303511,-1.2184705569895626,0.08986057544679595,3.0,2.0,1.0
6537,3.58351893845611,0.0,0.0,0.0,-2.165288935197961,0.5156476912231354,0.49725703617267536,9.0,1.0,0.0
6538,3.713572066704308,0.0,0.0,0.0,-0.5567406233938653,1.5222626023533785,0.6528571295363881,2.0,1.0,0.0
6539,3.5553480614894135,0.0,1.0,1.0,2.058447599668278,1.9713851069477495,-0.562024113511815,8.0,1.0,0.0
6540,3.367295829986474,1.0,0.0,1.0,0.08667870132777303,1.5176482351862726,-1.0201174968474567,2.0,2.0,0.0
6541,3.4339872044851463,1.0,0.0,0.0,-1.0860049066326325,-0.0593964423064791,-0.4060509022033498,9.0,1.0,0.0
6542,3.8066624897703196,0.0,0.0,1.0,0.3149887842935157,0.6273131351285701,-1.332947162315897,3.0,1.0,0.0
6543,3.871201010907891,1.0,0.0,1.0,0.22158920489843914,1.7208195260374801,-1.1541923707730766,1.0,2.0,1.0
6544,3.6375861597263857,1.0,0.0,0.0,0.16970054967895218,1.4692045848769257,0.264399099440577,6.0,1.0,0.0
6545,3.5263605246161616,1.0,0.0,1.0,-0.9926053272375559,0.7703082428018952,-0.6572811595803748,3.0,2.0,0.0
6546,3.5553480614894135,1.0,0.0,1.0,1.6018274337367924,0.32102899062055035,0.7524904005207966,2.0,2.0,0.0
6547,3.8501476017100584,0.0,1.0,1.0,-0.1727645747696618,-1.2184705569895626,-0.6901139739182349,8.0,2.0,1.0
6548,3.295836866004329,1.0,0.0,1.0,-0.8680725547107871,0.5896549676602276,-1.3619945507948836,1.0,2.0,0.0
6549,3.6635616461296463,0.0,0.0,1.0,0.6782093708299244,0.3419454270527632,1.542969976084301,7.0,1.0,0.0
6550,3.4657359027997265,0.0,1.0,1.0,-0.8265616305351976,0.35234824724528113,0.34018168383355596,5.0,1.0,1.0
6551,3.7376696182833684,1.0,0.0,0.0,-0.06898726433068787,1.005152312925473,0.5129978842668922,2.0,1.0,0.0
6552,3.784189633918261,0.0,0.0,1.0,0.5121656741275662,-1.2184705569895626,1.127916773489366,2.0,2.0,1.0
6553,3.58351893845611,0.0,0.0,0.0,-1.760557424485963,1.1481626310388002,0.1494980716609594,5.0,2.0,0.0
6554,3.7612001156935624,0.0,0.0,1.0,-0.6190070096572498,1.1391362756115708,-0.6504052530747306,1.0,2.0,1.0
6555,3.4011973816621555,1.0,0.0,0.0,-0.05860953328679048,0.4780128997994286,-1.4771781119669625,4.0,1.0,0.0
6556,4.1588830833596715,0.0,1.0,1.0,0.44989928786418176,1.122383016663018,0.45653119511630985,1.0,1.0,1.0
6557,3.8066624897703196,0.0,1.0,1.0,0.5744320603909505,-1.2184705569895626,0.6023737152379752,3.0,2.0,1.0
6558,3.6375861597263857,0.0,0.0,0.0,-0.23503096103304616,0.8485689987032947,-1.3293841119702283,6.0,1.0,1.0
6559,3.6375861597263857,0.0,0.0,0.0,-0.733162051140121,0.45075563120486695,-0.24031716191888508,10.0,1.0,0.0
6560,3.871201010907891,1.0,0.0,0.0,1.8197597856586376,1.071124954623505,0.14859013973761565,8.0,2.0,0.0
6561,3.4339872044851463,0.0,0.0,1.0,0.3149887842935157,-1.2184705569895626,1.0611783872558074,4.0,1.0,1.0
6562,3.295836866004329,0.0,1.0,0.0,-0.494474237130481,-1.2184705569895626,0.9530908478354378,3.0,2.0,0.0
6563,3.4657359027997265,0.0,0.0,0.0,0.36687743951300267,-1.2184705569895626,0.7820541731078513,2.0,2.0,1.0
6564,3.6888794541139363,1.0,0.0,0.0,-0.6086292786133524,1.205460038308821,-1.2719512455507795,8.0,1.0,0.0
6565,3.332204510175204,1.0,0.0,1.0,1.1867181919808967,0.8034889370631552,1.341953291882551,5.0,1.0,0.0
6566,3.58351893845611,1.0,0.0,1.0,-0.048231802242893085,1.8621714258608395,-1.0481729757855245,3.0,1.0,1.0
6567,3.5553480614894135,1.0,0.0,1.0,1.1244518057175124,0.7237228279311823,-0.7146978563964399,6.0,2.0,1.0
6568,4.174387269895637,0.0,0.0,1.0,0.6159429845665401,-1.2184705569895626,-1.690777529468672,4.0,2.0,1.0
6569,4.04305126783455,0.0,0.0,0.0,-0.7435397821840184,0.8848659118463512,0.11279394131291703,1.0,1.0,0.0
6570,3.784189633918261,1.0,0.0,0.0,-0.9926053272375559,0.7971644361100724,-0.44468703935571907,4.0,1.0,1.0
6571,4.0943445622221,0.0,0.0,0.0,0.14894508759115738,-1.2184705569895626,1.4725084082715618,5.0,2.0,1.0
6572,3.6109179126442243,0.0,0.0,0.0,0.5951875224787453,-1.2184705569895626,-1.0144376193921154,7.0,1.0,1.0
6573,3.912023005428146,0.0,0.0,1.0,-0.42183011982319923,-1.2184705569895626,0.738694425366933,3.0,2.0,1.0
6574,4.07753744390572,0.0,0.0,1.0,0.34612197742520784,0.45942574211624604,0.9345356194188992,1.0,1.0,1.0
6575,3.4339872044851463,0.0,0.0,0.0,-1.0133607893253507,-1.2184705569895626,-1.0451299607486877,9.0,2.0,1.0
6576,3.6375861597263857,1.0,0.0,0.0,0.7093425639616167,1.283771549046861,-0.9466306484015922,8.0,1.0,0.0
6577,3.6109179126442243,0.0,1.0,1.0,-1.4492254931690411,-1.2184705569895626,0.6094196633792055,1.0,1.0,1.0
6578,3.6635616461296463,1.0,0.0,1.0,-0.8473170926229924,0.8181526017751396,0.8126006403005618,1.0,1.0,0.0
6579,3.58351893845611,0.0,1.0,0.0,-0.28691961625253315,0.6973476047468768,-1.6662731040737622,7.0,2.0,1.0
6580,3.7376696182833684,0.0,0.0,1.0,-0.3284305404281227,0.3494073486982514,-0.2682931837736574,0.0,1.0,0.0
6581,3.5263605246161616,0.0,1.0,1.0,0.667831639786027,-1.2184705569895626,-0.1306566504359933,2.0,2.0,1.0
6582,3.5553480614894135,0.0,1.0,1.0,-1.2728040654227855,-1.2184705569895626,-0.12558513257463497,9.0,1.0,1.0
6583,3.4657359027997265,0.0,1.0,0.0,-0.836939361579095,-1.2184705569895626,1.638461220601874,3.0,2.0,1.0
6584,3.4657359027997265,0.0,1.0,1.0,0.07630097028387564,1.177107778143967,0.07132395076748385,7.0,2.0,1.0
6585,3.5263605246161616,0.0,0.0,0.0,1.352761888683255,0.2944563519360008,0.024951614662763237,2.0,1.0,1.0
6586,4.0943445622221,0.0,1.0,0.0,-0.7539175132279158,1.1514940376191602,-0.4442827992711204,3.0,1.0,1.0
6587,3.7376696182833684,0.0,1.0,1.0,0.9895413021468462,-1.2184705569895626,-1.182299661988654,9.0,1.0,0.0
6588,3.7376696182833684,0.0,1.0,1.0,-0.25578642312084093,0.39673022974424843,0.5952145798730573,5.0,1.0,1.0
6589,3.4965075614664802,0.0,1.0,1.0,-0.11049818850627745,-1.2184705569895626,-1.3242385268933694,7.0,2.0,1.0
6590,4.060443010546419,1.0,0.0,0.0,1.4150282749466394,0.2820268606955569,1.3860514515113358,8.0,1.0,1.0
6591,3.4657359027997265,0.0,0.0,1.0,-0.6397624717450445,0.578148349853205,-1.289567072170722,8.0,1.0,0.0
6592,3.295836866004329,0.0,0.0,0.0,1.4357837370344342,1.0483927118747707,-0.03689485801369071,4.0,2.0,0.0
6593,3.58351893845611,0.0,0.0,1.0,-0.4737187750426862,0.8976100190300073,1.1194286010463095,2.0,1.0,1.0
6594,3.9889840465642745,1.0,0.0,1.0,0.6263207156104375,0.9386898950593563,0.5610913268651366,6.0,2.0,1.0
6595,3.6109179126442243,0.0,0.0,1.0,2.058447599668278,-1.2184705569895626,-1.0365652869562878,7.0,1.0,1.0
6596,3.5263605246161616,1.0,0.0,1.0,-0.836939361579095,-0.06819063838630074,-1.2806890905794204,3.0,1.0,0.0
6597,3.828641396489095,0.0,1.0,1.0,-0.4529633129548914,-1.2184705569895626,-1.1081187376642012,4.0,2.0,0.0
6598,3.7376696182833684,1.0,0.0,1.0,0.36687743951300267,0.9320968898127537,1.6975167849609178,10.0,2.0,1.0
6599,4.1588830833596715,1.0,0.0,0.0,0.33574424638131045,0.08235493170431714,-0.5353004535191346,3.0,1.0,0.0
6600,3.7612001156935624,0.0,0.0,1.0,-0.9822275961936585,1.628636094017065,0.8782532289735531,6.0,1.0,0.0
6601,3.4657359027997265,0.0,0.0,0.0,1.2904955024198705,-1.2184705569895626,-0.1353265362132987,5.0,2.0,0.0
6602,3.713572066704308,0.0,0.0,1.0,-1.3246927206422725,1.6717836292274,1.3834770072392277,2.0,1.0,0.0
6603,3.8066624897703196,0.0,1.0,0.0,0.6263207156104375,-1.2184705569895626,-0.9509178535654774,2.0,2.0,0.0
6604,3.4657359027997265,0.0,0.0,1.0,-0.5048519681743784,0.8588552588924243,0.1515058843478175,1.0,1.0,0.0
6605,3.295836866004329,0.0,1.0,0.0,-0.7954284374035054,-1.2184705569895626,0.2099673461825292,7.0,2.0,0.0
6606,3.9512437185814275,0.0,0.0,1.0,0.5121656741275662,-1.2184705569895626,-0.6688603342703108,9.0,2.0,0.0
6607,3.4657359027997265,0.0,0.0,0.0,0.6574539087421296,0.5781568356776274,1.4112661223882177,2.0,2.0,1.0
6608,3.970291913552122,0.0,0.0,1.0,-1.0444939824570427,-1.2184705569895626,-0.6406421160981851,1.0,1.0,0.0
6609,3.4011973816621555,0.0,0.0,0.0,-0.24540869207694355,-0.06573871545788094,-1.140110558759393,9.0,1.0,1.0
6610,3.295836866004329,0.0,0.0,0.0,-1.0133607893253507,0.26425690391525125,1.6044141212098901,7.0,2.0,0.0
6611,3.58351893845611,0.0,0.0,1.0,-0.5567406233938653,0.6101861796856378,-0.45393883435858495,8.0,1.0,1.0
6612,3.5263605246161616,0.0,0.0,1.0,-1.4077145689934516,0.6259246621211745,-1.5513393893539706,7.0,1.0,1.0
6613,3.5553480614894135,0.0,1.0,1.0,-0.5567406233938653,0.4544884332914008,-0.9941979703563973,0.0,1.0,1.0
6614,3.4657359027997265,0.0,1.0,0.0,0.481032480995874,1.7448155161855885,0.25917353568031376,8.0,1.0,0.0
6615,3.5553480614894135,1.0,0.0,0.0,1.300873233463768,0.3296906157075072,1.255095572371787,5.0,1.0,1.0
6616,4.219507705176107,0.0,1.0,1.0,-0.7435397821840184,1.2463594704867713,-1.617175407398683,3.0,1.0,1.0
6617,3.713572066704308,0.0,0.0,1.0,-0.3076750783403279,0.37942235012023245,1.6854784283082187,4.0,2.0,0.0
6618,4.02535169073515,0.0,0.0,0.0,-1.2209154102032984,0.6543870778936266,0.3761642673639276,8.0,3.0,0.0
6619,3.6635616461296463,0.0,0.0,0.0,0.24234466698623391,0.4469426140610563,-1.3624622522260965,1.0,1.0,0.0
6620,3.58351893845611,1.0,0.0,0.0,0.18007828072284957,0.5150264648314501,1.295978588927713,4.0,2.0,0.0
6621,3.9889840465642745,0.0,0.0,0.0,1.300873233463768,-1.2184705569895626,1.5571794062580258,10.0,2.0,0.0
6622,3.912023005428146,0.0,0.0,1.0,1.2697400403320758,1.0673766218771794,-1.6033444850375052,1.0,1.0,1.0
6623,3.4339872044851463,0.0,0.0,1.0,0.2527223980301313,0.8342540533421069,-0.7829412328116266,1.0,1.0,1.0
6624,3.828641396489095,0.0,0.0,1.0,-0.006720878067303511,-1.2184705569895626,-0.5683912860443255,1.0,1.0,0.0
6625,3.8066624897703196,0.0,1.0,1.0,-0.5567406233938653,-1.2184705569895626,0.8355444381688659,8.0,2.0,0.0
6626,3.1780538303479458,0.0,0.0,0.0,0.44989928786418176,-1.2184705569895626,0.7185046760749911,1.0,2.0,1.0
6627,3.6109179126442243,0.0,0.0,0.0,-2.082267086846782,-1.2184705569895626,1.3859111410819722,2.0,2.0,1.0
6628,3.7612001156935624,0.0,0.0,1.0,-0.9095834788863767,0.3798176614504054,-1.1077028485104978,7.0,1.0,1.0
6629,3.7612001156935624,1.0,0.0,0.0,1.4461614680783315,0.601297038438221,0.6870410620236747,10.0,2.0,1.0
6630,3.4657359027997265,0.0,1.0,1.0,0.34612197742520784,0.7420640568160067,1.396814843630546,7.0,2.0,1.0
6631,3.8066624897703196,0.0,0.0,1.0,1.1763404609369994,-1.2184705569895626,1.0339623367600805,6.0,2.0,1.0
6632,3.1354942159291497,0.0,0.0,1.0,1.0206744952785385,-1.2184705569895626,0.08161929372207505,5.0,2.0,1.0
6633,3.871201010907891,0.0,0.0,1.0,0.7819866812688984,-1.2184705569895626,1.6147706652439562,7.0,2.0,0.0
6634,3.6635616461296463,0.0,0.0,1.0,0.3046110532496183,-1.2184705569895626,0.20969489705884492,3.0,2.0,1.0
6635,3.295836866004329,0.0,0.0,0.0,-0.11049818850627745,0.24730094583992698,-1.2566033362054627,4.0,2.0,1.0
6636,4.110873864173311,0.0,0.0,0.0,-0.13125365059407224,1.375946655352748,-0.27939631143063376,5.0,1.0,1.0
6637,3.4011973816621555,1.0,0.0,0.0,0.8961417227517697,1.0087571872060899,0.7205168354294254,9.0,1.0,0.0
6638,3.367295829986474,0.0,0.0,1.0,-0.9614721341058636,1.0406709318700802,-1.4748072656041293,3.0,1.0,1.0
6639,3.7612001156935624,1.0,0.0,0.0,-0.8576948236668898,1.1207470137583169,-1.1798121510680724,9.0,1.0,0.0
6640,3.295836866004329,0.0,0.0,0.0,-1.1171380997643245,-1.2184705569895626,-0.004014404199194181,6.0,1.0,0.0
6641,3.6375861597263857,0.0,0.0,0.0,-1.4180923000373489,1.9333506812267107,0.562264405510636,0.0,1.0,1.0
6642,3.7612001156935624,0.0,0.0,1.0,0.02441231506438867,0.37082973239791917,-0.5706894561252827,7.0,1.0,1.0
6643,3.713572066704308,1.0,0.0,1.0,-0.6708956648767367,0.99491904911151,1.0255842219400568,5.0,2.0,0.0
6644,3.4965075614664802,1.0,0.0,1.0,0.3149887842935157,0.4653072189905164,1.1082119384322393,2.0,2.0,1.0
6645,3.4011973816621555,0.0,0.0,1.0,-1.7501796934420655,-1.2184705569895626,-0.32681445575421947,9.0,1.0,1.0
6646,3.6109179126442243,1.0,0.0,1.0,0.7819866812688984,1.0297735322126356,0.21911447343015705,6.0,1.0,1.0
6647,3.8066624897703196,1.0,0.0,0.0,-1.5945137277836046,0.7140986221569028,-0.03921650009955985,2.0,2.0,1.0
6648,3.7612001156935624,0.0,0.0,0.0,1.3423841576393576,1.288138546426556,1.3082203696229846,3.0,1.0,1.0
6649,3.258096538021482,0.0,0.0,1.0,-1.158649023939914,0.6413696631196083,-1.5129814389264864,5.0,1.0,0.0
6650,3.9318256327243257,0.0,0.0,0.0,-0.03785407119899569,0.4232253752397324,1.5493592296880996,9.0,1.0,1.0
6651,3.784189633918261,0.0,1.0,1.0,0.16970054967895218,1.1378227340349247,0.7171730309963069,1.0,1.0,0.0
6652,3.4011973816621555,0.0,0.0,0.0,0.02441231506438867,0.33419466715712043,0.7123802214599428,4.0,1.0,1.0
6653,3.9512437185814275,0.0,0.0,0.0,-0.08974272641848266,0.46635834044964364,-1.1381929828914195,2.0,1.0,0.0
6654,2.995732273553991,0.0,1.0,0.0,1.1452072678053071,-1.2184705569895626,-0.7812025657810948,6.0,2.0,0.0
6655,3.7612001156935624,0.0,0.0,1.0,0.4706547499519766,0.9068163379789519,1.2907231200945242,9.0,2.0,0.0
6656,3.6109179126442243,0.0,0.0,0.0,-0.6605179338328393,-1.2184705569895626,-0.13727280008727608,2.0,2.0,0.0
6657,3.970291913552122,0.0,1.0,0.0,0.7819866812688984,1.2589734083259836,-0.350717302356565,1.0,1.0,0.0
6658,3.6635616461296463,0.0,0.0,1.0,-1.1378935618521193,-0.16266972607784547,-0.5622511834260024,8.0,1.0,1.0
6659,3.970291913552122,1.0,0.0,0.0,-0.3076750783403279,0.5743434983140272,1.0836242308865676,9.0,1.0,1.0
6660,3.9889840465642745,0.0,0.0,1.0,-0.42183011982319923,0.1195399744336312,-1.7246846661646975,3.0,1.0,0.0
6661,3.6888794541139363,0.0,0.0,1.0,-0.3180528093842253,-1.2184705569895626,-0.7223705940021767,6.0,2.0,1.0
6662,3.4965075614664802,0.0,0.0,1.0,-1.3246927206422725,1.1011329112101165,1.518008455127065,1.0,1.0,0.0
6663,3.5553480614894135,0.0,0.0,0.0,0.5017879430836688,0.003531229412926676,0.4816977049164458,2.0,1.0,0.0
6664,3.332204510175204,0.0,0.0,0.0,-0.5359851613060705,-1.2184705569895626,0.4393208256478874,3.0,2.0,1.0
6665,3.7612001156935624,0.0,1.0,1.0,0.5640543293470531,-1.2184705569895626,-1.2469189608454003,9.0,2.0,1.0
6666,3.912023005428146,1.0,0.0,0.0,0.8234976054444879,0.2037227150126764,-1.1592019920881478,4.0,1.0,1.0
6667,4.382026634673881,0.0,1.0,0.0,0.6263207156104375,0.5119741297976643,1.2811827063645898,5.0,1.0,1.0
6668,3.7612001156935624,0.0,0.0,1.0,-1.0444939824570427,1.016046510385022,-0.9909682224804813,2.0,1.0,0.0
6669,3.6635616461296463,0.0,0.0,0.0,-0.836939361579095,0.49780856696829173,-1.0687299315543146,6.0,2.0,0.0
6670,3.6888794541139363,0.0,0.0,0.0,-1.0133607893253507,1.3454132180915201,-1.1754630493578997,10.0,1.0,0.0
6671,3.4011973816621555,1.0,0.0,0.0,0.5640543293470531,1.7522782383805502,1.2276091591528127,6.0,1.0,0.0
6672,3.1354942159291497,0.0,0.0,0.0,-1.2001599481155036,0.21439484004818765,-0.9996789443034458,5.0,1.0,0.0
6673,3.7376696182833684,0.0,0.0,1.0,0.3149887842935157,-1.2184705569895626,0.586396756161012,6.0,2.0,1.0
6674,3.5263605246161616,0.0,1.0,1.0,0.5432988672592584,-1.2184705569895626,-0.4766129649704537,3.0,2.0,0.0
6675,3.5553480614894135,0.0,0.0,1.0,0.8131198744005905,0.742129061433281,0.6685468608199078,5.0,2.0,0.0
6676,3.5263605246161616,0.0,1.0,1.0,-0.5463628923499679,-0.3908482611724921,0.194582403229462,4.0,1.0,0.0
6677,3.7612001156935624,0.0,1.0,0.0,0.13856735654726,1.2851936451321568,0.9796284704558514,2.0,2.0,1.0
6678,3.6375861597263857,0.0,0.0,1.0,-0.5982515475694549,-1.2184705569895626,-0.07940126797602394,2.0,2.0,1.0
6679,3.4011973816621555,0.0,0.0,0.0,-1.5633805346519125,-1.2184705569895626,0.21269027261904513,8.0,2.0,0.0
6680,3.6635616461296463,1.0,0.0,1.0,-0.6812733959206341,0.972768165390665,1.5424176015687012,2.0,1.0,1.0
6681,3.58351893845611,0.0,0.0,0.0,0.02441231506438867,0.2363808105774258,-0.23762066322123307,2.0,1.0,1.0
6682,3.871201010907891,0.0,1.0,1.0,-0.7124065890523262,0.42365222821917375,-0.13428055412773068,5.0,1.0,0.0
6683,3.4657359027997265,1.0,0.0,1.0,0.014034584020491275,1.0762559964210152,-0.2912585411131402,9.0,1.0,0.0
6684,3.295836866004329,1.0,0.0,1.0,-0.2765418852086357,0.8707065933028745,0.3891004716711936,3.0,1.0,0.0
6685,4.31748811353631,1.0,0.0,1.0,0.14894508759115738,0.4643244644564533,-0.9433802103880128,7.0,1.0,1.0
6686,3.6635616461296463,1.0,0.0,0.0,0.532921136215361,0.3692998823534467,-0.6034977552580122,9.0,1.0,0.0
6687,3.7612001156935624,0.0,0.0,1.0,-0.7746729753157106,-1.2184705569895626,-0.4581975253831697,9.0,1.0,0.0
6688,3.4965075614664802,0.0,1.0,1.0,-0.07936499537458526,0.9695871020014885,-1.4994874702358258,3.0,1.0,1.0
6689,3.332204510175204,0.0,1.0,0.0,0.055545508196080846,-1.2184705569895626,-1.633704567124543,8.0,2.0,0.0
6690,3.6375861597263857,0.0,1.0,1.0,-0.40107465773540446,1.5298665414755228,-1.6530927909154096,3.0,1.0,1.0
6691,3.7612001156935624,0.0,0.0,1.0,-0.20389776790135397,0.8007649874235311,0.009861897371480499,4.0,1.0,0.0
6692,3.295836866004329,0.0,1.0,0.0,0.39801063264469483,-1.2184705569895626,-0.12475700546799257,2.0,2.0,1.0
6693,3.4965075614664802,1.0,0.0,1.0,-1.4077145689934516,1.105782182334281,0.1910822926302984,3.0,2.0,0.0
6694,3.713572066704308,0.0,0.0,1.0,-0.8161838994913002,1.1472280695830614,0.17426955631175878,7.0,1.0,1.0
6695,3.4339872044851463,1.0,0.0,1.0,1.09331861258582,0.4647463540291572,-0.6512900607265683,6.0,2.0,1.0
6696,3.6109179126442243,1.0,0.0,1.0,0.9272749158834619,0.654710019551366,1.1889862358698753,8.0,2.0,0.0
6697,3.6375861597263857,0.0,0.0,1.0,-0.7435397821840184,-1.2184705569895626,-0.4055028743553261,9.0,2.0,1.0
6698,3.6109179126442243,0.0,0.0,1.0,0.719720295005514,1.266064035125513,-0.8828589497222301,1.0,2.0,1.0
6699,3.58351893845611,0.0,1.0,1.0,-0.7746729753157106,0.5440239678722044,0.1627917459097027,5.0,1.0,1.0
6700,3.6375861597263857,0.0,0.0,1.0,-1.0029830582814532,0.7824088683184934,-0.699591621768367,9.0,1.0,0.0
6701,3.5553480614894135,0.0,0.0,1.0,0.6263207156104375,0.6081963339135076,-0.1327764332796177,8.0,1.0,0.0
6702,3.6109179126442243,0.0,0.0,1.0,0.6989648329177193,1.2700081822731362,1.7284094207594078,3.0,1.0,1.0
6703,3.970291913552122,0.0,0.0,1.0,1.2801177713759733,0.5414991949416669,-0.06273058075387847,8.0,1.0,1.0
6704,3.58351893845611,0.0,0.0,0.0,-0.29729734729643054,-1.2184705569895626,0.013227609009184058,5.0,2.0,0.0
6705,3.6109179126442243,0.0,1.0,1.0,-0.5359851613060705,-1.2184705569895626,0.7511749250454962,4.0,2.0,0.0
6706,3.5553480614894135,0.0,0.0,0.0,0.003656852976593882,0.34157381198701553,0.06781619003338586,6.0,2.0,1.0
6707,4.02535169073515,0.0,0.0,0.0,-0.25578642312084093,1.3343419390883613,0.004430475434802108,2.0,1.0,0.0
6708,3.9512437185814275,0.0,0.0,1.0,2.0273144065365853,0.34365347941010843,0.7607149910420246,5.0,1.0,0.0
6709,3.8918202981106265,0.0,0.0,0.0,0.3149887842935157,-1.2184705569895626,-0.6148319517633462,7.0,2.0,0.0
6710,3.7376696182833684,0.0,0.0,1.0,-0.4840965060865836,-1.2184705569895626,-0.05595377826897471,10.0,2.0,1.0
6711,3.6888794541139363,0.0,1.0,0.0,-0.7746729753157106,-1.2184705569895626,-0.15760790194297036,4.0,2.0,0.0
6712,3.6635616461296463,0.0,0.0,0.0,0.8234976054444879,0.7622766501508358,1.232878189588839,10.0,2.0,0.0
6713,3.6109179126442243,0.0,0.0,1.0,0.04516777715218345,0.34718134083134394,-1.372728559441278,8.0,2.0,1.0
6714,3.332204510175204,0.0,1.0,0.0,-0.6501402027889419,-1.2184705569895626,0.7606701334326371,4.0,2.0,0.0
6715,3.912023005428146,0.0,0.0,1.0,1.6848492820879715,-1.2184705569895626,0.9978427462677031,8.0,2.0,0.0
6716,3.5263605246161616,0.0,0.0,0.0,1.4669169301661262,-1.2184705569895626,1.3059602763499958,0.0,1.0,0.0
6717,3.7376696182833684,1.0,0.0,1.0,-0.006720878067303511,0.2260106528034397,1.2849860404938782,1.0,1.0,0.0
6718,3.1780538303479458,1.0,0.0,0.0,0.5848097914348479,-0.07475626484089845,0.05678973759245624,4.0,1.0,0.0
6719,3.6635616461296463,0.0,0.0,1.0,1.09331861258582,-1.2184705569895626,-0.2984983506282749,0.0,1.0,0.0
6720,3.5263605246161616,1.0,0.0,0.0,0.8131198744005905,0.868848037644451,-1.4828950230300542,7.0,1.0,0.0
6721,3.4657359027997265,0.0,1.0,1.0,2.058447599668278,0.10425428278048778,0.8474198817208047,6.0,2.0,0.0
6722,3.8918202981106265,0.0,1.0,1.0,-0.14163138163796962,-1.2184705569895626,-1.6084792903787748,2.0,2.0,1.0
6723,4.276666119016055,0.0,0.0,0.0,-0.494474237130481,-1.2184705569895626,-0.8854069662554745,2.0,2.0,1.0
6724,3.6635616461296463,1.0,0.0,0.0,-2.3001994387686273,1.2321497173264437,-0.018325894127610706,8.0,1.0,0.0
6725,3.8501476017100584,0.0,1.0,1.0,-0.8161838994913002,-0.173445602325164,1.5571042958423067,3.0,1.0,1.0
6726,3.6888794541139363,0.0,1.0,0.0,-1.023738520369248,1.0691312662139008,-0.974833566303849,1.0,2.0,0.0
6727,3.091042453358316,0.0,1.0,0.0,-1.7294242313542707,0.5932885016120077,-0.8048253131248216,5.0,1.0,1.0
6728,3.4657359027997265,0.0,0.0,0.0,-1.158649023939914,-1.2184705569895626,1.4364920946007982,7.0,1.0,1.0
6729,3.7376696182833684,0.0,1.0,1.0,0.13856735654726,-1.2184705569895626,0.5515230944627137,8.0,2.0,0.0
6730,3.6888794541139363,0.0,1.0,1.0,-0.22465322998914877,0.47026838418968164,-0.7228753290411403,10.0,1.0,0.0
6731,3.912023005428146,1.0,0.0,0.0,0.6263207156104375,1.259653074829258,1.6661018535864565,5.0,2.0,0.0
6732,3.912023005428146,0.0,0.0,0.0,-1.656780114046989,-1.2184705569895626,1.433249306722153,8.0,1.0,1.0
6733,3.6635616461296463,0.0,1.0,1.0,1.902781634009817,0.1716690343006618,1.3122533816670061,7.0,1.0,0.0
6734,4.174387269895637,1.0,0.0,0.0,0.481032480995874,1.4931895274422955,-0.2724659846469338,1.0,1.0,0.0
6735,3.6375861597263857,0.0,0.0,1.0,-0.2765418852086357,1.6165831812491065,-0.07550595836082052,1.0,2.0,1.0
6736,3.871201010907891,0.0,0.0,1.0,0.39801063264469483,-1.2184705569895626,0.8857541862766737,2.0,2.0,0.0
6737,3.4965075614664802,0.0,0.0,1.0,1.487672392253921,0.6590614862712691,1.7019105704137754,2.0,1.0,1.0
6738,3.8501476017100584,0.0,0.0,0.0,1.1140740746736149,-1.2184705569895626,0.659803625923472,2.0,1.0,1.0
6739,3.8918202981106265,1.0,0.0,0.0,1.3423841576393576,0.10714618769971967,0.42231161995489735,9.0,1.0,0.0
6740,3.6375861597263857,0.0,0.0,1.0,-0.5359851613060705,1.065712599740894,-0.20449158002137044,1.0,1.0,1.0
6741,3.7612001156935624,0.0,0.0,0.0,1.300873233463768,1.1436598604683454,-1.0712247448764247,5.0,1.0,1.0
6742,3.5553480614894135,1.0,0.0,1.0,0.8442530675322827,0.38803946465644484,-0.9018830966369034,3.0,3.0,0.0
6743,3.713572066704308,0.0,1.0,1.0,1.8924039029659194,-1.2184705569895626,-0.9630920001132615,7.0,2.0,0.0
6744,3.6375861597263857,1.0,0.0,0.0,0.1593228186350548,0.2572839578883732,1.3505104894067193,5.0,3.0,0.0
6745,3.4339872044851463,1.0,0.0,1.0,0.771608950225001,0.26811122941191107,0.7949667315435017,7.0,1.0,0.0
6746,3.4339872044851463,0.0,0.0,0.0,-1.81244607970545,0.8835555724676006,1.6293598202971489,6.0,1.0,0.0
6747,3.7376696182833684,0.0,1.0,1.0,0.9480303779712567,-1.2184705569895626,1.1006596904517183,7.0,1.0,0.0
6748,3.8066624897703196,0.0,1.0,0.0,1.9754257513170985,0.5852007103878861,0.45576878962342154,2.0,2.0,0.0
6749,3.4657359027997265,1.0,0.0,0.0,-0.3180528093842253,0.3886387559925474,-0.17468439405004188,8.0,1.0,1.0
6750,3.6375861597263857,0.0,0.0,1.0,-1.2624263343788882,-1.2184705569895626,-1.7411585362789868,8.0,2.0,1.0
6751,3.4657359027997265,0.0,1.0,1.0,0.003656852976593882,0.9087909733110793,1.0018755844450213,1.0,1.0,0.0
6752,3.6635616461296463,1.0,0.0,1.0,-0.5567406233938653,0.4064396139825424,-0.4254898950715078,1.0,1.0,1.0
6753,3.8066624897703196,0.0,0.0,1.0,0.8027421433566931,-1.2184705569895626,-1.5861989678493218,5.0,2.0,1.0
6754,3.1780538303479458,0.0,1.0,1.0,0.6055652535226427,-1.2184705569895626,0.5869187040035774,6.0,2.0,1.0
6755,3.6109179126442243,0.0,0.0,1.0,0.3046110532496183,1.05432254193726,1.4728733544812704,5.0,1.0,1.0
6756,4.174387269895637,0.0,1.0,0.0,0.2527223980301313,0.6540838297529432,-0.16137976619900615,4.0,1.0,1.0
6757,3.4965075614664802,1.0,0.0,1.0,1.1036963436297176,1.3858392053106525,0.26243162382882734,4.0,2.0,1.0
6758,3.295836866004329,0.0,0.0,0.0,-1.3350704516861698,-1.2184705569895626,1.478867061335623,4.0,2.0,0.0
6759,3.4339872044851463,1.0,0.0,1.0,1.1140740746736149,0.41149092105246,-1.5950094891598385,4.0,1.0,0.0
6760,3.58351893845611,1.0,0.0,1.0,-1.3350704516861698,1.0035787528797298,1.48982275002841,8.0,1.0,1.0
6761,3.5553480614894135,0.0,0.0,0.0,1.1036963436297176,-1.2184705569895626,0.4137135637555115,3.0,2.0,1.0
6762,3.332204510175204,0.0,1.0,1.0,-1.604891458827502,1.1735755937555723,1.1664873628946841,7.0,1.0,0.0
6763,3.58351893845611,0.0,0.0,1.0,-0.7020288580084288,1.1241226106696316,0.08714512527851145,3.0,1.0,1.0
6764,4.204692619390966,1.0,0.0,0.0,-2.3001994387686273,0.9492942936093826,1.2591560553548913,6.0,2.0,1.0
6765,3.6888794541139363,0.0,1.0,1.0,1.2904955024198705,0.452267388831231,-0.3638724048429749,2.0,1.0,0.0
6766,3.8501476017100584,1.0,0.0,0.0,1.2282291161564862,1.051705705817233,1.1220647679980016,5.0,2.0,0.0
6767,3.8066624897703196,0.0,1.0,1.0,0.8961417227517697,-1.2184705569895626,-0.99821168319638,2.0,2.0,0.0
6768,3.295836866004329,1.0,0.0,1.0,0.37725517055690005,1.1212696124548278,1.3016612482503032,8.0,1.0,1.0
6769,3.332204510175204,0.0,0.0,0.0,0.8131198744005905,-1.2184705569895626,0.759244426467601,7.0,2.0,0.0
6770,3.4011973816621555,0.0,0.0,0.0,-0.19352003685745658,1.50321112597538,-1.6718898679158953,7.0,1.0,0.0
6771,3.871201010907891,0.0,1.0,0.0,0.6366984466543348,-1.2184705569895626,0.1285533931443607,1.0,1.0,0.0
6772,3.4011973816621555,1.0,0.0,0.0,1.902781634009817,0.8696858927237523,0.10162961257646609,10.0,2.0,0.0
6773,4.060443010546419,0.0,1.0,0.0,-0.7435397821840184,0.9721688740545621,0.14078769757140108,0.0,1.0,1.0
6774,3.912023005428146,1.0,0.0,1.0,-1.0860049066326325,0.7274684388092973,-0.9373126101848629,8.0,2.0,0.0
6775,3.6888794541139363,1.0,0.0,1.0,-1.283181796466683,0.8250379676895816,-1.3602198933568195,0.0,1.0,1.0
6776,3.6635616461296463,0.0,1.0,1.0,0.6574539087421296,0.3313738510311637,-1.6669751778206912,2.0,2.0,1.0
6777,3.9318256327243257,0.0,0.0,1.0,-0.22465322998914877,0.0935941659870836,-0.6402653469526689,1.0,1.0,1.0
6778,3.4011973816621555,0.0,1.0,0.0,-1.5011141483885282,-1.2184705569895626,-0.09824146391886701,6.0,2.0,1.0
6779,3.4965075614664802,0.0,0.0,0.0,0.532921136215361,-1.2184705569895626,-1.161860240111128,6.0,2.0,0.0
6780,3.871201010907891,0.0,0.0,1.0,0.9687858400590514,-1.2184705569895626,0.7886318982177589,5.0,2.0,0.0
6781,3.8918202981106265,0.0,0.0,1.0,0.6885871018738219,-1.2184705569895626,-0.49248890749294294,9.0,2.0,1.0
6782,4.0943445622221,0.0,1.0,1.0,-0.6605179338328393,-1.2184705569895626,-1.269155295098981,4.0,2.0,1.0
6783,3.4011973816621555,1.0,0.0,0.0,0.6263207156104375,1.1383322037200647,-0.26947408642079484,7.0,1.0,1.0
6784,3.713572066704308,1.0,0.0,1.0,-1.5011141483885282,0.7045362188020023,-0.14528788123132488,3.0,1.0,0.0
6785,3.5553480614894135,1.0,0.0,1.0,-0.5774960854816601,0.37368160984346027,-1.6626702382530942,4.0,2.0,1.0
6786,3.7612001156935624,0.0,1.0,1.0,0.2838555911618235,-1.2184705569895626,1.179911263304014,2.0,1.0,1.0
6787,3.713572066704308,0.0,1.0,0.0,0.6989648329177193,-1.2184705569895626,1.4221053203899596,9.0,2.0,0.0
6788,3.5263605246161616,0.0,0.0,0.0,0.4706547499519766,0.180052548500413,1.2534610514963844,1.0,1.0,0.0
6789,4.007333185232471,0.0,0.0,1.0,0.1281896255033626,-1.2184705569895626,1.0829878787533926,8.0,1.0,1.0
6790,3.713572066704308,0.0,1.0,0.0,0.2838555911618235,-1.2184705569895626,1.101028287862191,7.0,2.0,1.0
6791,3.1780538303479458,0.0,0.0,1.0,1.902781634009817,-1.2184705569895626,-1.4020186658377263,9.0,1.0,0.0
6792,2.9444389791664403,0.0,0.0,1.0,-1.4803586863007334,0.430403742261593,1.2403527191530954,7.0,1.0,0.0
6793,3.713572066704308,0.0,1.0,1.0,0.4602770189080792,1.241443616387824,0.6593093228866919,3.0,1.0,1.0
6794,3.4657359027997265,1.0,0.0,1.0,0.4395215568202844,1.0549181507457828,-1.292081184696871,4.0,2.0,0.0
6795,3.7376696182833684,0.0,0.0,0.0,0.9999190331907436,0.2484833574127611,-0.5092899947423783,2.0,1.0,1.0
6796,3.258096538021482,1.0,0.0,1.0,-0.06898726433068787,1.3017235507775133,-0.12793546266650802,1.0,2.0,0.0
6797,3.4657359027997265,0.0,0.0,1.0,-0.3180528093842253,0.96956900958338,0.8390431578344053,7.0,1.0,1.0
6798,3.258096538021482,1.0,0.0,0.0,0.014034584020491275,1.3155314281019832,1.719992881398009,2.0,3.0,1.0
6799,3.912023005428146,0.0,0.0,1.0,-0.5152296992182758,1.8525770005269864,-0.048527757514870186,0.0,1.0,0.0
6800,3.5263605246161616,1.0,0.0,0.0,-0.5256074302621732,0.6136698507759183,0.9142057335642966,7.0,2.0,1.0
6801,3.7376696182833684,0.0,1.0,1.0,-0.8161838994913002,-1.2184705569895626,-1.4944190819751224,5.0,2.0,1.0
6802,4.143134726391533,0.0,1.0,1.0,0.6055652535226427,0.8802246462169254,0.3289118180083516,3.0,2.0,0.0
6803,3.6888794541139363,0.0,1.0,0.0,1.591449702692895,1.4276997771868722,-1.5008424134527192,5.0,1.0,0.0
6804,3.367295829986474,0.0,0.0,1.0,0.771608950225001,-1.2184705569895626,-0.041219966118841864,2.0,1.0,0.0
6805,3.7376696182833684,0.0,0.0,0.0,1.4772946612100237,1.6129994414745985,1.1491714563375086,7.0,3.0,0.0
6806,3.6375861597263857,1.0,0.0,0.0,-0.03785407119899569,0.9991076840684379,-0.7513726032716662,7.0,2.0,0.0
6807,3.5263605246161616,1.0,0.0,1.0,-1.1067603687204273,0.9034322552432144,0.12167922530574707,1.0,2.0,1.0
6808,3.6888794541139363,1.0,0.0,0.0,-0.14163138163796962,0.7428961479390965,-0.09429642842659013,0.0,2.0,1.0
6809,3.295836866004329,1.0,0.0,1.0,0.1281896255033626,0.6427131452465752,-0.09190854312685776,7.0,2.0,1.0
6810,3.6635616461296463,0.0,1.0,0.0,1.7886265925269456,-1.2184705569895626,1.6059886580727398,3.0,2.0,0.0
6811,3.871201010907891,1.0,0.0,1.0,-0.5774960854816601,1.0260636258410532,1.2845273801312238,5.0,2.0,1.0
6812,3.6888794541139363,0.0,0.0,1.0,0.22158920489843914,0.09852154799845356,0.15846681167125476,7.0,2.0,0.0
6813,3.6375861597263857,0.0,0.0,0.0,-1.5426250725641177,-1.2184705569895626,-0.04412684352718783,8.0,2.0,1.0
6814,3.7376696182833684,0.0,1.0,0.0,-0.8784502857546845,-1.2184705569895626,-1.6867951126352387,1.0,2.0,0.0
6815,3.295836866004329,0.0,1.0,0.0,-0.3076750783403279,-1.2184705569895626,0.42655640164323805,8.0,2.0,1.0
6816,3.367295829986474,0.0,0.0,0.0,0.21121147385454175,-1.2184705569895626,-1.5929076145866288,6.0,1.0,1.0
6817,4.07753744390572,0.0,0.0,0.0,-1.4180923000373489,0.8926233963575744,-0.33025301754050235,2.0,1.0,0.0
6818,4.127134385045092,0.0,0.0,0.0,0.24234466698623391,-0.22490588316176438,1.1453272635330025,5.0,3.0,0.0
6819,4.060443010546419,1.0,0.0,1.0,-0.9822275961936585,0.7035387341576212,0.5553208648575043,1.0,1.0,0.0
6820,3.970291913552122,0.0,0.0,0.0,1.4461614680783315,-1.2184705569895626,0.38861312330253556,7.0,1.0,1.0
6821,3.871201010907891,0.0,1.0,1.0,-0.006720878067303511,-1.2184705569895626,0.3369075999483615,2.0,2.0,1.0
6822,4.007333185232471,0.0,0.0,1.0,-0.8784502857546845,0.3250362210667103,-0.8414452919885862,9.0,1.0,0.0
6823,3.6109179126442243,1.0,0.0,1.0,0.49141021203977137,1.1373502497354753,-1.160445312881681,6.0,1.0,1.0
6824,3.4965075614664802,1.0,0.0,1.0,-1.5322473415202202,1.508060374358105,-1.4739080270159381,8.0,2.0,1.0
6825,3.58351893845611,1.0,0.0,1.0,0.9376526469273593,0.9727454297856083,-0.27682569222599235,5.0,1.0,0.0
6826,3.6109179126442243,0.0,0.0,1.0,-0.7539175132279158,0.8602296422290806,-0.687211095444059,9.0,1.0,1.0
6827,3.1780538303479458,0.0,1.0,1.0,-1.283181796466683,0.45859877450978875,1.2141404011340946,7.0,1.0,0.0
6828,4.174387269895637,1.0,0.0,0.0,0.6782093708299244,0.3564079937369238,-1.3700883935554151,10.0,2.0,1.0
6829,3.6635616461296463,1.0,0.0,1.0,0.5640543293470531,1.3918782303213706,0.6125476992338355,5.0,2.0,1.0
6830,4.007333185232471,1.0,0.0,0.0,-0.34918600251591747,0.678018497811357,0.576229031366462,4.0,1.0,1.0
6831,3.9512437185814275,0.0,0.0,1.0,1.4980501232978185,-1.2184705569895626,1.6395976133730292,6.0,2.0,1.0
6832,3.5263605246161616,0.0,0.0,1.0,-1.553002803608015,-1.2184705569895626,-1.675184294205347,7.0,2.0,1.0
6833,3.6375861597263857,0.0,0.0,1.0,-1.1690267549838116,0.8246852455914159,-0.031036419454313742,2.0,1.0,0.0
6834,3.1780538303479458,0.0,0.0,0.0,-1.314314989598375,-1.2184705569895626,1.0400325449637764,5.0,2.0,0.0
6835,3.8066624897703196,0.0,0.0,1.0,-0.3388082714720201,0.654297736572348,-1.657925415926773,3.0,1.0,0.0
6836,3.367295829986474,0.0,0.0,1.0,0.13856735654726,0.9798419806512446,-0.1783256844120846,8.0,1.0,0.0
6837,3.8066624897703196,0.0,1.0,0.0,1.8612707098342272,-1.2184705569895626,-0.9163115988564748,10.0,1.0,1.0
6838,3.5553480614894135,0.0,0.0,0.0,1.1036963436297176,1.2494545548624592,-0.6902925350222706,1.0,1.0,1.0
6839,4.143134726391533,0.0,0.0,1.0,-1.397336837949554,-0.5176269583744091,1.5182901191860108,1.0,3.0,0.0
6840,4.007333185232471,0.0,0.0,1.0,0.875386260663975,0.5704288113870412,-0.269681161664131,7.0,2.0,1.0
6841,3.58351893845611,0.0,1.0,1.0,-0.8784502857546845,1.2334161865940285,-0.20467970379407385,8.0,1.0,0.0
6842,4.143134726391533,0.0,1.0,0.0,0.8131198744005905,-1.2184705569895626,1.0859333545698169,2.0,2.0,1.0
6843,3.7376696182833684,0.0,0.0,0.0,0.33574424638131045,0.9462762220930764,0.3744495939384172,6.0,2.0,1.0
6844,3.367295829986474,0.0,0.0,0.0,-0.4529633129548914,-1.2184705569895626,0.4282463859969149,9.0,2.0,1.0
6845,3.5263605246161616,1.0,0.0,0.0,-0.14163138163796962,0.852321174087095,-0.7623375068997152,5.0,1.0,1.0
6846,3.5263605246161616,0.0,0.0,0.0,1.1348295367614096,0.9919072218810998,0.8406128264295694,6.0,2.0,0.0
6847,3.6635616461296463,1.0,0.0,0.0,-1.1690267549838116,0.10095521839887024,-1.5179933205086973,8.0,1.0,0.0
6848,3.6375861597263857,1.0,0.0,0.0,-0.3906969266915071,0.32404113807075036,0.6771403964850141,6.0,2.0,1.0
6849,3.4965075614664802,0.0,0.0,0.0,-1.1794044860277089,-1.2184705569895626,-0.3529624430930908,2.0,1.0,1.0
6850,3.7376696182833684,0.0,0.0,0.0,-0.10012045746238005,0.6255424798023723,-1.0911321346426082,7.0,1.0,1.0
6851,3.713572066704308,0.0,0.0,0.0,-0.34918600251591747,-1.2184705569895626,0.3238761166878224,0.0,1.0,0.0
6852,3.5553480614894135,0.0,0.0,1.0,0.2942333222057209,1.0757913575064095,-0.5894999208619035,3.0,1.0,0.0
6853,3.258096538021482,1.0,0.0,0.0,-1.023738520369248,0.8393288965665548,-1.3865666103372807,7.0,2.0,0.0
6854,3.295836866004329,0.0,0.0,1.0,0.27347786011792613,0.5607993219862344,-0.6865999539828271,5.0,1.0,0.0
6855,3.970291913552122,0.0,0.0,1.0,0.9272749158834619,1.523192040292485,-1.366538209345772,1.0,2.0,0.0
6856,3.8066624897703196,0.0,1.0,0.0,1.09331861258582,-1.2184705569895626,1.3404710782390228,9.0,2.0,0.0
6857,3.295836866004329,0.0,0.0,0.0,0.7819866812688984,0.726997235389006,0.8059443274408737,9.0,1.0,1.0
6858,3.7612001156935624,0.0,0.0,0.0,1.1036963436297176,-1.2184705569895626,-0.4211352296268379,7.0,2.0,1.0
6859,3.5263605246161616,0.0,0.0,0.0,-0.41145238877930185,-0.17935221645291222,0.03468345563275901,0.0,2.0,0.0
6860,3.4657359027997265,1.0,0.0,1.0,1.6018274337367924,1.0015093324899018,1.5712695638734555,10.0,1.0,0.0
6861,3.8918202981106265,0.0,1.0,0.0,-1.8850901970127316,1.0322920608572772,0.28757135815669327,6.0,1.0,1.0
6862,3.8918202981106265,0.0,0.0,0.0,0.20083374281064434,0.6342225175272267,-0.29940628255161866,8.0,2.0,0.0
6863,4.02535169073515,0.0,1.0,0.0,0.38763290160079744,-1.2184705569895626,-0.7300495908092237,4.0,2.0,1.0
6864,3.8501476017100584,0.0,1.0,1.0,0.8234976054444879,-1.2184705569895626,0.9142629357096012,10.0,2.0,0.0
6865,3.8918202981106265,1.0,0.0,0.0,0.4706547499519766,0.5127810836672763,0.0610807678238086,2.0,2.0,1.0
6866,3.5553480614894135,0.0,0.0,1.0,0.3046110532496183,-1.2184705569895626,0.5260389301960993,7.0,2.0,0.0
6867,3.258096538021482,0.0,0.0,0.0,-1.8850901970127316,0.8305207709258887,1.440104175356728,8.0,2.0,1.0
6868,3.5263605246161616,0.0,1.0,0.0,1.3320064265954603,1.1124190576920487,0.9417884689367626,6.0,1.0,1.0
6869,3.970291913552122,0.0,0.0,0.0,-1.469980955256836,1.8502791033173296,0.5369224642071194,6.0,1.0,1.0
6870,3.2188758248682006,0.0,1.0,1.0,0.9791635711029488,-0.11720556080016635,-0.9116509280144313,10.0,1.0,1.0
6871,3.5553480614894135,0.0,0.0,0.0,0.22158920489843914,-0.5434939927527327,-1.3880248303757878,8.0,1.0,0.0
6872,4.07753744390572,1.0,0.0,1.0,-1.2935595275105802,0.9801332205498208,0.4470751067373564,3.0,1.0,1.0
6873,3.8066624897703196,1.0,0.0,1.0,0.09705643237167041,1.0412663805687086,1.5528294352143381,1.0,1.0,0.0
6874,3.4657359027997265,0.0,0.0,1.0,0.07630097028387564,0.6763061224868532,1.0630714479186505,4.0,1.0,0.0
6875,3.9318256327243257,0.0,1.0,0.0,0.481032480995874,-1.2184705569895626,-0.20628223319611527,1.0,4.0,0.0
6876,3.258096538021482,0.0,0.0,0.0,0.4706547499519766,1.4343280066103226,-1.4772290549109572,4.0,2.0,0.0
6877,3.6635616461296463,1.0,0.0,0.0,1.0725631504980253,0.09576781791840328,-1.5664956975925226,1.0,1.0,1.0
6878,3.828641396489095,0.0,1.0,0.0,-1.0133607893253507,-1.2184705569895626,1.6166258229655335,4.0,2.0,1.0
6879,3.1780538303479458,1.0,0.0,1.0,0.7093425639616167,1.7893728190193225,0.06413734446348363,0.0,2.0,1.0
6880,3.258096538021482,0.0,1.0,1.0,-0.7227843200962236,1.1518438777392201,-0.8361274050090015,9.0,2.0,0.0
6881,3.7612001156935624,1.0,0.0,1.0,-0.41145238877930185,1.0539227475300337,-0.9982089013291311,5.0,1.0,1.0
6882,3.4657359027997265,0.0,0.0,0.0,-2.082267086846782,1.0379873299239368,-1.3916729015392495,7.0,1.0,1.0
6883,3.6109179126442243,0.0,0.0,1.0,-1.3765813758617593,-1.2184705569895626,0.7846797341906571,9.0,2.0,1.0
6884,3.58351893845611,0.0,0.0,0.0,1.1970959230247942,-1.2184705569895626,0.7618854616869788,2.0,2.0,0.0
6885,3.58351893845611,1.0,0.0,0.0,2.0273144065365853,0.570652324800132,1.4457511920051924,5.0,1.0,1.0
6886,3.6375861597263857,0.0,0.0,0.0,0.6263207156104375,0.49280801473501434,1.1989068960793867,1.0,2.0,0.0
6887,4.127134385045092,0.0,0.0,0.0,-0.42183011982319923,0.8883129177707311,-0.594503456842368,3.0,4.0,1.0
6888,3.5553480614894135,0.0,1.0,1.0,-0.08974272641848266,0.11255646115369869,-1.3747711454687466,3.0,1.0,1.0
6889,3.295836866004329,0.0,0.0,1.0,-1.843579272837142,-1.2184705569895626,0.9051488431355531,6.0,2.0,0.0
6890,3.6109179126442243,1.0,0.0,0.0,2.058447599668278,1.4878002283845304,1.2832018203871465,3.0,1.0,0.0
6891,3.4657359027997265,0.0,0.0,0.0,0.6885871018738219,0.6724367466600853,0.047532726588498414,0.0,2.0,0.0
6892,3.6109179126442243,1.0,0.0,0.0,-1.075627175588735,0.525347789087533,0.695966161491504,2.0,2.0,1.0
6893,3.4965075614664802,1.0,0.0,0.0,-0.5878738165255575,0.26200495824539205,-1.6640780369477157,0.0,1.0,0.0
6894,4.143134726391533,0.0,1.0,1.0,-1.0548717135009402,0.0772597545232343,-0.6248877064011301,7.0,1.0,1.0
6895,3.713572066704308,0.0,1.0,1.0,0.38763290160079744,-1.2184705569895626,1.1186154264761299,2.0,2.0,1.0
6896,3.6109179126442243,1.0,0.0,0.0,-0.152009112681867,1.1151383641447252,-0.06555695787871123,10.0,2.0,1.0
6897,3.295836866004329,0.0,0.0,1.0,0.18007828072284957,-1.2184705569895626,1.6893419203167634,4.0,2.0,1.0
6898,3.58351893845611,0.0,0.0,1.0,0.08667870132777303,-1.2184705569895626,-1.516338283362334,7.0,2.0,0.0
6899,3.9512437185814275,1.0,0.0,0.0,0.771608950225001,0.5026285152402747,0.7042752512304156,8.0,2.0,0.0
6900,3.6635616461296463,0.0,0.0,0.0,0.6574539087421296,-1.2184705569895626,-1.7403792657159025,0.0,2.0,1.0
6901,4.02535169073515,1.0,0.0,0.0,-0.152009112681867,0.7569365048307636,-0.3303345610242341,1.0,1.0,0.0
6902,3.58351893845611,0.0,1.0,0.0,-1.366203644817862,0.6336936745448204,-0.17648495762686062,4.0,1.0,1.0
6903,4.204692619390966,0.0,0.0,1.0,0.7612312191811036,0.16583639094429484,0.7136405811903752,4.0,1.0,1.0
6904,4.02535169073515,0.0,0.0,0.0,0.27347786011792613,-1.2184705569895626,1.6754285851383384,5.0,1.0,1.0
6905,3.7612001156935624,1.0,0.0,1.0,1.7574933993952533,0.18741103915388335,-0.6227467118197333,3.0,2.0,1.0
6906,3.4965075614664802,0.0,1.0,0.0,0.13856735654726,-1.2184705569895626,-1.3551838443028843,10.0,1.0,1.0
6907,3.6888794541139363,0.0,0.0,0.0,-1.3558259137739646,-1.2184705569895626,-1.2702030158515796,6.0,2.0,1.0
6908,3.6888794541139363,0.0,0.0,1.0,2.058447599668278,0.8272751832491226,0.8920622441301462,4.0,2.0,1.0
6909,3.713572066704308,0.0,0.0,0.0,0.06592323923997824,1.0326257298779662,0.6090155971613096,7.0,1.0,1.0
6910,3.4965075614664802,0.0,0.0,1.0,1.0518076884102305,1.6271486730947053,1.0642518289656784,6.0,1.0,1.0
6911,3.713572066704308,0.0,0.0,0.0,0.003656852976593882,0.06124556284891352,-1.1632845561425398,4.0,2.0,1.0
6912,3.6375861597263857,0.0,0.0,1.0,0.23196693594233653,-1.2184705569895626,1.00179577962832,3.0,1.0,0.0
6913,3.8066624897703196,1.0,0.0,0.0,-0.6708956648767367,0.7922562672860741,-1.0184946250411584,5.0,2.0,1.0
6914,3.6375861597263857,1.0,0.0,0.0,0.003656852976593882,1.1066341270843214,1.0206243265020583,9.0,1.0,0.0
6915,3.5553480614894135,0.0,0.0,1.0,-0.35956373355981486,-0.2307953655307727,0.09621714211042044,1.0,2.0,0.0
6916,3.6375861597263857,0.0,0.0,0.0,-0.5359851613060705,-1.2184705569895626,-1.6190300435201512,4.0,3.0,0.0
6917,3.58351893845611,0.0,0.0,0.0,0.9376526469273593,0.0484177181902961,0.46189846023956155,2.0,1.0,1.0
6918,3.4965075614664802,0.0,0.0,0.0,0.5951875224787453,-1.2184705569895626,1.7210496432191662,7.0,2.0,1.0
6919,3.5263605246161616,0.0,0.0,1.0,0.6055652535226427,0.6760645166556539,1.6082240622738948,10.0,2.0,1.0
6920,4.060443010546419,0.0,0.0,1.0,1.09331861258582,0.20777893908663397,-0.8215563320929264,3.0,1.0,1.0
6921,3.713572066704308,0.0,0.0,1.0,-0.836939361579095,0.5891198803919255,0.36462003988130537,10.0,1.0,1.0
6922,3.9318256327243257,1.0,0.0,1.0,-1.3039372585544777,0.7706265412726867,1.0262583031477939,5.0,1.0,1.0
6923,3.8918202981106265,0.0,1.0,1.0,-1.8539570038810396,-1.2184705569895626,-0.5092814752739286,8.0,2.0,0.0
6924,3.367295829986474,0.0,0.0,0.0,0.6782093708299244,0.23111895899589333,-0.4456255718188001,1.0,1.0,1.0
6925,3.7376696182833684,1.0,0.0,1.0,-0.20389776790135397,0.8182124828757815,-0.11399430881559458,8.0,4.0,0.0
6926,3.4011973816621555,1.0,0.0,0.0,0.24234466698623391,0.7240854768428232,0.574216176545215,8.0,1.0,0.0
6927,3.5553480614894135,0.0,1.0,1.0,-0.10012045746238005,-1.2184705569895626,-0.4928458558343111,8.0,1.0,0.0
6928,3.8918202981106265,0.0,0.0,1.0,0.8442530675322827,-1.2184705569895626,0.30251554901752054,5.0,1.0,1.0
6929,4.174387269895637,0.0,0.0,0.0,-1.553002803608015,1.0176781903225647,0.00980295655914548,3.0,1.0,1.0
6930,3.295836866004329,0.0,1.0,0.0,0.8234976054444879,-1.2184705569895626,-1.0907353708262408,3.0,2.0,0.0
6931,3.7376696182833684,0.0,1.0,1.0,1.3838950818149471,-1.2184705569895626,1.7156747279609805,7.0,2.0,1.0
6932,3.6375861597263857,1.0,0.0,1.0,2.058447599668278,0.7429778039854265,1.7258452346227793,9.0,1.0,1.0
6933,3.6635616461296463,0.0,1.0,1.0,0.7404757570933088,-1.2184705569895626,-0.1045928145813996,6.0,2.0,1.0
6934,3.6375861597263857,1.0,0.0,0.0,1.300873233463768,0.7273797379275978,-0.468856075880439,10.0,2.0,1.0
6935,3.367295829986474,0.0,0.0,0.0,2.006558944448791,-1.2184705569895626,-0.7692786134190044,9.0,2.0,1.0
6936,4.007333185232471,1.0,0.0,1.0,1.0310522263224358,1.2851294410643566,0.27381624167804663,9.0,2.0,1.0
6937,4.219507705176107,0.0,1.0,1.0,-1.158649023939914,0.19661287502577468,-0.7124064671169019,1.0,1.0,1.0
6938,3.4965075614664802,0.0,0.0,1.0,0.7819866812688984,-0.2694700707209734,-0.9460410664115387,1.0,1.0,1.0
6939,4.1588830833596715,0.0,0.0,0.0,0.875386260663975,-1.2184705569895626,-1.737425444297732,10.0,2.0,1.0
6940,3.6109179126442243,0.0,0.0,1.0,1.09331861258582,1.1007542513089992,0.5290878567008399,7.0,1.0,0.0
6941,3.4011973816621555,0.0,0.0,1.0,0.10743416341556782,1.1366283142199833,-1.5561589743626048,5.0,1.0,0.0
6942,3.367295829986474,1.0,0.0,1.0,0.2631001290740287,1.086919795741999,-1.5939334281346424,0.0,2.0,0.0
6943,3.9318256327243257,0.0,1.0,1.0,-1.5114918794324255,-1.2184705569895626,-1.537233757601969,3.0,2.0,0.0
6944,3.7376696182833684,0.0,0.0,1.0,-0.2765418852086357,0.34521327000490176,-0.7528864606551503,6.0,2.0,0.0
6945,3.4011973816621555,0.0,0.0,1.0,-0.21427549894525139,-1.2184705569895626,0.4424199996298104,7.0,2.0,1.0
6946,3.5263605246161616,0.0,0.0,1.0,2.058447599668278,0.7794074482312426,-1.160225893102428,0.0,1.0,1.0
6947,3.4011973816621555,1.0,0.0,0.0,0.8338753364883853,1.252566610886992,0.6623672904599913,1.0,1.0,1.0
6948,4.143134726391533,0.0,0.0,0.0,-2.3209549008564223,0.5064882844733566,-0.7311011366292894,1.0,1.0,1.0
6949,3.4965075614664802,0.0,1.0,0.0,0.7300980260494114,-1.2184705569895626,0.23011588906584723,4.0,2.0,1.0
6950,3.7612001156935624,1.0,0.0,1.0,-0.5256074302621732,0.3585433794033946,-1.0504422839937746,1.0,1.0,0.0
6951,3.091042453358316,0.0,0.0,0.0,-0.46334104399878884,-1.2184705569895626,0.27254006007763637,0.0,2.0,0.0
6952,3.5263605246161616,1.0,0.0,0.0,0.771608950225001,0.36735887009921964,-0.7715896496359873,7.0,2.0,1.0
6953,3.6635616461296463,0.0,1.0,1.0,-0.6190070096572498,-1.2184705569895626,1.3908451303812155,8.0,2.0,0.0
6954,3.6375861597263857,0.0,0.0,1.0,-0.733162051140121,-1.2184705569895626,-0.4539753463662263,7.0,2.0,1.0
6955,3.9318256327243257,1.0,0.0,0.0,-0.40107465773540446,0.40252973035239936,-1.528943445466987,5.0,2.0,0.0
6956,3.4657359027997265,0.0,1.0,0.0,-0.733162051140121,-1.2184705569895626,1.5290867198455043,6.0,2.0,0.0
6957,3.6635616461296463,1.0,0.0,1.0,2.058447599668278,0.41442317366517256,-0.9846074830159838,7.0,2.0,0.0
6958,3.6109179126442243,1.0,0.0,0.0,0.23196693594233653,0.3948390116672931,1.4209355452118173,6.0,1.0,0.0
6959,3.6375861597263857,0.0,0.0,1.0,0.49141021203977137,-1.2184705569895626,-0.2984986983616811,10.0,2.0,0.0
6960,3.8918202981106265,1.0,0.0,0.0,0.5536765983031557,1.2928232018374635,-0.016610177501882012,1.0,2.0,1.0
6961,3.6635616461296463,0.0,1.0,0.0,0.014034584020491275,1.1763242003189907,0.3121235968949423,9.0,1.0,0.0
6962,3.6375861597263857,0.0,0.0,1.0,2.058447599668278,0.8128853064571852,1.6836432652574922,4.0,1.0,0.0
6963,4.3694478524670215,0.0,1.0,0.0,0.03479004610828606,-1.2184705569895626,1.530098102457165,2.0,2.0,1.0
6964,3.7376696182833684,0.0,1.0,1.0,0.33574424638131045,0.6993693123880652,0.3451841766138022,2.0,2.0,0.0
6965,3.5263605246161616,0.0,0.0,1.0,-0.2661641541647383,-1.2184705569895626,0.6619625287752835,8.0,2.0,0.0
6966,3.332204510175204,0.0,1.0,0.0,0.9065194537956671,0.36543899235110144,0.11368605136628288,8.0,1.0,1.0
6967,3.6375861597263857,0.0,0.0,1.0,0.5744320603909505,-1.2184705569895626,-1.6412283009657636,1.0,2.0,1.0
6968,3.7612001156935624,1.0,0.0,1.0,-0.9926053272375559,0.6374517739947271,0.43473943802243603,0.0,2.0,1.0
6969,3.6635616461296463,0.0,0.0,1.0,0.2527223980301313,-1.2184705569895626,0.5783083032682749,8.0,2.0,1.0
6970,4.2626798770413155,1.0,0.0,1.0,1.2801177713759733,0.6978027971776918,-0.45030206453082156,6.0,2.0,1.0
6971,3.828641396489095,0.0,0.0,1.0,-0.9303389409741715,0.9727172504441297,-0.931356806271776,6.0,1.0,0.0
6972,3.6888794541139363,0.0,0.0,0.0,-2.310577169812525,-0.44956152024191315,-0.4444085048974278,6.0,1.0,0.0
6973,3.5263605246161616,1.0,0.0,1.0,1.4254060059905367,1.2089164907169918,-1.6698486728220512,8.0,1.0,0.0
6974,3.9318256327243257,0.0,0.0,0.0,-1.7398019623981682,0.22905354135343442,-0.9086399044509562,2.0,2.0,0.0
6975,3.713572066704308,0.0,1.0,1.0,-0.8784502857546845,0.6808939114114282,-0.14705054186687788,4.0,1.0,0.0
6976,3.58351893845611,0.0,0.0,1.0,-0.7020288580084288,-1.2184705569895626,1.598702947747999,9.0,2.0,0.0
6977,3.367295829986474,1.0,0.0,0.0,-0.03785407119899569,0.2284600139735432,0.8070968898154134,8.0,1.0,1.0
6978,3.828641396489095,1.0,0.0,1.0,-2.237933052505243,0.4521018352000448,1.4449875694453826,3.0,2.0,1.0
6979,3.4657359027997265,0.0,0.0,0.0,0.19045601176674695,-0.2973573717514324,1.416353288252851,2.0,1.0,1.0
6980,3.5553480614894135,0.0,0.0,1.0,0.5640543293470531,-1.2184705569895626,-1.0945138420169926,8.0,2.0,1.0
6981,3.8501476017100584,0.0,0.0,1.0,-0.5048519681743784,-1.2184705569895626,-0.7105549605960886,2.0,2.0,1.0
6982,3.295836866004329,0.0,0.0,0.0,1.2074736540686914,-0.4000486560553305,-0.521191518299775,5.0,1.0,1.0
6983,3.9512437185814275,0.0,0.0,0.0,-0.2765418852086357,0.9637467733701729,-1.0703900108350664,7.0,1.0,0.0
6984,3.295836866004329,0.0,0.0,1.0,1.4357837370344342,-1.2184705569895626,-1.3895513800285948,5.0,1.0,0.0
6985,3.9889840465642745,0.0,0.0,1.0,-0.22465322998914877,0.9919053005623627,0.2378440901498583,5.0,1.0,1.0
6986,3.5553480614894135,0.0,0.0,0.0,-0.9199612099302741,1.0200313254459148,0.9038721399350337,6.0,1.0,1.0
6987,3.4339872044851463,1.0,0.0,1.0,1.6744715510440742,0.6454798442281016,-0.2542464928339908,1.0,1.0,1.0
6988,4.219507705176107,0.0,1.0,1.0,1.1555849988492046,1.1601966508391768,-0.22941519803734134,9.0,1.0,1.0
6989,3.6109179126442243,0.0,1.0,0.0,0.9480303779712567,0.2660197138566058,-1.160343079260286,8.0,1.0,1.0
6990,4.060443010546419,0.0,1.0,1.0,0.719720295005514,-1.2184705569895626,1.6605951473673561,1.0,1.0,1.0
6991,3.4965075614664802,0.0,1.0,1.0,-0.34918600251591747,0.9186137153548664,0.9460454212943167,5.0,1.0,1.0
6992,3.8066624897703196,0.0,0.0,1.0,-0.3906969266915071,-1.2184705569895626,0.07822558954518018,6.0,2.0,1.0
6993,3.4657359027997265,1.0,0.0,1.0,0.4706547499519766,0.523611877608499,0.40675315803218337,3.0,2.0,1.0
6994,4.276666119016055,0.0,0.0,0.0,-1.127515830808222,0.45161606177933017,-1.3001969346619875,1.0,1.0,1.0
6995,3.7376696182833684,0.0,1.0,1.0,1.9650480202732012,-1.2184705569895626,1.6110919935407566,1.0,2.0,1.0
6996,4.343805421853684,0.0,0.0,1.0,1.3320064265954603,0.7238846990347889,-0.6182519098124023,10.0,1.0,1.0
6997,3.4339872044851463,0.0,1.0,1.0,0.3046110532496183,0.8372330580440905,1.39375305098978,2.0,1.0,1.0
6998,3.4657359027997265,0.0,0.0,1.0,-0.5048519681743784,-1.2184705569895626,-1.5791302431699914,4.0,2.0,1.0
6999,4.060443010546419,0.0,0.0,0.0,-1.5114918794324255,-1.2184705569895626,1.634170190370521,6.0,2.0,1.0
7000,3.5553480614894135,0.0,0.0,1.0,1.1244518057175124,-1.2184705569895626,1.108072497336391,2.0,2.0,0.0
7001,3.713572066704308,0.0,0.0,1.0,0.27347786011792613,-1.2184705569895626,1.5111122062171631,1.0,2.0,1.0
7002,3.713572066704308,0.0,0.0,1.0,1.2697400403320758,0.2708311763041663,1.58527626547142,9.0,2.0,0.0
7003,3.4657359027997265,1.0,0.0,1.0,1.4461614680783315,0.8668059960466278,-0.06754268949428151,1.0,1.0,0.0
7004,4.189654742026425,1.0,0.0,1.0,1.062185419454128,0.9620091006822964,0.3668291902102991,1.0,1.0,1.0
7005,3.4657359027997265,1.0,0.0,1.0,-0.6190070096572498,0.776390337374305,-0.24952688117961216,7.0,1.0,0.0
7006,3.8066624897703196,0.0,0.0,1.0,0.2942333222057209,-1.2184705569895626,-0.23465414953373973,3.0,2.0,0.0
7007,3.58351893845611,1.0,0.0,1.0,-0.13125365059407224,0.8337204070628575,-0.7187284343066188,10.0,2.0,0.0
7008,3.6109179126442243,0.0,1.0,0.0,-0.027476340155098297,0.16819945288112043,-1.4014734198569516,6.0,1.0,0.0
7009,3.4339872044851463,0.0,0.0,1.0,2.058447599668278,0.1656697165438452,1.5365981091508083,6.0,1.0,1.0
7010,3.258096538021482,0.0,1.0,0.0,-0.25578642312084093,-1.2184705569895626,1.632306513180494,4.0,1.0,1.0
7011,3.4657359027997265,0.0,0.0,1.0,-0.4737187750426862,-1.2184705569895626,1.6478757548387974,10.0,2.0,0.0
7012,3.6109179126442243,0.0,0.0,1.0,1.1348295367614096,0.825138836923283,-0.3367512855671151,9.0,1.0,1.0
7013,4.110873864173311,1.0,0.0,1.0,1.217851385112589,1.1647074269043702,1.6065349472537331,9.0,1.0,0.0
7014,3.58351893845611,1.0,0.0,0.0,0.19045601176674695,0.05577941104166193,1.710354754580959,2.0,1.0,1.0
7015,3.091042453358316,0.0,1.0,0.0,-0.22465322998914877,0.15556341987643052,0.5680400835193598,1.0,1.0,1.0
7016,3.5553480614894135,1.0,0.0,0.0,1.217851385112589,0.9788643496338141,-0.5051065880002157,7.0,1.0,1.0
7017,3.295836866004329,0.0,1.0,1.0,-0.9199612099302741,-1.2184705569895626,-1.63941608831984,7.0,2.0,0.0
7018,4.07753744390572,0.0,1.0,1.0,0.003656852976593882,-1.2184705569895626,1.2100103714697692,6.0,2.0,1.0
7019,3.8918202981106265,1.0,0.0,0.0,1.248984578244281,0.5225087204335733,1.4627993438396663,6.0,1.0,0.0
7020,3.6109179126442243,1.0,0.0,0.0,0.9168971848395645,0.5274413860714705,-0.10217363327511761,4.0,1.0,0.0
7021,4.290459441148391,0.0,1.0,0.0,0.36687743951300267,-1.2184705569895626,-0.8721779704202669,4.0,2.0,1.0
7022,3.970291913552122,0.0,1.0,1.0,-2.2067998593735507,0.3217264293221436,1.7115999879082258,3.0,4.0,0.0
7023,3.044522437723423,0.0,0.0,1.0,0.2527223980301313,0.07153054215888492,-0.5530579815020654,1.0,1.0,0.0
7024,3.7376696182833684,1.0,0.0,0.0,-1.5114918794324255,-0.29390380132136734,-1.6760025109099153,3.0,1.0,0.0
7025,3.7612001156935624,0.0,0.0,0.0,-0.41145238877930185,-0.009680718883230277,0.8563194227832848,10.0,1.0,0.0
7026,3.4339872044851463,0.0,1.0,1.0,0.9791635711029488,0.5854343107243472,-1.5425608595168154,1.0,1.0,0.0
7027,3.7376696182833684,0.0,0.0,0.0,0.1281896255033626,-1.2184705569895626,0.8975527807458623,5.0,1.0,1.0
7028,3.7376696182833684,0.0,1.0,1.0,0.3564997084691052,0.42665412863610885,1.6427372982967634,7.0,1.0,1.0
7029,3.9512437185814275,0.0,0.0,0.0,1.9442925581854065,-1.2184705569895626,-0.5447254197582416,3.0,1.0,1.0
7030,4.219507705176107,0.0,0.0,1.0,-0.22465322998914877,-1.2184705569895626,-1.2709833296148823,5.0,2.0,1.0
7031,3.58351893845611,0.0,0.0,0.0,-0.9407166720180689,-1.2184705569895626,-0.7032850721413257,5.0,2.0,0.0
7032,3.5553480614894135,0.0,0.0,1.0,0.2942333222057209,-1.2184705569895626,-0.08249435662333997,9.0,2.0,1.0
7033,3.367295829986474,0.0,1.0,0.0,0.6055652535226427,-1.2184705569895626,-0.9041817883179695,6.0,1.0,0.0
7034,3.332204510175204,0.0,1.0,1.0,0.481032480995874,0.7897457441361705,-1.2653470927020072,6.0,2.0,0.0
7035,3.6635616461296463,0.0,1.0,1.0,-0.006720878067303511,-1.2184705569895626,-0.5807403424953809,2.0,3.0,0.0
7036,3.6109179126442243,0.0,0.0,1.0,0.6366984466543348,0.9252304168658941,0.7447468991669172,8.0,1.0,1.0
7037,3.970291913552122,0.0,0.0,0.0,-1.0652494445448377,-1.2184705569895626,-1.5960135693699709,1.0,1.0,1.0
7038,3.5263605246161616,0.0,1.0,0.0,0.6989648329177193,-1.2184705569895626,-1.3981438724934832,7.0,2.0,0.0
7039,3.4657359027997265,1.0,0.0,1.0,-0.8992057478424793,0.21544788282605223,-1.6689421318323319,2.0,2.0,1.0
7040,3.5553480614894135,0.0,0.0,1.0,-0.7642952442718132,1.5852315824256333,-0.4446291417436023,4.0,1.0,1.0
7041,3.6109179126442243,0.0,1.0,1.0,0.7508534881372062,-1.2184705569895626,-0.8340218792350275,1.0,2.0,0.0
7042,4.442651256490317,0.0,0.0,0.0,-2.52850952173437,0.18846936555827518,1.530952483435968,8.0,1.0,0.0
7043,4.04305126783455,0.0,1.0,1.0,1.1036963436297176,-1.2184705569895626,-1.561112784465996,1.0,2.0,1.0
7044,3.1354942159291497,0.0,0.0,1.0,0.23196693594233653,-1.2184705569895626,1.2780819675823394,3.0,1.0,1.0
7045,3.258096538021482,0.0,0.0,1.0,1.2593623092881785,0.7754224730604551,-1.5423318770688945,1.0,2.0,1.0
7046,3.784189633918261,0.0,0.0,0.0,-2.2275553214613457,-1.2184705569895626,0.8328159479978524,6.0,1.0,0.0
7047,4.060443010546419,0.0,0.0,1.0,-0.9510944030619662,-1.2184705569895626,0.28427936600108433,0.0,2.0,1.0
7048,3.2188758248682006,0.0,0.0,0.0,-0.5048519681743784,-1.2184705569895626,1.710756908265121,3.0,1.0,1.0
7049,3.784189633918261,0.0,0.0,0.0,1.9546702892293037,-1.2184705569895626,-0.16556178200754437,7.0,2.0,0.0
7050,3.295836866004329,0.0,0.0,0.0,0.5017879430836688,-1.2184705569895626,-0.8759381856071982,2.0,2.0,0.0
7051,4.174387269895637,0.0,0.0,1.0,1.2593623092881785,1.1123817520865689,1.490760239291273,2.0,1.0,1.0
7052,3.713572066704308,0.0,1.0,1.0,0.33574424638131045,-0.09304177548234496,0.26145292815734084,2.0,1.0,1.0
7053,3.8066624897703196,0.0,0.0,1.0,0.5121656741275662,-1.2184705569895626,-1.3388694099552947,7.0,2.0,0.0
7054,3.5553480614894135,1.0,0.0,0.0,0.9480303779712567,0.8907672423475724,0.14103928269071905,1.0,1.0,1.0
7055,3.7376696182833684,0.0,1.0,1.0,-0.7954284374035054,0.38362731628642616,0.4498967894612064,2.0,1.0,0.0
7056,3.258096538021482,0.0,0.0,1.0,1.5810719716489976,0.51706738566001,0.48414331396159194,7.0,1.0,0.0
7057,3.7612001156935624,0.0,1.0,1.0,0.8131198744005905,-1.2184705569895626,-0.25121686553328904,4.0,2.0,1.0
7058,3.6109179126442243,0.0,1.0,1.0,-0.03785407119899569,1.1342383538208376,0.5148220937153262,8.0,2.0,1.0
7059,3.4657359027997265,0.0,0.0,1.0,1.0725631504980253,-1.2184705569895626,1.6383370797758938,5.0,2.0,1.0
7060,3.4339872044851463,1.0,0.0,0.0,-0.40107465773540446,0.8879973411681508,1.2206779630355975,5.0,2.0,0.0
7061,3.1354942159291497,0.0,0.0,0.0,0.8131198744005905,-0.16553072978738775,0.7886718875594615,9.0,1.0,1.0
7062,3.6888794541139363,0.0,1.0,1.0,0.2838555911618235,-1.2184705569895626,-0.006446103908096017,5.0,2.0,1.0
7063,3.4011973816621555,0.0,0.0,0.0,-0.7124065890523262,-1.2184705569895626,0.18872466013689737,10.0,2.0,1.0
7064,3.871201010907891,0.0,0.0,1.0,0.9791635711029488,1.0612066269725438,-0.6666861311486306,8.0,1.0,1.0
7065,3.828641396489095,1.0,0.0,0.0,-0.017098609111200903,1.2210792388727585,0.8763563432432426,9.0,3.0,0.0
7066,3.6375861597263857,0.0,1.0,0.0,1.4772946612100237,-1.2184705569895626,-0.563718270666365,9.0,2.0,0.0
7067,3.912023005428146,0.0,0.0,1.0,-0.5359851613060705,0.22602330148512598,-0.15793233721086766,7.0,1.0,0.0
7068,3.9318256327243257,0.0,1.0,0.0,-0.05860953328679048,1.065411272918948,0.7263665806536499,5.0,2.0,1.0
7069,3.4965075614664802,0.0,0.0,0.0,1.1244518057175124,-1.2184705569895626,0.0962832114575807,7.0,2.0,1.0
7070,3.912023005428146,0.0,0.0,0.0,0.9999190331907436,-0.7445119656292555,1.0974342892433784,7.0,1.0,0.0
7071,3.1780538303479458,0.0,0.0,1.0,1.0725631504980253,0.13100736531643672,-0.6533856760984683,5.0,2.0,1.0
7072,3.6635616461296463,0.0,1.0,1.0,1.0829408815419228,0.6901810858572289,1.2054630617181166,6.0,1.0,0.0
7073,3.4339872044851463,0.0,1.0,1.0,1.2904955024198705,-1.2184705569895626,-0.6350034450514673,6.0,2.0,1.0
7074,3.5263605246161616,0.0,0.0,1.0,-0.12087591955017483,1.2564403096809185,-1.2989409215991312,7.0,1.0,0.0
7075,3.8918202981106265,0.0,0.0,0.0,-0.1727645747696618,0.8757081061955203,-0.9941870167541049,8.0,2.0,1.0
7076,3.4657359027997265,1.0,0.0,1.0,2.037692137580483,0.2228138986445765,1.6117737248834285,4.0,2.0,0.0
7077,3.4657359027997265,0.0,0.0,1.0,-1.4803586863007334,-1.2184705569895626,-1.4790906457005475,3.0,2.0,0.0
7078,3.367295829986474,0.0,0.0,0.0,-0.4840965060865836,-1.2184705569895626,1.0271563246690634,6.0,2.0,0.0
7079,3.9512437185814275,0.0,0.0,1.0,-1.0029830582814532,-1.2184705569895626,1.5420516121587746,5.0,3.0,0.0
7080,3.6888794541139363,0.0,1.0,1.0,-1.158649023939914,-1.2184705569895626,-0.320529696038956,2.0,2.0,0.0
7081,4.007333185232471,0.0,1.0,0.0,0.3149887842935157,0.11208621839277615,-0.8049743168893383,0.0,2.0,1.0
7082,3.7612001156935624,0.0,0.0,0.0,-0.5152296992182758,-1.2184705569895626,1.2081965940235182,10.0,2.0,0.0
7083,4.127134385045092,0.0,0.0,1.0,1.8716484408781247,-1.2184705569895626,0.47593176344309324,2.0,1.0,1.0
7084,3.4011973816621555,0.0,0.0,1.0,1.5084278543417158,-1.2184705569895626,0.8616839060392878,1.0,1.0,1.0
7085,3.367295829986474,1.0,0.0,1.0,0.2527223980301313,-0.10636243839704675,0.4873483727656743,1.0,2.0,1.0
7086,3.2188758248682006,1.0,0.0,0.0,0.6055652535226427,0.43224916890864573,1.266537740099717,7.0,2.0,0.0
7087,3.1354942159291497,0.0,0.0,1.0,-1.2728040654227855,-1.2184705569895626,0.8821742708608082,5.0,1.0,0.0
7088,3.4339872044851463,0.0,0.0,1.0,-1.366203644817862,1.0774499359062724,-1.7305436263241838,3.0,2.0,1.0
7089,3.258096538021482,0.0,1.0,1.0,0.9480303779712567,-1.2184705569895626,0.5095827944855216,6.0,2.0,0.0
7090,3.7376696182833684,0.0,0.0,0.0,0.14894508759115738,1.0416740203607782,-0.861036765955322,10.0,1.0,0.0
7091,3.4965075614664802,1.0,0.0,0.0,0.6574539087421296,0.4603968086279914,0.23851921455781383,3.0,2.0,0.0
7092,3.4965075614664802,0.0,0.0,0.0,0.16970054967895218,-1.2184705569895626,-1.0393570646072128,2.0,2.0,1.0
7093,3.5553480614894135,0.0,0.0,0.0,0.21121147385454175,1.0575196163159124,1.1878929620410767,1.0,2.0,1.0
7094,3.8918202981106265,1.0,0.0,1.0,-0.20389776790135397,0.799975005202764,-0.6274098167956196,6.0,1.0,0.0
7095,3.367295829986474,0.0,1.0,0.0,0.38763290160079744,-1.2184705569895626,1.5998819378614026,3.0,2.0,1.0
7096,3.5263605246161616,0.0,0.0,1.0,2.006558944448791,1.4135044339170733,0.8733964364904655,8.0,1.0,0.0
7097,3.4965075614664802,1.0,0.0,0.0,-0.8992057478424793,-0.12864669366023054,0.7451281888467126,9.0,1.0,0.0
7098,4.0943445622221,1.0,0.0,0.0,0.5017879430836688,0.9854166869671463,0.7397291061168021,5.0,1.0,0.0
7099,3.7376696182833684,1.0,0.0,1.0,-0.152009112681867,0.9912765490056231,0.6931535198362123,2.0,2.0,0.0
7100,3.8918202981106265,0.0,1.0,0.0,0.6989648329177193,-1.2184705569895626,-0.38020526906108787,5.0,2.0,0.0
7101,3.7376696182833684,0.0,0.0,0.0,0.10743416341556782,-1.2184705569895626,0.45414313594987427,4.0,2.0,0.0
7102,3.5263605246161616,0.0,0.0,0.0,0.1178118944594652,-1.2184705569895626,0.9191239009935619,2.0,2.0,0.0
7103,4.0943445622221,1.0,0.0,1.0,0.33574424638131045,0.7424127761668032,-1.4713334088771268,9.0,1.0,1.0
7104,3.713572066704308,0.0,1.0,1.0,0.6989648329177193,0.8371662922179739,1.3154758271413938,4.0,1.0,1.0
7105,2.9444389791664403,0.0,0.0,1.0,0.7819866812688984,0.9198078149500184,-0.9300109041234412,4.0,1.0,1.0
7106,3.6109179126442243,0.0,0.0,1.0,-1.4492254931690411,1.2179076219673735,-1.074530820234981,4.0,2.0,0.0
7107,3.784189633918261,0.0,0.0,0.0,-0.5256074302621732,-1.2184705569895626,0.18229680812502097,8.0,3.0,1.0
7108,3.6109179126442243,0.0,0.0,0.0,-0.19352003685745658,0.7849890392726193,0.44388500046973645,6.0,1.0,0.0
7109,3.784189633918261,1.0,0.0,1.0,-0.3803191956476097,0.17321841775229557,0.862675815580206,3.0,1.0,1.0
7110,3.4965075614664802,0.0,0.0,0.0,0.27347786011792613,-1.2184705569895626,0.8307238099600137,9.0,1.0,1.0
7111,3.7612001156935624,0.0,0.0,0.0,0.4706547499519766,-1.2184705569895626,-0.6801515856999906,10.0,2.0,0.0
7112,3.970291913552122,0.0,0.0,1.0,0.4602770189080792,1.019562523674045,-1.2689816022626308,6.0,1.0,0.0
7113,3.4965075614664802,0.0,0.0,0.0,-1.7398019623981682,-1.2184705569895626,0.6773794632017123,3.0,2.0,1.0
7114,3.6109179126442243,0.0,0.0,1.0,0.958408109015154,-1.2184705569895626,1.4332971200654927,10.0,2.0,1.0
7115,3.044522437723423,0.0,0.0,0.0,0.9065194537956671,0.9238155257258625,0.8661086397652882,4.0,1.0,1.0
7116,3.912023005428146,1.0,0.0,0.0,-1.3558259137739646,0.8301126508041348,1.4315115090251367,2.0,1.0,1.0
7117,3.7376696182833684,0.0,0.0,1.0,-0.048231802242893085,1.0060538917428903,0.020626680424315296,4.0,1.0,1.0
7118,3.828641396489095,0.0,0.0,1.0,-0.6293847407011471,-1.2184705569895626,0.9573375420575119,5.0,2.0,1.0
7119,3.7376696182833684,0.0,0.0,1.0,0.719720295005514,-1.2184705569895626,-0.6852510961005405,7.0,2.0,1.0
7120,3.8501476017100584,0.0,0.0,0.0,-0.8473170926229924,-1.2184705569895626,-1.7319006559415138,3.0,2.0,0.0
7121,3.367295829986474,0.0,0.0,0.0,2.058447599668278,0.4666114741932659,-0.445988257761369,1.0,1.0,1.0
7122,3.4339872044851463,0.0,1.0,0.0,-0.017098609111200903,-1.2184705569895626,-0.5639220424423435,6.0,1.0,0.0
7123,3.332204510175204,0.0,0.0,1.0,-0.3180528093842253,0.9750939217220103,-1.3766283895907607,4.0,1.0,0.0
7124,3.332204510175204,0.0,0.0,0.0,-0.6190070096572498,-1.2184705569895626,1.4454923044843462,4.0,2.0,1.0
7125,3.8918202981106265,0.0,1.0,0.0,0.6366984466543348,1.4035022086812556,0.9901682699949357,1.0,1.0,0.0
7126,3.7612001156935624,0.0,1.0,0.0,-2.0615116247589875,-1.2184705569895626,-0.3029244752878997,5.0,3.0,0.0
7127,3.4339872044851463,0.0,0.0,1.0,0.49141021203977137,-1.2184705569895626,0.13441357037076831,9.0,1.0,1.0
7128,3.8918202981106265,0.0,1.0,0.0,-0.4840965060865836,-1.2184705569895626,-1.0496037248849492,6.0,2.0,1.0
7129,3.7612001156935624,1.0,0.0,1.0,1.1555849988492046,0.3852021572113274,-1.1643566182335656,6.0,1.0,0.0
7130,3.4657359027997265,0.0,0.0,0.0,0.6885871018738219,1.225827457911887,-1.4483557070017272,1.0,1.0,1.0
7131,3.8501476017100584,0.0,0.0,1.0,-1.947356583276116,1.3720840041415603,1.4346294606109893,6.0,1.0,0.0
7132,3.4011973816621555,0.0,0.0,1.0,-2.0615116247589875,-1.2184705569895626,1.7029327327610246,6.0,1.0,0.0
7133,3.912023005428146,0.0,0.0,0.0,0.5536765983031557,-1.2184705569895626,-0.6437604154174441,7.0,1.0,0.0
7134,3.4965075614664802,0.0,0.0,1.0,-0.24540869207694355,1.1693493329733753,-1.46098764457865,9.0,2.0,1.0
7135,3.8918202981106265,0.0,1.0,0.0,-1.0444939824570427,0.31344954831230526,-0.09481281253465802,5.0,1.0,0.0
7136,4.276666119016055,0.0,1.0,1.0,0.003656852976593882,-1.2184705569895626,0.34209682556768695,4.0,1.0,1.0
7137,3.6888794541139363,0.0,1.0,1.0,-0.41145238877930185,1.508014903147992,-0.7099001785923903,5.0,1.0,1.0
7138,2.9444389791664403,0.0,0.0,1.0,0.04516777715218345,1.2114010760639435,0.46219038243398797,10.0,1.0,1.0
7139,3.6635616461296463,0.0,1.0,0.0,-0.1727645747696618,-1.2184705569895626,-0.1708455911133305,1.0,2.0,0.0
7140,3.6635616461296463,0.0,1.0,1.0,0.8857639917078723,1.1236616542826057,1.7053699962044244,6.0,2.0,0.0
7141,3.4011973816621555,0.0,1.0,1.0,0.6470761776982322,-1.2184705569895626,-1.0923243386254438,4.0,2.0,1.0
7142,3.5553480614894135,1.0,0.0,0.0,-0.21427549894525139,0.78655075118615,0.48362310478605686,6.0,2.0,1.0
7143,3.332204510175204,1.0,0.0,0.0,-0.28691961625253315,0.4602605551075469,1.1641431181374178,7.0,1.0,1.0
7144,3.7612001156935624,1.0,0.0,1.0,0.8338753364883853,0.5226938074719208,-0.6104143465721709,9.0,2.0,1.0
7145,3.4011973816621555,0.0,0.0,1.0,1.5603165095612028,0.8215624622039339,0.5916306655230219,9.0,1.0,1.0
7146,3.4657359027997265,0.0,0.0,1.0,-1.2935595275105802,-1.2184705569895626,1.1984736202553785,4.0,1.0,0.0
7147,3.6375861597263857,1.0,0.0,1.0,-0.048231802242893085,0.646969666798883,0.8534494051159858,3.0,1.0,1.0
7148,3.1780538303479458,0.0,1.0,0.0,-2.082267086846782,-1.2184705569895626,-0.9112280841926059,9.0,2.0,1.0
7149,3.8066624897703196,0.0,0.0,0.0,1.165962729893102,-1.2184705569895626,-1.5467861681344137,1.0,2.0,1.0
7150,3.7612001156935624,0.0,0.0,0.0,-0.9614721341058636,-1.2184705569895626,1.5580021434968736,7.0,2.0,1.0
7151,3.713572066704308,1.0,0.0,0.0,-2.3209549008564223,0.8509195720683288,-0.4790872620216038,3.0,2.0,0.0
7152,3.4657359027997265,0.0,1.0,0.0,-1.0860049066326325,-1.2184705569895626,-0.019769857096467447,9.0,2.0,0.0
7153,3.5553480614894135,0.0,0.0,1.0,2.058447599668278,-0.06440307871575732,0.2666531073789585,2.0,1.0,1.0
7154,4.143134726391533,1.0,0.0,0.0,0.6055652535226427,1.1545880012255845,-0.9016753259267548,9.0,1.0,0.0
7155,3.6375861597263857,0.0,0.0,1.0,0.771608950225001,0.8959074104090842,-1.1420835981056405,2.0,2.0,0.0
7156,3.8066624897703196,0.0,0.0,0.0,-2.1237780110223716,0.20953086155514444,-0.4350675162758955,5.0,1.0,1.0
7157,3.828641396489095,1.0,0.0,1.0,0.20083374281064434,0.37565112165895526,0.1467636700220419,6.0,1.0,1.0
7158,3.6109179126442243,0.0,0.0,1.0,-0.4737187750426862,1.2737273750186147,1.5988124837709228,1.0,1.0,1.0
7159,3.1780538303479458,0.0,0.0,0.0,-0.3803191956476097,-1.2184705569895626,1.6699010149148719,4.0,2.0,0.0
7160,3.8066624897703196,0.0,0.0,0.0,1.0310522263224358,-1.2184705569895626,1.2205998968859262,10.0,2.0,0.0
7161,3.091042453358316,1.0,0.0,1.0,0.6470761776982322,0.1649192814670852,-1.2709777658803847,6.0,2.0,0.0
7162,3.6375861597263857,0.0,1.0,0.0,0.8234976054444879,0.8458647425807263,1.3958232818230338,1.0,1.0,1.0
7163,3.58351893845611,0.0,0.0,1.0,-0.9095834788863767,-1.2184705569895626,1.0172290575248357,4.0,1.0,0.0
7164,3.9889840465642745,0.0,0.0,0.0,-1.1897822170716064,-1.2184705569895626,-0.1569089577966966,3.0,1.0,1.0
7165,3.7376696182833684,0.0,0.0,0.0,-1.5114918794324255,-1.2184705569895626,-1.1938555385403808,1.0,2.0,0.0
7166,3.8501476017100584,0.0,0.0,1.0,0.1281896255033626,-1.2184705569895626,1.338629829853689,2.0,1.0,1.0
7167,3.784189633918261,0.0,0.0,0.0,-1.4907364173446307,-1.2184705569895626,0.0572963851651532,9.0,1.0,0.0
7168,4.0943445622221,1.0,0.0,0.0,-0.7746729753157106,0.5651051573861297,1.575905545643666,7.0,1.0,1.0
7169,3.258096538021482,0.0,1.0,1.0,0.8131198744005905,1.4615418854234032,-0.7671656113767991,5.0,1.0,1.0
7170,3.295836866004329,0.0,0.0,0.0,-0.5359851613060705,0.5252722172172043,-0.3109480759003982,6.0,1.0,0.0
7171,3.8066624897703196,0.0,1.0,1.0,-0.06898726433068787,0.6028720394730169,0.8576048193189568,8.0,2.0,0.0
7172,3.871201010907891,1.0,0.0,1.0,1.6122051647806899,1.5344152635857748,-0.604958235563659,1.0,1.0,1.0
7173,3.713572066704308,1.0,0.0,1.0,-0.19352003685745658,0.1612413970744554,0.29293410274566567,5.0,2.0,1.0
7174,3.5553480614894135,0.0,0.0,1.0,-1.6879133071786812,-1.2184705569895626,-0.9891398402311742,5.0,1.0,0.0
7175,3.5553480614894135,0.0,0.0,1.0,1.6640938200001767,0.4437652331994595,1.140686935095216,5.0,1.0,1.0
7176,3.1354942159291497,0.0,1.0,1.0,2.037692137580483,0.715847342427518,1.4792413963472963,7.0,1.0,1.0
7177,3.7376696182833684,1.0,0.0,1.0,-1.4492254931690411,0.7413264305308279,-1.0952105258961267,7.0,1.0,1.0
7178,3.4965075614664802,0.0,0.0,0.0,-2.1237780110223716,-1.2184705569895626,0.8934048428111229,10.0,1.0,1.0
7179,2.9444389791664403,0.0,1.0,1.0,1.2386068472003837,-1.2184705569895626,-1.0238721482998903,1.0,2.0,0.0
7180,3.8918202981106265,0.0,1.0,1.0,-0.25578642312084093,0.9071452037027974,-0.3743709979734353,1.0,1.0,0.0
7181,3.8918202981106265,0.0,1.0,1.0,-0.4529633129548914,-0.004809695554817165,0.4404332248140216,7.0,1.0,0.0
7182,3.6635616461296463,0.0,0.0,1.0,0.19045601176674695,0.21318392891408575,0.7623029156410096,10.0,1.0,0.0
7183,3.4657359027997265,1.0,0.0,0.0,-0.1623868437257644,0.07593292382532299,-0.44839161719767334,9.0,2.0,1.0
7184,3.4965075614664802,1.0,0.0,1.0,-0.3906969266915071,0.3740272871062562,-0.8574102542630387,7.0,2.0,1.0
7185,3.4011973816621555,0.0,0.0,1.0,0.02441231506438867,-1.2184705569895626,0.8476499073689437,7.0,2.0,1.0
7186,3.713572066704308,0.0,0.0,0.0,-0.2765418852086357,1.0433646207395944,1.3381859481607943,7.0,1.0,1.0
7187,3.713572066704308,0.0,0.0,0.0,-3.1304179222804187,0.5603319612034178,1.2499263414233128,0.0,1.0,1.0
7188,3.6109179126442243,0.0,0.0,0.0,0.10743416341556782,1.4539108877290443,0.6683406549100864,4.0,2.0,0.0
7189,3.871201010907891,0.0,0.0,1.0,0.02441231506438867,-1.2184705569895626,1.2179482557976624,10.0,2.0,0.0
7190,3.828641396489095,0.0,0.0,1.0,-0.2765418852086357,0.983928145275523,0.42034727394380256,7.0,1.0,0.0
7191,3.6635616461296463,0.0,0.0,1.0,0.3564997084691052,1.170993021153025,-0.04531070190827715,6.0,1.0,1.0
7192,3.58351893845611,1.0,0.0,1.0,-0.8161838994913002,0.9349841515450379,0.33892723557102733,9.0,2.0,1.0
7193,3.8918202981106265,1.0,0.0,0.0,1.062185419454128,1.0521922797874212,-0.11963350146242147,7.0,1.0,0.0
7194,3.7612001156935624,0.0,0.0,1.0,-1.2416708722910934,1.3276724013120615,0.00959118691482657,1.0,1.0,0.0
7195,3.871201010907891,0.0,0.0,0.0,-0.494474237130481,-0.2242728086378665,-1.5843288575912815,8.0,3.0,0.0
7196,3.5553480614894135,0.0,0.0,1.0,-0.5152296992182758,-1.2184705569895626,-0.4001862044426629,5.0,2.0,1.0
7197,3.6375861597263857,0.0,0.0,0.0,-1.4492254931690411,-1.2184705569895626,0.9679809661516156,1.0,2.0,1.0
7198,3.7376696182833684,0.0,0.0,1.0,-0.6397624717450445,0.20788941491402121,-1.3201928225800248,1.0,1.0,0.0
7199,3.7376696182833684,0.0,0.0,1.0,-0.1727645747696618,0.43938542702818345,1.6224416641826624,4.0,2.0,0.0
7200,3.295836866004329,0.0,0.0,0.0,-0.7539175132279158,1.383039203471015,-1.425239085630588,10.0,1.0,1.0
7201,3.6109179126442243,0.0,0.0,1.0,-0.08974272641848266,1.153713000650698,-0.7753695117603635,0.0,1.0,0.0
7202,3.713572066704308,0.0,0.0,1.0,0.38763290160079744,1.3476470713432709,-0.8828090499784539,8.0,1.0,0.0
7203,3.784189633918261,0.0,0.0,0.0,1.0518076884102305,-1.2184705569895626,0.16431134089438768,5.0,2.0,0.0
7204,3.7612001156935624,0.0,0.0,1.0,-2.2794439766808328,1.2248616750266696,0.1709796505565864,9.0,1.0,0.0
7205,3.4657359027997265,0.0,0.0,1.0,1.5084278543417158,-1.2184705569895626,-1.315864932607625,9.0,2.0,1.0
7206,3.6109179126442243,0.0,0.0,1.0,1.300873233463768,-1.2184705569895626,0.10503374875554426,7.0,1.0,0.0
7207,4.02535169073515,0.0,1.0,1.0,0.014034584020491275,-0.09347711428620901,-0.6621466453986151,2.0,1.0,1.0
7208,3.6635616461296463,0.0,1.0,0.0,-0.5567406233938653,-1.2184705569895626,1.2753486091436403,6.0,2.0,0.0
7209,3.5263605246161616,0.0,0.0,0.0,-0.6086292786133524,0.3174162709550897,1.7220933650375945,0.0,1.0,0.0
7210,3.367295829986474,0.0,0.0,0.0,2.058447599668278,-1.2184705569895626,1.1202819388248948,9.0,2.0,1.0
7211,3.6375861597263857,1.0,0.0,1.0,0.9895413021468462,0.9554433141178036,-0.26011918846301824,9.0,3.0,0.0
7212,3.6109179126442243,0.0,1.0,0.0,0.02441231506438867,-1.2184705569895626,0.8036261626890654,2.0,2.0,1.0
7213,3.1354942159291497,0.0,0.0,0.0,0.667831639786027,-1.2184705569895626,-0.13603869422900466,8.0,2.0,1.0
7214,4.007333185232471,0.0,0.0,1.0,-2.2483107835491403,-1.2184705569895626,0.981984712015628,3.0,1.0,0.0
7215,3.4965075614664802,0.0,0.0,1.0,-0.6812733959206341,-1.2184705569895626,-1.1961211955478668,1.0,2.0,0.0
7216,3.6888794541139363,0.0,0.0,0.0,0.10743416341556782,1.016055956868813,-0.6745170874541461,5.0,2.0,0.0
7217,3.6375861597263857,0.0,1.0,0.0,1.0206744952785385,0.6038531929081323,-0.2103361092445031,2.0,1.0,0.0
7218,3.4657359027997265,0.0,0.0,0.0,0.06592323923997824,0.7664912229107155,0.029947848241699528,7.0,1.0,0.0
7219,3.4657359027997265,0.0,1.0,1.0,1.1140740746736149,-1.2184705569895626,-0.023377243451414828,8.0,2.0,1.0
7220,3.5553480614894135,0.0,0.0,1.0,-0.40107465773540446,1.0886201628243954,-0.972280507636216,5.0,1.0,0.0
7221,3.784189633918261,0.0,0.0,1.0,-0.20389776790135397,0.3828446991208184,-1.3240987380641147,2.0,1.0,0.0
7222,4.04305126783455,0.0,1.0,0.0,-0.6916511269645315,0.8385060918173614,1.4960468302643082,1.0,1.0,0.0
7223,3.332204510175204,1.0,0.0,1.0,0.003656852976593882,1.4478055772218936,0.7924220184776156,2.0,2.0,1.0
7224,3.58351893845611,0.0,1.0,1.0,1.3735173507710499,-1.2184705569895626,-0.3294365395029645,3.0,2.0,0.0
7225,3.9318256327243257,1.0,0.0,0.0,-0.8473170926229924,0.8516501535181381,1.3452788403118492,5.0,1.0,0.0
7226,3.332204510175204,0.0,0.0,1.0,0.03479004610828606,0.890037941776921,-0.8858618015506616,2.0,1.0,0.0
7227,4.007333185232471,0.0,1.0,0.0,0.02441231506438867,-1.2184705569895626,-0.9265744287375952,5.0,2.0,1.0
7228,3.784189633918261,0.0,1.0,1.0,-0.8784502857546845,0.6330975854066131,1.2896573172048083,2.0,2.0,0.0
7229,3.295836866004329,0.0,0.0,0.0,0.33574424638131045,0.1760691744285732,0.09848731965218598,5.0,1.0,0.0
7230,4.23410650459726,0.0,0.0,1.0,-0.12087591955017483,-1.2184705569895626,1.7223599026933754,9.0,2.0,1.0
7231,3.828641396489095,0.0,0.0,0.0,-1.1171380997643245,-1.2184705569895626,0.8861992850364895,6.0,2.0,1.0
7232,3.4011973816621555,1.0,0.0,1.0,1.1244518057175124,0.4403838723319333,-0.24509380185186513,5.0,2.0,1.0
7233,3.8066624897703196,0.0,0.0,1.0,-2.165288935197961,-1.2184705569895626,1.0211958263549945,2.0,1.0,0.0
7234,3.784189633918261,0.0,0.0,1.0,-0.3388082714720201,0.7862961764534747,0.22566507533438895,1.0,1.0,1.0
7235,3.784189633918261,0.0,0.0,0.0,0.958408109015154,1.1484684409378,-1.3248152427473967,10.0,1.0,1.0
7236,3.58351893845611,0.0,0.0,1.0,0.36687743951300267,-1.2184705569895626,-1.5664910031915402,8.0,2.0,0.0
7237,3.6635616461296463,0.0,1.0,0.0,-1.1897822170716064,1.0516760854867013,0.8235413764568865,6.0,1.0,1.0
7238,3.6375861597263857,1.0,0.0,1.0,-0.1727645747696618,0.5985955041838636,-0.08379592276239611,5.0,1.0,0.0
7239,3.5263605246161616,0.0,1.0,1.0,-0.3180528093842253,-1.2184705569895626,-1.0454962978920208,4.0,2.0,1.0
7240,3.4965075614664802,0.0,0.0,0.0,-0.6086292786133524,-1.2184705569895626,0.8962319154027673,3.0,2.0,1.0
7241,3.828641396489095,0.0,0.0,1.0,-1.5737582656958098,0.5293342052473736,0.447077193137793,2.0,1.0,1.0
7242,3.6109179126442243,0.0,1.0,0.0,-1.708668769266476,1.0252638769167055,1.6281232803050343,1.0,1.0,0.0
7243,3.58351893845611,0.0,0.0,1.0,0.09705643237167041,0.38435741740655127,-0.2865603150632373,9.0,1.0,0.0
7244,3.2188758248682006,0.0,0.0,0.0,-0.5671183544377627,0.4341752909426598,-0.695661886545959,1.0,1.0,0.0
7245,4.02535169073515,0.0,0.0,1.0,-0.12087591955017483,0.9019662890467529,-1.7291500846992125,10.0,1.0,0.0
7246,3.9318256327243257,0.0,0.0,0.0,-0.6501402027889419,-1.2184705569895626,1.4195465241211256,4.0,2.0,1.0
7247,3.4965075614664802,0.0,0.0,0.0,-0.5359851613060705,0.36466325991096865,0.5657956382496462,7.0,1.0,0.0
7248,3.9889840465642745,1.0,0.0,1.0,0.4187660947324896,1.1980198916090208,0.33705625597947203,7.0,2.0,0.0
7249,3.367295829986474,1.0,0.0,1.0,2.058447599668278,1.1507106199040789,-0.6906432241623288,4.0,1.0,0.0
7250,3.4965075614664802,1.0,0.0,1.0,0.4602770189080792,0.40121698932522737,0.269237114319735,8.0,1.0,1.0
7251,3.8501476017100584,0.0,0.0,1.0,0.5017879430836688,0.31654879554525706,-0.03752529867896172,5.0,1.0,0.0
7252,3.6888794541139363,1.0,0.0,1.0,-0.8265616305351976,0.5794069737359467,-0.8877167854055361,4.0,1.0,0.0
7253,3.295836866004329,0.0,1.0,1.0,-0.10012045746238005,1.0909337508037389,1.4599321080396161,8.0,1.0,1.0
7254,3.6109179126442243,0.0,0.0,1.0,1.6329606268684846,-0.11560814438010354,0.15133045284443689,9.0,2.0,1.0
7255,3.332204510175204,0.0,0.0,1.0,0.03479004610828606,-1.2184705569895626,-0.8486494588295949,10.0,2.0,0.0
7256,3.6635616461296463,1.0,0.0,1.0,-2.2794439766808328,0.9519759742367889,-0.496823926000168,2.0,2.0,1.0
7257,3.6888794541139363,1.0,0.0,1.0,-1.0341162514131454,0.9095001000349903,0.8511321096976929,2.0,1.0,1.0
7258,4.406719247264253,0.0,0.0,1.0,2.058447599668278,-1.2184705569895626,-0.966765281948666,5.0,2.0,1.0
7259,3.4965075614664802,0.0,0.0,1.0,0.4706547499519766,1.5908953098430245,0.2783802426331927,7.0,3.0,0.0
7260,3.332204510175204,0.0,0.0,0.0,1.062185419454128,-1.2184705569895626,0.759855741795536,7.0,2.0,0.0
7261,3.7612001156935624,0.0,0.0,1.0,0.1593228186350548,-1.2184705569895626,-0.735349569518394,9.0,2.0,1.0
7262,3.871201010907891,1.0,0.0,1.0,-0.07936499537458526,0.9874292683443328,0.8949178308610916,9.0,2.0,0.0
7263,3.4657359027997265,0.0,0.0,0.0,-0.9614721341058636,0.8160575638021492,1.0520759437508642,3.0,1.0,1.0
7264,3.4339872044851463,0.0,1.0,1.0,-1.1897822170716064,0.4328735974982263,-0.0673884697286734,1.0,1.0,1.0
7265,3.5553480614894135,0.0,1.0,1.0,-0.40107465773540446,0.6596188288149435,0.6777113747378407,8.0,1.0,0.0
7266,3.4657359027997265,0.0,0.0,1.0,0.10743416341556782,-1.2184705569895626,-1.2640150998899167,3.0,2.0,1.0
7267,3.713572066704308,0.0,0.0,0.0,0.9687858400590514,0.8819258138487956,-0.8800379624651922,6.0,1.0,1.0
7268,4.127134385045092,0.0,0.0,1.0,1.062185419454128,1.1290983458692205,-1.0191382795758612,5.0,1.0,1.0
7269,3.713572066704308,1.0,0.0,0.0,0.9168971848395645,0.7395961228981105,-1.2104330332096898,2.0,2.0,1.0
7270,3.295836866004329,0.0,0.0,1.0,-1.1067603687204273,-1.2184705569895626,0.9765560719461988,7.0,2.0,1.0
7271,3.295836866004329,0.0,0.0,1.0,-1.9266011211883212,1.2923041255586374,0.6440857282340582,3.0,1.0,1.0
7272,3.258096538021482,0.0,1.0,1.0,0.18007828072284957,1.2989150631134536,0.41643875045916695,7.0,2.0,0.0
7273,3.5263605246161616,0.0,0.0,0.0,-0.5878738165255575,-1.2184705569895626,-1.025525446779223,9.0,2.0,1.0
7274,3.784189633918261,0.0,0.0,0.0,-0.5359851613060705,0.9273552352793104,1.640146162821162,5.0,1.0,0.0
7275,3.6375861597263857,1.0,0.0,1.0,-0.7642952442718132,0.953434255158302,1.7212264656561715,1.0,1.0,0.0
7276,3.4011973816621555,0.0,0.0,0.0,1.3942728128588446,-1.2184705569895626,0.05114289481069471,4.0,2.0,0.0
7277,3.8066624897703196,0.0,0.0,0.0,0.7612312191811036,-1.2184705569895626,-0.11568533636948974,10.0,1.0,1.0
7278,3.6109179126442243,0.0,1.0,0.0,0.003656852976593882,-1.2184705569895626,-1.4105546516241223,1.0,2.0,1.0
7279,3.367295829986474,1.0,0.0,0.0,0.5017879430836688,0.3779161963401852,0.8048712221496295,3.0,2.0,0.0
7280,3.6109179126442243,0.0,0.0,1.0,0.5951875224787453,-1.2184705569895626,-0.9322649120618228,0.0,2.0,0.0
7281,3.5263605246161616,1.0,0.0,1.0,-0.6190070096572498,1.2883838347853347,-1.1004213109866308,2.0,1.0,1.0
7282,3.5553480614894135,0.0,0.0,1.0,-0.1623868437257644,0.1273400481768614,-1.0943248489107738,1.0,1.0,0.0
7283,3.6375861597263857,0.0,1.0,1.0,1.591449702692895,-1.2184705569895626,-1.3648967338022473,5.0,2.0,0.0
7284,3.4657359027997265,1.0,0.0,1.0,1.3112509645076653,1.6999362323534835,1.5682766224470983,9.0,2.0,0.0
7285,3.044522437723423,0.0,0.0,1.0,-0.7227843200962236,-1.2184705569895626,-0.7766213520223464,4.0,1.0,1.0
7286,3.8501476017100584,0.0,0.0,0.0,-1.0652494445448377,-1.2184705569895626,0.1499821165622594,7.0,1.0,1.0
7287,3.713572066704308,0.0,0.0,1.0,-0.5982515475694549,0.7415494636142343,1.5726486745620736,9.0,2.0,1.0
7288,3.6109179126442243,0.0,1.0,0.0,0.1593228186350548,0.7275462522181527,1.502389487591688,3.0,2.0,1.0
7289,3.713572066704308,0.0,0.0,1.0,-0.152009112681867,0.9184057326015678,-0.1263306729973271,2.0,1.0,1.0
7290,3.5553480614894135,1.0,0.0,1.0,-0.5878738165255575,0.18997487889874345,0.97153636636235,2.0,2.0,1.0
7291,3.9512437185814275,1.0,0.0,0.0,0.5744320603909505,0.35762290761839477,-0.5155610189881005,10.0,1.0,0.0
7292,3.7612001156935624,0.0,0.0,0.0,-0.027476340155098297,-1.2184705569895626,-1.3467241859991286,7.0,2.0,1.0
7293,3.784189633918261,0.0,0.0,1.0,-0.1727645747696618,0.7380436973584764,1.3685613305177011,10.0,2.0,1.0
7294,3.332204510175204,0.0,0.0,0.0,-1.283181796466683,1.6030992062417455,0.6789536523311559,7.0,2.0,1.0
7295,3.1780538303479458,1.0,0.0,1.0,0.5640543293470531,0.27538630281020937,0.46519340812912235,2.0,2.0,1.0
7296,3.4339872044851463,0.0,0.0,0.0,1.1036963436297176,1.0483826249514006,0.9704851682756905,3.0,1.0,0.0
7297,3.912023005428146,1.0,0.0,0.0,-1.231293141247196,0.41923911918978674,-0.5393678911703608,1.0,3.0,0.0
7298,3.4657359027997265,0.0,1.0,0.0,-0.4322078508670966,-1.2184705569895626,-0.6380026456791348,5.0,2.0,0.0
7299,3.8501476017100584,0.0,1.0,0.0,1.4772946612100237,0.9365091982926674,-0.9396612016097051,8.0,1.0,1.0
7300,3.6375861597263857,1.0,0.0,1.0,2.0480698686243803,1.0783497535148472,-1.4454785607996032,7.0,2.0,1.0
7301,3.4965075614664802,1.0,0.0,0.0,-0.9095834788863767,1.021069798223356,-1.4787895085708596,10.0,2.0,0.0
7302,3.258096538021482,1.0,0.0,1.0,-1.5633805346519125,0.44689314010357395,0.24937805949700045,6.0,1.0,0.0
7303,3.9318256327243257,1.0,0.0,1.0,-1.999245238495603,0.5329379587587273,0.9613065711548099,5.0,1.0,0.0
7304,3.5263605246161616,1.0,0.0,0.0,1.2801177713759733,0.6851896598879532,-1.2878113662032906,1.0,2.0,1.0
7305,3.4339872044851463,0.0,1.0,1.0,-0.4737187750426862,1.6684346105586163,-1.7128805079610108,8.0,2.0,1.0
7306,3.4011973816621555,0.0,1.0,1.0,-0.21427549894525139,-1.2184705569895626,1.6957596880598624,3.0,2.0,1.0
7307,3.784189633918261,1.0,0.0,1.0,0.4706547499519766,0.628748360225237,-0.6310003380803709,7.0,2.0,0.0
7308,3.5263605246161616,0.0,0.0,1.0,-0.07936499537458526,-1.2184705569895626,-0.06973288835264248,2.0,1.0,0.0
7309,3.9318256327243257,0.0,1.0,0.0,-0.29729734729643054,0.17635417004125362,0.06869160888325875,2.0,1.0,1.0
7310,4.23410650459726,0.0,0.0,1.0,0.429143825776387,0.3458990206841771,-0.6756846023651483,4.0,1.0,1.0
7311,4.02535169073515,0.0,1.0,1.0,0.8650085296200775,0.4334892200435948,1.0968358400514697,2.0,1.0,1.0
7312,3.713572066704308,1.0,0.0,0.0,0.8857639917078723,1.3830878768790231,0.8510780371530436,2.0,2.0,0.0
7313,3.58351893845611,1.0,0.0,0.0,-0.8888280167985819,0.7515536101687894,-0.5943780989494666,1.0,1.0,0.0
7314,3.828641396489095,0.0,0.0,0.0,0.5951875224787453,0.44856965081165057,1.2796712831149486,3.0,1.0,1.0
7315,3.7376696182833684,0.0,0.0,0.0,1.3216286955515628,0.37920524110293213,-0.23478541889454493,10.0,1.0,0.0
7316,3.367295829986474,1.0,0.0,0.0,-0.24540869207694355,1.2398268266704948,0.1798602401484337,3.0,2.0,0.0
7317,3.4657359027997265,0.0,0.0,0.0,-1.2728040654227855,1.2201720562090241,-1.5191957826270133,6.0,1.0,0.0
7318,3.713572066704308,0.0,0.0,0.0,1.0518076884102305,-1.1581301010596523,1.3324092269518524,0.0,2.0,0.0
7319,3.4011973816621555,0.0,0.0,1.0,0.06592323923997824,1.1113339929352315,-1.3948329288672412,3.0,1.0,0.0
7320,3.58351893845611,0.0,1.0,0.0,-0.1831423058135592,-1.2184705569895626,-0.3094284809157132,10.0,1.0,0.0
7321,3.6109179126442243,1.0,0.0,0.0,0.9376526469273593,0.8589319515320163,-0.9242698255886251,2.0,2.0,0.0
7322,4.290459441148391,0.0,0.0,1.0,0.16970054967895218,-1.2184705569895626,-0.51547443336998,2.0,2.0,1.0
7323,4.007333185232471,1.0,0.0,1.0,0.9065194537956671,0.8056089521797287,0.5909635389834069,8.0,1.0,0.0
7324,3.828641396489095,1.0,0.0,1.0,-0.7435397821840184,0.4425277438228266,-0.9215380319502535,8.0,1.0,0.0
7325,3.295836866004329,0.0,0.0,0.0,0.23196693594233653,-1.2184705569895626,0.660551078879898,10.0,2.0,1.0
7326,3.258096538021482,1.0,0.0,0.0,1.830137516702535,1.0927455543728908,0.2813505813881532,7.0,1.0,0.0
7327,3.6888794541139363,0.0,1.0,1.0,0.22158920489843914,0.9936077490733908,0.17451383902954828,8.0,1.0,1.0
7328,3.58351893845611,1.0,0.0,1.0,0.32536651533741306,1.102514019162353,-1.280259813689582,5.0,1.0,1.0
7329,3.295836866004329,0.0,0.0,1.0,0.7093425639616167,-0.3864929518151148,-0.9549463450752198,10.0,2.0,0.0
7330,3.6375861597263857,1.0,0.0,0.0,-1.0133607893253507,-0.2797467243164171,1.4188793975815106,4.0,1.0,0.0
7331,3.713572066704308,0.0,0.0,0.0,-1.7813128865737577,-1.2184705569895626,1.2153522520543754,7.0,1.0,0.0
7332,3.58351893845611,0.0,0.0,0.0,-0.8784502857546845,1.4412501978005607,0.47632331125836885,5.0,2.0,0.0
7333,3.044522437723423,0.0,0.0,0.0,-0.12087591955017483,-1.2184705569895626,-0.3846013147810845,4.0,2.0,1.0
7334,3.6109179126442243,0.0,0.0,0.0,-1.521869610476323,0.0616384725306649,1.2812562519799815,2.0,1.0,1.0
7335,3.6109179126442243,1.0,0.0,0.0,0.5225434051714636,0.46692432892763536,-0.8262392578729608,2.0,2.0,1.0
7336,3.4965075614664802,0.0,0.0,0.0,-1.469980955256836,-1.2184705569895626,-1.2503818639701105,1.0,2.0,1.0
7337,3.6375861597263857,0.0,0.0,1.0,1.7678711304391508,0.4716975251103473,1.4290737239816278,3.0,1.0,0.0
7338,3.713572066704308,0.0,0.0,1.0,0.5744320603909505,-1.2184705569895626,-1.5011805841901578,1.0,2.0,0.0
7339,3.6888794541139363,0.0,1.0,1.0,0.532921136215361,1.2261737756142623,1.447002684533769,6.0,1.0,0.0
7340,3.970291913552122,1.0,0.0,1.0,-0.5671183544377627,0.12154262899734253,1.054540504266643,8.0,2.0,1.0
7341,3.1780538303479458,0.0,0.0,1.0,-0.7642952442718132,0.20619241013941503,0.4310341647136696,10.0,1.0,1.0
7342,3.9889840465642745,0.0,0.0,0.0,0.16970054967895218,0.5465815633311685,1.4526436158476266,10.0,1.0,0.0
7343,4.07753744390572,0.0,0.0,1.0,1.9754257513170985,-0.20188576282224396,-0.3000782773589191,1.0,1.0,1.0
7344,3.1354942159291497,0.0,0.0,0.0,-0.9407166720180689,1.7722055158829095,-0.4719522941284101,6.0,2.0,0.0
7345,3.1780538303479458,0.0,0.0,1.0,0.34612197742520784,-1.2184705569895626,0.2052972865385206,8.0,2.0,1.0
7346,3.8066624897703196,1.0,0.0,1.0,0.5536765983031557,0.47765297275599866,-0.31239673327023715,3.0,1.0,0.0
7347,3.58351893845611,1.0,0.0,1.0,-0.7124065890523262,1.1831093374393102,-1.0134297141145159,8.0,2.0,0.0
7348,3.4965075614664802,0.0,1.0,0.0,2.058447599668278,-1.2184705569895626,-1.679564518055366,5.0,1.0,1.0
7349,3.58351893845611,0.0,0.0,1.0,-0.9303389409741715,-1.2184705569895626,-0.8964848832405081,7.0,1.0,0.0
7350,3.6375861597263857,0.0,1.0,1.0,0.6989648329177193,1.1092488817757165,-0.34812807941469703,10.0,1.0,0.0
7351,3.9889840465642745,0.0,1.0,0.0,0.1281896255033626,1.7852259727449282,1.4945877408922856,7.0,1.0,0.0
7352,3.6888794541139363,0.0,0.0,1.0,-0.13125365059407224,1.1920772527549506,-1.217364577060311,6.0,1.0,0.0
7353,4.204692619390966,1.0,0.0,0.0,0.4602770189080792,0.6948333990693938,1.2795895657645133,7.0,2.0,1.0
7354,3.8066624897703196,0.0,1.0,1.0,-0.8888280167985819,-1.2184705569895626,-0.5905991061586058,5.0,2.0,0.0
7355,3.6635616461296463,0.0,0.0,0.0,2.058447599668278,0.49201050734919366,0.844060777017817,0.0,1.0,1.0
7356,3.6375861597263857,0.0,0.0,0.0,0.481032480995874,1.442203972443671,-0.49479577090905275,2.0,2.0,1.0
7357,3.6635616461296463,0.0,1.0,1.0,1.1244518057175124,0.24240174317003568,-0.3433683045519129,3.0,1.0,1.0
7358,3.6375861597263857,0.0,0.0,1.0,-0.40107465773540446,0.5153034549493922,0.23858250203772519,9.0,1.0,1.0
7359,3.6375861597263857,0.0,0.0,0.0,0.2527223980301313,0.21666952132310355,1.202321116527242,5.0,1.0,1.0
7360,3.8501476017100584,0.0,1.0,0.0,0.719720295005514,0.9899794987481383,-0.5642795123838207,7.0,1.0,1.0
7361,3.6109179126442243,0.0,0.0,1.0,0.2631001290740287,-1.2184705569895626,-1.61012702512361,4.0,2.0,0.0
7362,3.7612001156935624,1.0,0.0,0.0,1.6122051647806899,0.46838469127778004,0.5226099310784843,9.0,2.0,1.0
7363,3.4657359027997265,1.0,0.0,0.0,-0.12087591955017483,0.6806463815141226,1.182960537542161,10.0,1.0,0.0
7364,3.6635616461296463,0.0,1.0,1.0,0.20083374281064434,0.26534693207880633,-1.6827466264546451,0.0,2.0,0.0
7365,3.332204510175204,0.0,0.0,1.0,0.33574424638131045,0.9366707491764845,-0.49909410354193356,2.0,1.0,1.0
7366,3.6888794541139363,1.0,0.0,1.0,-3.1304179222804187,0.5384665534249371,0.40286341215147753,0.0,2.0,0.0
7367,3.5553480614894135,0.0,1.0,0.0,-2.0926448178906796,-1.2184705569895626,1.3048633513204333,2.0,2.0,0.0
7368,3.7376696182833684,0.0,1.0,1.0,1.1867181919808967,-1.2184705569895626,-1.1500945064488162,0.0,2.0,1.0
7369,3.332204510175204,0.0,0.0,0.0,0.2631001290740287,-1.2184705569895626,0.24784055624190102,2.0,2.0,1.0
7370,3.871201010907891,0.0,0.0,1.0,-1.1897822170716064,-1.2184705569895626,-1.3031078110045038,10.0,2.0,1.0
7371,3.871201010907891,0.0,1.0,1.0,1.6225828958245871,1.0101951341709676,-0.4590590348967983,8.0,1.0,1.0
7372,3.4339872044851463,0.0,0.0,0.0,0.3149887842935157,-1.2184705569895626,1.6460590216585949,9.0,2.0,1.0
7373,3.5553480614894135,1.0,0.0,0.0,-2.1445334731101666,0.880284687427462,-0.5183538398392438,7.0,2.0,1.0
7374,3.5553480614894135,0.0,0.0,0.0,1.3838950818149471,-0.09285828954294527,-0.5534338813140663,9.0,1.0,1.0
7375,3.6635616461296463,1.0,0.0,1.0,0.8442530675322827,0.5643110123080989,1.6420263573479792,9.0,2.0,1.0
7376,3.8918202981106265,1.0,0.0,1.0,0.27347786011792613,0.40023887797811236,1.617738395998371,2.0,2.0,1.0
7377,3.5553480614894135,0.0,0.0,0.0,0.36687743951300267,0.790499381410826,1.7125618185095162,9.0,1.0,0.0
7378,3.6109179126442243,0.0,1.0,1.0,-1.314314989598375,0.028949315646331183,-0.5771206116045169,3.0,1.0,0.0
7379,3.784189633918261,0.0,0.0,0.0,-0.23503096103304616,-1.2184705569895626,-1.0287275498493533,0.0,2.0,1.0
7380,3.6888794541139363,0.0,0.0,1.0,-1.3765813758617593,0.5900869441563016,-0.049345626486032246,2.0,2.0,0.0
7381,3.4011973816621555,0.0,0.0,0.0,0.7819866812688984,1.1295732318170915,1.270184941929664,1.0,1.0,1.0
7382,3.1354942159291497,1.0,0.0,1.0,-1.283181796466683,0.27931315808919743,-1.7294472228947304,5.0,2.0,1.0
7383,3.5553480614894135,0.0,1.0,1.0,-0.9407166720180689,0.14473374670447106,-1.2381729440817162,4.0,2.0,1.0
7384,3.7376696182833684,0.0,0.0,0.0,-1.9266011211883212,-0.6810785067522894,1.365946201437078,3.0,2.0,0.0
7385,3.367295829986474,1.0,0.0,0.0,0.9687858400590514,0.5598918191027107,-0.4721407656345197,1.0,1.0,0.0
7386,3.8066624897703196,0.0,0.0,1.0,-0.36994146460371224,0.414912629613467,1.3527538914762145,5.0,1.0,1.0
7387,3.970291913552122,1.0,0.0,1.0,0.03479004610828606,1.0982675845334156,-0.8937704762724418,9.0,1.0,1.0
7388,4.143134726391533,0.0,0.0,0.0,2.058447599668278,0.7777531927985384,-0.5131726120882589,1.0,1.0,0.0
7389,3.6888794541139363,0.0,1.0,1.0,-0.8680725547107871,-1.2184705569895626,0.5066237570662594,5.0,2.0,1.0
7390,3.871201010907891,1.0,0.0,0.0,-1.9266011211883212,0.4160228316237623,1.4449183704975674,5.0,1.0,1.0
7391,3.6888794541139363,0.0,0.0,0.0,-2.2275553214613457,0.42620213840318943,-1.3603238656452454,0.0,1.0,0.0
7392,3.4011973816621555,0.0,0.0,1.0,-1.5426250725641177,-1.2184705569895626,0.7567322264751852,3.0,2.0,1.0
7393,3.912023005428146,1.0,0.0,1.0,-0.9407166720180689,0.29863473985966354,-1.2820927164731686,5.0,1.0,1.0
7394,3.6375861597263857,0.0,0.0,1.0,0.8234976054444879,-1.2184705569895626,1.2154510083417096,8.0,2.0,1.0
7395,3.7376696182833684,0.0,1.0,0.0,-0.3906969266915071,1.1351071101098285,0.6495640941805609,7.0,2.0,0.0
7396,3.4011973816621555,0.0,1.0,1.0,-0.2661641541647383,-1.2184705569895626,-0.8879276857163396,7.0,2.0,0.0
7397,3.6888794541139363,0.0,0.0,0.0,1.165962729893102,0.8480444786880469,1.5208786466610666,1.0,2.0,1.0
7398,3.6109179126442243,0.0,0.0,1.0,-1.2416708722910934,-1.2184705569895626,0.5627628813482897,4.0,2.0,1.0
7399,3.8066624897703196,1.0,0.0,0.0,-1.469980955256836,0.7520161676547633,-1.2513186577661612,4.0,1.0,0.0
7400,3.8501476017100584,1.0,0.0,1.0,-1.999245238495603,0.548444922286435,-1.6597690984459488,7.0,1.0,0.0
7401,2.9444389791664403,0.0,0.0,1.0,0.8961417227517697,-1.2184705569895626,-0.9150976615357576,4.0,2.0,1.0
7402,3.4011973816621555,1.0,0.0,1.0,0.3564997084691052,1.749630981380518,-0.6216120577156081,3.0,1.0,0.0
7403,3.367295829986474,1.0,0.0,1.0,-1.5114918794324255,-0.369027363944756,-1.3188476158985025,8.0,1.0,1.0
7404,3.5263605246161616,0.0,0.0,0.0,-0.006720878067303511,0.3319500865424203,0.1448900824299409,1.0,1.0,0.0
7405,3.7612001156935624,0.0,1.0,0.0,0.6782093708299244,1.8285132838933924,-0.01883827930150846,5.0,1.0,0.0
7406,3.713572066704308,1.0,0.0,0.0,-0.07936499537458526,0.018699880732997463,0.2672124365626808,4.0,2.0,1.0
7407,3.7612001156935624,0.0,0.0,1.0,0.8442530675322827,0.7043681034124999,1.4539630902570975,9.0,1.0,0.0
7408,3.784189633918261,0.0,1.0,0.0,-0.733162051140121,1.5061659540832542,-0.0033950910029185693,4.0,1.0,1.0
7409,3.7376696182833684,1.0,0.0,1.0,-1.0860049066326325,1.2022519163474297,1.3016461218471376,3.0,1.0,0.0
7410,3.784189633918261,0.0,1.0,1.0,0.9272749158834619,-1.2184705569895626,-1.6953856925663933,0.0,2.0,1.0
7411,3.6109179126442243,0.0,0.0,0.0,-0.5671183544377627,-1.2184705569895626,-1.6217451459550298,9.0,2.0,1.0
7412,3.6635616461296463,0.0,1.0,1.0,0.481032480995874,0.3027482832759468,0.08339638529398175,10.0,1.0,1.0
7413,3.6375861597263857,0.0,0.0,1.0,0.7612312191811036,0.7724700466010023,1.3310026453241521,6.0,2.0,1.0
7414,3.6375861597263857,0.0,1.0,0.0,0.3046110532496183,0.7225639525128785,0.7986530533816352,6.0,1.0,1.0
7415,3.4657359027997265,0.0,0.0,0.0,-1.656780114046989,-1.2184705569895626,-0.8861612000133192,7.0,2.0,1.0
7416,3.258096538021482,0.0,0.0,1.0,0.3564997084691052,-1.2184705569895626,-1.4599920838369678,1.0,2.0,1.0
7417,3.6635616461296463,0.0,0.0,1.0,0.5951875224787453,-1.2184705569895626,-0.3299816116170363,5.0,2.0,1.0
7418,4.127134385045092,1.0,0.0,1.0,-1.366203644817862,0.9238365001220765,-0.1760796743420437,8.0,2.0,1.0
7419,4.248495242049359,0.0,1.0,0.0,0.8338753364883853,0.9822948642390327,0.18257655965023376,9.0,1.0,1.0
7420,3.332204510175204,0.0,1.0,1.0,0.2527223980301313,-1.2184705569895626,0.13082391841953217,4.0,1.0,1.0
7421,3.367295829986474,0.0,0.0,0.0,-0.5359851613060705,-1.2184705569895626,-0.8386992412805642,6.0,2.0,1.0
7422,3.5263605246161616,0.0,1.0,1.0,-0.7539175132279158,-1.2184705569895626,-0.09455305568029677,6.0,1.0,0.0
7423,3.7376696182833684,0.0,1.0,0.0,-1.127515830808222,-1.2184705569895626,1.6425338742541915,4.0,1.0,0.0
7424,4.330733340286331,1.0,0.0,0.0,-1.4596032242129386,0.4724367524944738,0.08682712307862703,9.0,1.0,1.0
7425,3.4339872044851463,0.0,0.0,0.0,0.9168971848395645,0.4660382807700098,-1.7139555257859886,8.0,1.0,0.0
7426,3.4011973816621555,0.0,1.0,0.0,-0.048231802242893085,-1.2184705569895626,1.3666164575773478,2.0,2.0,0.0
7427,3.784189633918261,0.0,0.0,1.0,-2.1549112041540637,-1.2184705569895626,1.0205961600961637,3.0,2.0,1.0
7428,3.4965075614664802,0.0,0.0,1.0,-0.048231802242893085,0.3352544345505651,-1.3439645736882684,5.0,1.0,1.0
7429,3.4657359027997265,0.0,0.0,1.0,-0.36994146460371224,-1.2184705569895626,-0.7949974977347405,1.0,2.0,1.0
7430,3.912023005428146,0.0,0.0,0.0,0.5744320603909505,-1.2184705569895626,-0.30362898316867126,10.0,1.0,0.0
7431,4.2626798770413155,1.0,0.0,1.0,-1.6671578450908864,1.1630988027916738,-1.4363642943588522,6.0,2.0,1.0
7432,3.6375861597263857,1.0,0.0,0.0,-1.1897822170716064,1.3178615074004874,0.3000815890414789,7.0,4.0,1.0
7433,3.8501476017100584,0.0,0.0,1.0,1.0518076884102305,-1.2184705569895626,-0.16836120979340358,8.0,3.0,0.0
7434,3.784189633918261,0.0,1.0,0.0,0.7923644123127958,0.8375423903607752,0.6710041189341582,8.0,1.0,1.0
7435,3.6109179126442243,0.0,0.0,1.0,-0.9822275961936585,-1.2184705569895626,0.7588713085228485,3.0,1.0,1.0
7436,3.4011973816621555,0.0,0.0,0.0,1.0725631504980253,1.1616405218701606,-1.2453411205151927,4.0,2.0,1.0
7437,3.6888794541139363,0.0,0.0,1.0,0.21121147385454175,-1.2184705569895626,-0.22704904607549037,2.0,2.0,0.0
7438,3.7376696182833684,1.0,0.0,1.0,0.5536765983031557,-0.06163429830559916,0.7316896836343263,4.0,2.0,1.0
7439,3.367295829986474,0.0,1.0,1.0,-1.1690267549838116,-1.2184705569895626,-0.9049568860801805,5.0,2.0,0.0
7440,4.189654742026425,0.0,0.0,0.0,-0.006720878067303511,-1.2184705569895626,1.565195878335699,0.0,2.0,1.0
7441,3.258096538021482,0.0,1.0,0.0,-0.3906969266915071,-0.01424753341159107,-0.7209600134403064,10.0,1.0,0.0
7442,3.713572066704308,1.0,0.0,0.0,0.9999190331907436,0.4386522838200578,-1.0828087878340462,3.0,2.0,0.0
7443,3.2188758248682006,1.0,0.0,0.0,0.6055652535226427,0.5492618029695223,-1.4708924829181838,2.0,2.0,0.0
7444,3.6109179126442243,0.0,1.0,0.0,0.08667870132777303,0.1334744986848593,1.4086370839713507,0.0,1.0,1.0
7445,3.295836866004329,1.0,0.0,1.0,0.36687743951300267,1.0666421977898952,0.9245268087909395,2.0,1.0,1.0
7446,3.7376696182833684,0.0,0.0,0.0,-0.785050706359608,0.5845255269616653,1.5752999679169315,4.0,1.0,0.0
7447,3.6109179126442243,0.0,0.0,0.0,1.487672392253921,1.212712376102063,0.607796269972798,1.0,1.0,1.0
7448,3.6375861597263857,0.0,0.0,1.0,-1.1482712928960168,2.180887143037935,0.8412236201573953,9.0,1.0,1.0
7449,3.6888794541139363,0.0,0.0,0.0,0.481032480995874,-1.2184705569895626,-0.9210670270516825,4.0,2.0,1.0
7450,3.8918202981106265,0.0,0.0,0.0,0.20083374281064434,0.6991619700743456,-0.5980778085237354,6.0,1.0,1.0
7451,3.9512437185814275,0.0,1.0,1.0,-0.6708956648767367,0.12227881429346875,0.8409438686321828,3.0,1.0,1.0
7452,3.784189633918261,1.0,0.0,1.0,-0.8680725547107871,0.18429450005229722,0.11690988777429498,5.0,4.0,1.0
7453,3.1780538303479458,1.0,0.0,1.0,-1.2624263343788882,0.976009750320062,1.126585650010791,1.0,2.0,1.0
7454,3.5553480614894135,0.0,1.0,1.0,-0.8473170926229924,-1.2184705569895626,1.4423256702216383,10.0,2.0,1.0
7455,3.6109179126442243,1.0,0.0,1.0,0.22158920489843914,-0.048258397477203764,1.664095084099817,5.0,2.0,0.0
7456,3.9318256327243257,0.0,0.0,1.0,1.2386068472003837,0.4663613825376442,-1.4630815212835195,3.0,1.0,1.0
7457,3.332204510175204,0.0,0.0,1.0,-0.7954284374035054,1.0118871755388361,-0.01021136122941572,3.0,1.0,0.0
7458,3.332204510175204,1.0,0.0,1.0,-0.13125365059407224,1.1959195700095036,-0.2646661504812652,3.0,1.0,1.0
7459,3.7376696182833684,0.0,1.0,0.0,-0.494474237130481,-1.2184705569895626,1.1439229421724422,10.0,2.0,1.0
7460,3.5263605246161616,0.0,0.0,0.0,-1.2624263343788882,0.851867582755228,1.2605160407061733,4.0,1.0,1.0
7461,3.4657359027997265,0.0,0.0,1.0,0.7612312191811036,-1.2184705569895626,-0.7090435373464473,8.0,2.0,1.0
7462,3.8501476017100584,1.0,0.0,0.0,-0.7020288580084288,0.1802658148802391,0.3467872276159525,6.0,2.0,0.0
7463,3.6888794541139363,0.0,1.0,1.0,0.4395215568202844,0.4953896266781933,0.03221593938302826,0.0,1.0,1.0
7464,3.6375861597263857,0.0,0.0,1.0,-1.3558259137739646,0.4761847650210102,-0.2698948438421835,5.0,2.0,1.0
7465,3.4965075614664802,0.0,0.0,1.0,-1.5426250725641177,-1.2184705569895626,0.9146376184546806,4.0,2.0,1.0
7466,3.6109179126442243,0.0,0.0,0.0,1.0414299573663333,-1.2184705569895626,1.46805342173923,7.0,2.0,0.0
7467,3.784189633918261,0.0,1.0,1.0,-0.152009112681867,-1.2184705569895626,-1.5347971896253814,8.0,1.0,0.0
7468,3.9512437185814275,1.0,0.0,1.0,-1.9162233901444239,0.6150232597163607,1.3449178930363106,10.0,2.0,0.0
7469,2.995732273553991,0.0,0.0,0.0,1.3423841576393576,-1.2184705569895626,0.414950799214438,3.0,2.0,1.0
7470,3.8501476017100584,0.0,0.0,1.0,-1.4077145689934516,-1.2184705569895626,1.1943121207178005,2.0,2.0,1.0
7471,3.2188758248682006,1.0,0.0,1.0,1.3942728128588446,0.7050184698050325,0.43498285140671045,2.0,2.0,1.0
7472,3.5553480614894135,0.0,0.0,1.0,-2.424732211295396,1.2788255942876985,0.9350146221858104,8.0,1.0,0.0
7473,3.5553480614894135,0.0,0.0,0.0,0.1281896255033626,0.2852890998013786,1.3819393301174252,7.0,1.0,0.0
7474,3.7612001156935624,0.0,0.0,0.0,0.32536651533741306,1.1557020458733545,-0.9691097005726351,4.0,1.0,1.0
7475,3.58351893845611,0.0,1.0,1.0,0.9999190331907436,0.47056923068194356,0.8628293398790023,5.0,1.0,1.0
7476,3.332204510175204,0.0,0.0,1.0,0.49141021203977137,-1.2184705569895626,-0.12914957385392817,1.0,2.0,0.0
7477,3.8501476017100584,0.0,1.0,1.0,1.9754257513170985,-1.2184705569895626,-1.4459323528945718,9.0,1.0,0.0
7478,3.4965075614664802,0.0,0.0,1.0,0.07630097028387564,0.3086116677321087,1.5147258517734206,9.0,1.0,1.0
7479,3.7612001156935624,0.0,0.0,1.0,-0.4529633129548914,-1.2184705569895626,1.3574295148547209,5.0,2.0,0.0
7480,3.6635616461296463,1.0,0.0,1.0,-0.40107465773540446,-0.1439466350940082,-0.3801534567835781,9.0,1.0,0.0
7481,3.58351893845611,0.0,0.0,0.0,-1.075627175588735,-1.2184705569895626,-1.2019679850381393,10.0,1.0,1.0
7482,3.4657359027997265,0.0,1.0,1.0,0.1178118944594652,0.437547845765974,-1.1119126829915247,4.0,2.0,1.0
7483,3.828641396489095,1.0,0.0,1.0,-2.28982170772473,0.12044123303125932,-1.104604196128684,5.0,2.0,0.0
7484,3.58351893845611,0.0,0.0,0.0,-0.6086292786133524,0.9188223385477442,-0.3882443438101581,6.0,2.0,1.0
7485,3.8066624897703196,0.0,0.0,1.0,0.5951875224787453,0.8405743914379259,0.28861716637555807,9.0,1.0,0.0
7486,4.127134385045092,1.0,0.0,1.0,2.058447599668278,1.0516318951557464,-0.14565752184201586,3.0,1.0,1.0
7487,4.110873864173311,0.0,1.0,0.0,1.1452072678053071,1.486117793610348,-1.1994413541093705,10.0,1.0,0.0
7488,3.6635616461296463,1.0,0.0,1.0,-0.24540869207694355,0.5991904725528077,-0.9456055303203904,10.0,1.0,0.0
7489,3.58351893845611,0.0,0.0,1.0,-0.048231802242893085,0.7630763990751832,-0.2872432634728302,4.0,1.0,0.0
7490,3.6375861597263857,1.0,0.0,1.0,0.7508534881372062,0.7907389058133932,0.3153809895766438,6.0,1.0,0.0
7491,3.871201010907891,0.0,0.0,0.0,-1.0963826376765298,-1.2184705569895626,-0.5915515479579311,8.0,1.0,1.0
7492,3.2188758248682006,0.0,0.0,1.0,-0.05860953328679048,-1.2184705569895626,-0.13593611287420312,8.0,2.0,0.0
7493,3.7612001156935624,0.0,1.0,0.0,0.5121656741275662,-1.2184705569895626,-1.3252246988330871,5.0,2.0,0.0
7494,3.4965075614664802,0.0,0.0,1.0,-1.2935595275105802,-1.2184705569895626,0.15808986865903557,0.0,1.0,0.0
7495,4.204692619390966,0.0,0.0,1.0,0.27347786011792613,-1.2184705569895626,-0.9269574570844213,8.0,2.0,1.0
7496,3.332204510175204,0.0,0.0,0.0,-0.9095834788863767,-1.2184705569895626,-1.6102061344734993,6.0,1.0,0.0
7497,3.6109179126442243,0.0,1.0,1.0,1.248984578244281,0.5752378721861803,1.5042436021130474,3.0,1.0,1.0
7498,3.4657359027997265,0.0,0.0,1.0,0.003656852976593882,0.6892156231918004,0.8573181131256223,2.0,1.0,0.0
7499,3.6375861597263857,1.0,0.0,0.0,-0.06898726433068787,0.973835618059058,0.9209536741764934,2.0,2.0,1.0
7500,3.8066624897703196,0.0,0.0,1.0,0.014034584020491275,-1.2184705569895626,0.9425041042865295,8.0,2.0,1.0
7501,3.6888794541139363,1.0,0.0,1.0,1.6225828958245871,0.7703654020343259,1.2346460662254837,3.0,1.0,1.0
7502,3.4965075614664802,0.0,0.0,0.0,-0.6397624717450445,0.8271453341244688,0.004976938482498143,0.0,1.0,0.0
7503,3.784189633918261,0.0,0.0,1.0,-0.2765418852086357,2.0108830972168277,0.5666248085565069,8.0,1.0,0.0
7504,2.9444389791664403,1.0,0.0,1.0,-0.10012045746238005,0.5616877717922814,-1.5711906201750678,5.0,2.0,1.0
7505,4.30406509320417,0.0,1.0,1.0,0.38763290160079744,0.5196035263930759,1.1742585090543491,1.0,1.0,1.0
7506,3.4657359027997265,0.0,0.0,0.0,0.23196693594233653,-1.2184705569895626,0.4959158284253231,1.0,1.0,0.0
7507,3.7376696182833684,0.0,1.0,1.0,-0.494474237130481,-1.2184705569895626,-1.5406580623186013,3.0,1.0,0.0
7508,3.367295829986474,0.0,0.0,1.0,-0.494474237130481,-1.2184705569895626,-0.727382649451091,7.0,2.0,0.0
7509,3.6375861597263857,0.0,1.0,0.0,0.8961417227517697,0.3916896500372803,0.493234977730946,8.0,1.0,1.0
7510,3.6109179126442243,0.0,1.0,1.0,-0.7020288580084288,0.10557566974197716,-0.3020612271072407,4.0,2.0,0.0
7511,3.871201010907891,0.0,0.0,0.0,0.7300980260494114,0.19067904221591658,-0.16996078346149288,2.0,1.0,1.0
7512,3.4011973816621555,0.0,1.0,0.0,-0.3803191956476097,1.0763935308206176,0.4514400303175064,7.0,2.0,1.0
7513,3.58351893845611,0.0,0.0,1.0,-1.8020683486615525,0.26213048440288717,1.3595468635645027,1.0,1.0,0.0
7514,3.6635616461296463,0.0,0.0,1.0,1.7367379373074585,0.7402219924767439,1.4096442937821376,9.0,2.0,1.0
7515,3.8066624897703196,0.0,1.0,1.0,0.6470761776982322,-1.2184705569895626,-1.625795892402763,7.0,1.0,1.0
7516,3.5553480614894135,1.0,0.0,1.0,-0.07936499537458526,0.5867131084538292,0.7093549408268174,9.0,2.0,0.0
7517,3.1780538303479458,0.0,0.0,1.0,-0.5982515475694549,1.2835281820068192,1.052539472381204,5.0,1.0,0.0
7518,3.4657359027997265,0.0,0.0,0.0,-0.7124065890523262,1.3269371766753044,-1.528155655435453,4.0,1.0,0.0
7519,4.04305126783455,1.0,0.0,1.0,0.481032480995874,0.5814017829148146,-0.11213132709237957,1.0,2.0,0.0
7520,3.713572066704308,1.0,0.0,0.0,-1.4596032242129386,0.7733221514609376,1.7105519194222212,9.0,1.0,0.0
7521,3.6888794541139363,1.0,0.0,0.0,-0.7539175132279158,0.6681571692829317,-1.6447840489099042,5.0,3.0,0.0
7522,3.828641396489095,0.0,1.0,0.0,-0.3388082714720201,-1.2184705569895626,0.2297493780558111,0.0,2.0,0.0
7523,3.58351893845611,0.0,0.0,1.0,2.058447599668278,-1.2184705569895626,-0.7552705208874154,2.0,2.0,1.0
7524,3.6635616461296463,0.0,0.0,0.0,-2.020000700583398,1.4152890188041154,1.0935516718974978,7.0,1.0,1.0
7525,3.5553480614894135,1.0,0.0,1.0,1.3320064265954603,0.28830028659220985,1.3353644393036472,5.0,2.0,0.0
7526,3.713572066704308,0.0,0.0,0.0,0.22158920489843914,0.9829489131591448,-0.32473727025284305,5.0,1.0,0.0
7527,3.6635616461296463,0.0,1.0,0.0,-0.5982515475694549,0.33232746556437975,-0.39849969742304703,7.0,1.0,0.0
7528,3.784189633918261,0.0,0.0,1.0,1.300873233463768,-1.2184705569895626,-1.3673812889888772,1.0,2.0,0.0
7529,3.4657359027997265,0.0,1.0,0.0,0.9687858400590514,0.7721571918666328,0.6958185486606114,3.0,1.0,1.0
7530,3.4965075614664802,0.0,1.0,1.0,-0.23503096103304616,-1.2184705569895626,-1.478330326608096,3.0,2.0,1.0
7531,4.127134385045092,1.0,0.0,1.0,-1.3039372585544777,0.924524812559668,-0.9606220497296878,6.0,2.0,1.0
7532,3.5263605246161616,1.0,0.0,1.0,-1.947356583276116,1.4118903660679547,-1.6816552651595806,8.0,2.0,1.0
7533,3.713572066704308,1.0,0.0,0.0,0.5744320603909505,0.5367892421673868,1.5462790071768093,3.0,1.0,0.0
7534,3.332204510175204,0.0,1.0,1.0,1.1348295367614096,-1.2184705569895626,-0.6456294824752657,8.0,2.0,0.0
7535,3.6109179126442243,0.0,0.0,0.0,1.0518076884102305,0.8392454793113825,-0.9712795570267388,7.0,1.0,1.0
7536,3.5263605246161616,0.0,0.0,0.0,1.2282291161564862,-1.2184705569895626,-1.2927119730955479,4.0,1.0,0.0
7537,3.6888794541139363,0.0,0.0,0.0,-0.9926053272375559,0.21592757207076604,-0.09620374615908349,9.0,1.0,1.0
7538,3.4657359027997265,0.0,0.0,1.0,1.0829408815419228,0.7452343928422339,-0.673984186009288,10.0,1.0,0.0
7539,3.258096538021482,0.0,0.0,1.0,1.902781634009817,-1.2184705569895626,-0.2952541718160056,7.0,2.0,1.0
7540,3.6888794541139363,0.0,1.0,1.0,1.6537160889562794,-1.2184705569895626,1.340305383271013,7.0,2.0,1.0
7541,3.58351893845611,0.0,1.0,1.0,-1.1378935618521193,1.5817639223248292,-1.3581899995986737,2.0,1.0,1.0
7542,3.6375861597263857,0.0,0.0,1.0,-0.07936499537458526,1.7651448296337007,-0.13251354682460137,2.0,2.0,0.0
7543,3.8501476017100584,0.0,1.0,0.0,0.37725517055690005,1.2741478236022659,-1.2891186699435475,8.0,1.0,0.0
7544,3.713572066704308,0.0,0.0,0.0,-0.5256074302621732,0.25542684321900255,1.1165846633844683,3.0,1.0,1.0
7545,4.0943445622221,1.0,0.0,1.0,-2.217177590417448,0.8180815129818643,-0.8496050302295751,7.0,1.0,0.0
7546,3.58351893845611,0.0,1.0,1.0,0.4083883636885922,-1.2184705569895626,1.349325240092006,6.0,2.0,1.0
7547,3.970291913552122,0.0,0.0,0.0,0.8234976054444879,-1.2184705569895626,-1.3115206991651382,10.0,1.0,1.0
7548,3.9889840465642745,1.0,0.0,1.0,-1.023738520369248,0.8309013521457435,1.1292185134951251,5.0,1.0,0.0
7549,3.828641396489095,0.0,1.0,1.0,-0.1623868437257644,-1.2184705569895626,1.0263787927730095,3.0,2.0,1.0
7550,3.6375861597263857,0.0,1.0,1.0,-0.6397624717450445,-1.2184705569895626,0.5755805085640733,1.0,2.0,0.0
7551,3.1354942159291497,0.0,1.0,1.0,0.18007828072284957,-1.2184705569895626,1.3167351436716077,10.0,2.0,0.0
7552,3.713572066704308,0.0,1.0,1.0,-1.1794044860277089,-1.2184705569895626,-1.3018597958099878,8.0,2.0,1.0
7553,3.7376696182833684,0.0,1.0,1.0,-0.017098609111200903,0.8438833826330187,0.23030801177272106,3.0,3.0,0.0
7554,3.6635616461296463,0.0,0.0,1.0,0.10743416341556782,0.4670312823373378,1.380539181557738,0.0,1.0,1.0
7555,3.6635616461296463,0.0,0.0,1.0,-1.366203644817862,-1.2184705569895626,1.0910912841825926,5.0,2.0,0.0
7556,3.912023005428146,1.0,0.0,0.0,1.5188055853856133,0.9041330562525979,-1.1952459505646973,5.0,1.0,1.0
7557,3.5553480614894135,0.0,0.0,0.0,0.24234466698623391,0.14157621946982532,0.7962980288887801,10.0,1.0,0.0
7558,3.6375861597263857,0.0,1.0,1.0,2.058447599668278,0.9783135715958247,-1.244289226961721,4.0,1.0,1.0
7559,3.8918202981106265,1.0,0.0,0.0,0.1593228186350548,0.3367396139343982,0.2240355965933745,1.0,2.0,0.0
7560,3.912023005428146,1.0,0.0,0.0,1.4150282749466394,0.9823358523720923,1.4560814821670973,4.0,1.0,0.0
7561,3.58351893845611,0.0,0.0,1.0,0.6470761776982322,-1.2184705569895626,-0.08359528058707286,3.0,2.0,1.0
7562,3.6109179126442243,1.0,0.0,1.0,-0.494474237130481,0.5995180573974954,0.5988678670376106,10.0,1.0,1.0
7563,3.6888794541139363,0.0,1.0,1.0,0.4395215568202844,-1.2184705569895626,-0.08356485391403855,3.0,1.0,1.0
7564,3.4965075614664802,1.0,0.0,0.0,-0.9718498651497611,0.5149251152680643,-1.625583775025038,1.0,1.0,1.0
7565,3.8918202981106265,1.0,0.0,1.0,-1.0029830582814532,1.0559771175897537,-0.37027539391631453,3.0,2.0,1.0
7566,3.8501476017100584,1.0,0.0,1.0,0.7819866812688984,0.6267657193983711,0.5271763661674731,3.0,4.0,0.0
7567,3.970291913552122,0.0,0.0,0.0,0.3149887842935157,0.5854953125942522,-1.379564824338626,5.0,1.0,0.0
7568,3.367295829986474,0.0,0.0,1.0,0.6470761776982322,0.7464680395813923,-0.5802630783955,6.0,1.0,1.0
7569,3.58351893845611,0.0,0.0,0.0,0.36687743951300267,0.5547809511519408,-0.9129752706915873,1.0,2.0,1.0
7570,3.044522437723423,0.0,1.0,1.0,-0.5774960854816601,1.7802990710632427,0.05259781138184388,3.0,1.0,0.0
7571,3.7376696182833684,0.0,0.0,1.0,-1.604891458827502,-1.2184705569895626,-1.3623640175388716,9.0,1.0,0.0
7572,3.4965075614664802,0.0,1.0,1.0,-1.5114918794324255,-1.2184705569895626,1.4302537572952496,8.0,2.0,1.0
7573,3.4657359027997265,0.0,1.0,1.0,1.4772946612100237,1.1012070420913924,1.3076888591117508,0.0,2.0,1.0
7574,3.912023005428146,0.0,1.0,0.0,1.6640938200001767,-0.1604731784315746,-0.1543018265844139,8.0,2.0,0.0
7575,3.6109179126442243,0.0,1.0,0.0,-0.1831423058135592,-1.2184705569895626,0.7568318520960349,1.0,1.0,1.0
7576,3.8066624897703196,0.0,1.0,1.0,0.6989648329177193,-1.2184705569895626,1.6717440019672356,2.0,2.0,0.0
7577,3.713572066704308,0.0,0.0,0.0,0.003656852976593882,0.1327096537175704,0.1294421997303685,8.0,2.0,1.0
7578,4.007333185232471,1.0,0.0,0.0,0.27347786011792613,0.7620773133318544,0.0832903266051192,1.0,2.0,1.0
7579,2.9444389791664403,0.0,0.0,1.0,0.23196693594233653,-1.2184705569895626,-0.7768046075273645,7.0,2.0,1.0
7580,3.4339872044851463,0.0,1.0,1.0,0.1178118944594652,-1.2184705569895626,0.016339301393726902,4.0,3.0,0.0
7581,3.1354942159291497,0.0,0.0,1.0,-0.2765418852086357,-1.2184705569895626,0.9848091766067272,9.0,2.0,0.0
7582,3.6635616461296463,0.0,1.0,1.0,0.4395215568202844,0.7273033655077952,0.22689135719102305,7.0,1.0,0.0
7583,4.02535169073515,0.0,1.0,0.0,1.3216286955515628,0.9157299760402676,-1.3491809225132698,0.0,1.0,0.0
7584,3.828641396489095,0.0,1.0,1.0,-2.1445334731101666,-1.2184705569895626,-0.16437027349152092,10.0,2.0,1.0
7585,3.7612001156935624,0.0,0.0,0.0,0.6263207156104375,0.18798247136829702,-0.14270456975736065,1.0,1.0,0.0
7586,3.8066624897703196,0.0,0.0,1.0,-1.2520486033349907,-1.2184705569895626,-1.1477723427628377,3.0,2.0,1.0
7587,3.8066624897703196,0.0,1.0,1.0,1.0414299573663333,0.12437641402477517,1.3612189396477647,6.0,1.0,0.0
7588,3.871201010907891,0.0,0.0,1.0,0.5432988672592584,-1.2184705569895626,0.7807887712430297,5.0,2.0,1.0
7589,3.9318256327243257,0.0,0.0,0.0,0.19045601176674695,0.9964906878385159,-1.691238623965169,8.0,1.0,1.0
7590,3.6109179126442243,0.0,1.0,1.0,0.5121656741275662,-1.2184705569895626,1.1949888099260833,8.0,2.0,0.0
7591,3.8918202981106265,0.0,1.0,1.0,0.2527223980301313,0.8895297529709394,-1.5001069572988044,1.0,2.0,1.0
7592,3.6375861597263857,0.0,0.0,1.0,-1.843579272837142,0.3575130722305865,-0.43002190455329214,3.0,1.0,0.0
7593,3.6888794541139363,0.0,0.0,1.0,0.8442530675322827,-1.2184705569895626,0.7199823691842401,1.0,2.0,1.0
7594,3.784189633918261,0.0,0.0,1.0,1.0206744952785385,0.6048979099714691,-0.4497389102796323,6.0,1.0,1.0
7595,4.2626798770413155,0.0,1.0,0.0,2.058447599668278,-1.2184705569895626,-1.7339049912943112,5.0,1.0,1.0
7596,3.295836866004329,0.0,1.0,1.0,-1.0133607893253507,1.1693197126428438,1.3480746168969442,8.0,1.0,1.0
7597,3.5553480614894135,0.0,0.0,1.0,-0.1727645747696618,0.9380880419649374,-0.28963184423937466,3.0,2.0,1.0
7598,3.5553480614894135,0.0,1.0,1.0,0.8650085296200775,-1.2184705569895626,-0.5100532695687817,5.0,2.0,0.0
7599,3.58351893845611,0.0,1.0,0.0,-1.9784897764078082,-1.2184705569895626,0.5540203419186667,8.0,1.0,0.0
7600,3.970291913552122,0.0,0.0,1.0,1.2593623092881785,-1.2184705569895626,0.7594867966516572,4.0,1.0,1.0
7601,3.4339872044851463,0.0,0.0,0.0,-0.05860953328679048,-1.2184705569895626,-1.5038769090211066,5.0,2.0,0.0
7602,3.295836866004329,0.0,0.0,0.0,-0.8161838994913002,0.8486926035420528,0.8586127245965561,4.0,1.0,0.0
7603,3.58351893845611,0.0,1.0,1.0,1.1036963436297176,-1.2184705569895626,-0.09426513242004049,5.0,2.0,0.0
7604,3.332204510175204,0.0,0.0,0.0,0.5017879430836688,0.9904547049157985,-1.5897415019240304,6.0,1.0,0.0
7605,3.6109179126442243,0.0,1.0,0.0,2.058447599668278,1.2661237561162604,1.1994064151172588,2.0,2.0,0.0
7606,3.8066624897703196,1.0,0.0,0.0,0.9376526469273593,0.5095318134629304,-1.4440676325043265,8.0,1.0,1.0
7607,3.6109179126442243,0.0,0.0,1.0,-0.9926053272375559,1.2611846860825724,-1.1890161327275985,7.0,2.0,1.0
7608,3.295836866004329,0.0,1.0,0.0,0.6366984466543348,0.7485989421708099,0.769375465387807,4.0,2.0,0.0
7609,3.367295829986474,0.0,0.0,0.0,0.7508534881372062,-1.2184705569895626,-0.7142376312334581,5.0,1.0,0.0
7610,3.332204510175204,0.0,1.0,0.0,-0.6293847407011471,0.5077169678057775,1.0792000187606758,5.0,1.0,1.0
7611,3.5553480614894135,0.0,0.0,0.0,0.33574424638131045,-1.2184705569895626,0.5302400713419734,6.0,2.0,1.0
7612,3.7612001156935624,1.0,0.0,1.0,-1.0029830582814532,0.49637846538825725,-1.0280190430344116,6.0,1.0,1.0
7613,4.007333185232471,0.0,0.0,1.0,0.07630097028387564,0.9179801605012841,-0.7588149674958576,8.0,1.0,0.0
7614,3.295836866004329,0.0,0.0,1.0,-1.999245238495603,1.1812511020006762,-0.8765510657354607,4.0,1.0,0.0
7615,3.9512437185814275,0.0,1.0,0.0,0.4602770189080792,-1.2184705569895626,-0.7895088736527576,5.0,2.0,0.0
7616,3.4339872044851463,1.0,0.0,1.0,-0.19352003685745658,0.5393250626806632,0.6829748414393699,2.0,2.0,1.0
7617,3.6635616461296463,0.0,0.0,1.0,1.1244518057175124,1.3895391848687597,-0.16226161811689194,6.0,1.0,0.0
7618,3.4965075614664802,0.0,0.0,1.0,1.6640938200001767,0.9118071235086485,-0.19204220248265336,5.0,2.0,0.0
7619,3.4339872044851463,1.0,0.0,1.0,-0.5878738165255575,0.873879330977523,-0.7401229059840161,9.0,2.0,1.0
7620,3.1354942159291497,0.0,0.0,1.0,0.1178118944594652,-1.2184705569895626,0.5458694708795331,6.0,2.0,1.0
7621,4.1588830833596715,0.0,0.0,0.0,-0.152009112681867,-1.2184705569895626,-1.257725993507077,5.0,1.0,0.0
7622,3.6375861597263857,1.0,0.0,1.0,-1.947356583276116,1.2791501370443854,0.7516979160882805,4.0,1.0,0.0
7623,3.7612001156935624,0.0,0.0,1.0,-1.127515830808222,-1.2184705569895626,-0.761202678928887,7.0,1.0,1.0
7624,3.4965075614664802,1.0,0.0,0.0,-1.553002803608015,1.5568876479753067,0.38829060056837184,1.0,1.0,1.0
7625,3.9318256327243257,0.0,0.0,1.0,0.18007828072284957,1.1785924771981156,0.42494987330702644,4.0,3.0,1.0
7626,3.6109179126442243,0.0,0.0,1.0,0.32536651533741306,0.6284071660394943,0.3803268101017239,5.0,1.0,1.0
7627,3.1354942159291497,0.0,0.0,0.0,-1.0548717135009402,1.0086076445643801,0.5122052259676728,7.0,1.0,0.0
7628,3.784189633918261,0.0,1.0,0.0,2.058447599668278,0.7910818612079784,-0.371156550367388,2.0,1.0,1.0
7629,3.9889840465642745,0.0,0.0,1.0,1.1452072678053071,0.42298200819969056,1.212965583821564,1.0,1.0,1.0
7630,3.8066624897703196,0.0,1.0,1.0,0.958408109015154,0.713330254771929,-0.3154025408326207,5.0,1.0,0.0
7631,3.6888794541139363,0.0,0.0,1.0,1.1244518057175124,1.6408593637130524,-0.5789759431927972,6.0,1.0,0.0
7632,3.295836866004329,0.0,1.0,0.0,-0.41145238877930185,-1.2184705569895626,1.3796227301659443,4.0,2.0,1.0
7633,3.5263605246161616,1.0,0.0,1.0,0.36687743951300267,0.9584219985999979,0.3706259174048716,9.0,2.0,0.0
7634,3.5263605246161616,0.0,0.0,0.0,-1.075627175588735,0.06413506611972405,-0.31618737513020273,1.0,2.0,1.0
7635,3.6375861597263857,1.0,0.0,1.0,-1.1067603687204273,0.315848634975453,0.07833721196854028,9.0,2.0,1.0
7636,3.9512437185814275,0.0,1.0,1.0,-0.3803191956476097,0.09152442537746623,1.1947787789487951,6.0,1.0,1.0
7637,3.332204510175204,0.0,0.0,1.0,-1.2209154102032984,-1.2184705569895626,1.0590714705482092,9.0,2.0,0.0
7638,3.5553480614894135,0.0,1.0,1.0,-0.40107465773540446,-1.2184705569895626,-1.0207117732384925,3.0,1.0,1.0
7639,3.713572066704308,0.0,1.0,1.0,2.037692137580483,0.5576278651907443,-1.2093202863101495,3.0,1.0,1.0
7640,3.871201010907891,0.0,0.0,1.0,0.481032480995874,1.283491676950813,-1.727811311085703,5.0,2.0,0.0
7641,3.2188758248682006,0.0,0.0,0.0,0.06592323923997824,-1.2184705569895626,-0.27361054915313293,2.0,2.0,1.0
7642,3.784189633918261,0.0,0.0,0.0,0.014034584020491275,-1.2184705569895626,-1.6187111719867517,6.0,2.0,1.0
7643,3.912023005428146,0.0,1.0,1.0,-0.06898726433068787,-1.2184705569895626,1.0706939380472054,8.0,2.0,0.0
7644,3.4011973816621555,0.0,0.0,0.0,1.9235370960976117,-1.2184705569895626,-1.0182508639234777,9.0,2.0,1.0
7645,3.5553480614894135,0.0,0.0,1.0,0.38763290160079744,1.4283424583044557,0.9573855292675547,1.0,1.0,0.0
7646,3.7376696182833684,0.0,0.0,0.0,0.5121656741275662,-1.2184705569895626,-0.9140956677260621,2.0,1.0,0.0
7647,3.871201010907891,0.0,0.0,0.0,-0.4529633129548914,-1.2184705569895626,0.4447732854556353,6.0,1.0,1.0
7648,3.4965075614664802,0.0,0.0,0.0,1.4254060059905367,-0.10693130885314413,0.12289072849262153,7.0,1.0,0.0
7649,3.4657359027997265,1.0,0.0,1.0,1.09331861258582,0.8200543871051494,1.0908228339930783,1.0,3.0,0.0
7650,3.8066624897703196,0.0,0.0,1.0,-1.0133607893253507,0.14733521227460086,-0.7364084177399879,7.0,1.0,1.0
7651,3.8918202981106265,0.0,1.0,1.0,-0.9822275961936585,-1.2184705569895626,1.4720109756341269,10.0,2.0,1.0
7652,3.6109179126442243,0.0,1.0,1.0,0.6159429845665401,-1.2184705569895626,-0.7862926873796797,8.0,2.0,0.0
7653,3.713572066704308,0.0,0.0,0.0,0.34612197742520784,-1.2184705569895626,0.06028480605723115,7.0,2.0,0.0
7654,3.6375861597263857,0.0,1.0,0.0,0.8546307985761801,1.227372038066678,-0.8943840518675165,0.0,1.0,1.0
7655,4.110873864173311,0.0,0.0,0.0,-1.4907364173446307,1.075296457821693,0.5064989207734674,7.0,1.0,1.0
7656,3.8066624897703196,0.0,0.0,0.0,-1.0133607893253507,0.9560571754543301,0.2548901555838955,9.0,2.0,0.0
7657,3.6635616461296463,0.0,0.0,1.0,-0.8992057478424793,-1.2184705569895626,-0.3442729330078986,5.0,2.0,1.0
7658,3.5553480614894135,0.0,0.0,0.0,-1.5633805346519125,0.5066746523908624,-1.585350150605016,3.0,1.0,0.0
7659,3.58351893845611,0.0,1.0,0.0,-1.2935595275105802,-1.2184705569895626,-0.041723831824289924,8.0,1.0,0.0
7660,3.5553480614894135,0.0,1.0,1.0,0.3564997084691052,-1.2184705569895626,0.47184833005518617,9.0,2.0,0.0
7661,3.6635616461296463,0.0,1.0,1.0,-0.6190070096572498,-1.2184705569895626,-0.5988805510917319,0.0,1.0,0.0
7662,3.9318256327243257,0.0,1.0,0.0,-0.7020288580084288,-1.2184705569895626,0.9064794450140191,1.0,1.0,1.0
7663,3.58351893845611,0.0,1.0,1.0,-0.5671183544377627,-1.2184705569895626,-0.4737850230452938,9.0,3.0,1.0
7664,3.871201010907891,1.0,0.0,0.0,1.0518076884102305,0.8815444320794671,1.6867400051055725,1.0,1.0,0.0
7665,3.5553480614894135,0.0,0.0,1.0,-0.08974272641848266,-1.2184705569895626,-0.002210884888423326,7.0,2.0,1.0
7666,3.9512437185814275,0.0,0.0,1.0,-1.4492254931690411,1.1023753639934872,1.1232463661119514,6.0,1.0,1.0
7667,3.6635616461296463,0.0,0.0,0.0,0.20083374281064434,0.8970569994534914,-0.42357996933846875,6.0,1.0,1.0
7668,4.07753744390572,1.0,0.0,1.0,0.9895413021468462,0.6438247882459236,1.5694088424173807,7.0,1.0,1.0
7669,3.713572066704308,0.0,0.0,0.0,-2.1549112041540637,0.13205752611619564,0.7546592137746824,5.0,1.0,0.0
7670,3.784189633918261,0.0,0.0,0.0,-0.3906969266915071,-1.2184705569895626,0.14970340823726516,6.0,2.0,1.0
7671,3.258096538021482,0.0,0.0,0.0,0.2942333222057209,0.763954121518281,-0.17854267005749488,4.0,1.0,1.0
7672,3.4657359027997265,0.0,0.0,1.0,-1.0444939824570427,-1.2184705569895626,1.472201533540673,1.0,2.0,1.0
7673,3.6109179126442243,0.0,1.0,1.0,0.3149887842935157,-1.2184705569895626,0.82286277471487,5.0,2.0,1.0
7674,3.9512437185814275,1.0,0.0,0.0,-0.11049818850627745,0.6597256221147513,-1.278243133800868,2.0,4.0,1.0
7675,3.5263605246161616,1.0,0.0,1.0,-1.0548717135009402,0.6772451670196457,-1.5027585983870684,4.0,1.0,1.0
7676,3.367295829986474,0.0,0.0,0.0,0.23196693594233653,-1.2184705569895626,-0.8501090698017264,3.0,1.0,0.0
7677,3.4965075614664802,0.0,0.0,1.0,-0.836939361579095,0.8846409574442077,0.4316282672380023,5.0,1.0,0.0
7678,3.4011973816621555,0.0,0.0,0.0,1.2904955024198705,1.6342240894542326,0.26753252516300147,7.0,2.0,1.0
7679,3.784189633918261,1.0,0.0,0.0,-0.40107465773540446,0.7105605137024024,-0.09660485664302731,10.0,1.0,0.0
7680,3.4657359027997265,0.0,0.0,1.0,1.1348295367614096,-1.2184705569895626,1.1521605726963986,7.0,3.0,1.0
7681,4.204692619390966,1.0,0.0,0.0,2.058447599668278,0.816856352067128,0.32162471674998666,0.0,1.0,1.0
7682,3.5553480614894135,0.0,0.0,0.0,-1.7709351555298602,-1.2184705569895626,0.4315748901601651,5.0,2.0,1.0
7683,3.4011973816621555,0.0,0.0,1.0,-1.2520486033349907,0.616238013487937,-0.43198590283098104,3.0,1.0,0.0
7684,3.9318256327243257,0.0,1.0,0.0,-0.017098609111200903,0.8576387439120056,-1.0154359620010467,7.0,1.0,0.0
7685,3.4011973816621555,0.0,0.0,1.0,-1.9266011211883212,-1.2184705569895626,-1.6975305122152575,6.0,2.0,1.0
7686,3.713572066704308,0.0,1.0,1.0,1.5603165095612028,-1.2184705569895626,1.2972612035961362,5.0,2.0,1.0
7687,3.8501476017100584,1.0,0.0,0.0,0.03479004610828606,0.977358516073556,0.25584677018409396,7.0,1.0,0.0
7688,3.6109179126442243,0.0,1.0,0.0,-0.10012045746238005,-1.2184705569895626,-0.04333974896246625,6.0,2.0,1.0
7689,3.6375861597263857,0.0,0.0,1.0,-1.708668769266476,-1.2184705569895626,0.45285530528035944,6.0,2.0,1.0
7690,3.332204510175204,0.0,0.0,1.0,-0.5982515475694549,1.9363636292263844,0.895086655429756,0.0,1.0,0.0
7691,3.7376696182833684,0.0,0.0,0.0,0.6574539087421296,-0.31841518522072204,-0.12950773926221784,8.0,2.0,0.0
7692,2.995732273553991,1.0,0.0,1.0,-0.4840965060865836,1.4414876407744959,0.1315075622959374,8.0,1.0,1.0
7693,3.7612001156935624,0.0,0.0,1.0,-1.127515830808222,0.21993608339608395,-0.2511982617960625,4.0,3.0,0.0
7694,3.5263605246161616,1.0,0.0,1.0,0.9376526469273593,1.6900299129446295,0.12582073017247386,0.0,1.0,1.0
7695,3.332204510175204,0.0,0.0,0.0,-0.25578642312084093,-1.2184705569895626,0.43500962687898054,2.0,2.0,0.0
7696,3.9889840465642745,0.0,0.0,1.0,0.49141021203977137,-1.2184705569895626,0.1891094271507539,4.0,2.0,1.0
7697,3.6109179126442243,0.0,1.0,0.0,-0.36994146460371224,0.8999708394283059,-1.4773184223963265,6.0,1.0,0.0
7698,3.4657359027997265,0.0,0.0,1.0,0.2942333222057209,-1.2184705569895626,-1.6914290080050123,1.0,2.0,1.0
7699,3.6109179126442243,0.0,0.0,0.0,-0.152009112681867,1.4544021048861808,-0.48554936577398145,9.0,1.0,1.0
7700,3.8918202981106265,0.0,1.0,0.0,-1.6775355761347839,1.2698463111695293,1.5211599629866066,8.0,1.0,0.0
7701,3.784189633918261,0.0,1.0,1.0,-2.237933052505243,-1.2184705569895626,-1.125680144006088,5.0,2.0,1.0
7702,3.713572066704308,0.0,0.0,1.0,1.9961812134048933,0.5963453197228469,-1.191456004171544,7.0,1.0,0.0
7703,3.6635616461296463,0.0,1.0,1.0,-1.4803586863007334,-1.2184705569895626,1.1827948425741512,2.0,1.0,0.0
7704,3.6635616461296463,1.0,0.0,1.0,0.34612197742520784,0.5715270051552291,0.03048527022083698,4.0,2.0,1.0
7705,3.7612001156935624,0.0,1.0,0.0,-1.5841359967397073,1.1381524003082444,-1.487644365890655,0.0,1.0,1.0
7706,3.4011973816621555,0.0,0.0,0.0,0.6159429845665401,0.8658635892060453,-1.1930707042427988,3.0,2.0,0.0
7707,3.4965075614664802,0.0,1.0,1.0,-0.048231802242893085,0.07775289299910826,0.48959890336999473,9.0,1.0,1.0
7708,3.258096538021482,1.0,0.0,1.0,-2.134155742066269,0.9622707202503412,1.3268154135145225,3.0,1.0,0.0
7709,3.295836866004329,1.0,0.0,1.0,0.08667870132777303,0.6231416319303821,1.0781780302801292,4.0,1.0,1.0
7710,3.4657359027997265,0.0,0.0,1.0,0.771608950225001,-1.2184705569895626,0.09886078533034415,9.0,2.0,1.0
7711,3.1354942159291497,0.0,0.0,0.0,0.6782093708299244,0.582206335136005,-0.1295922384799017,5.0,1.0,1.0
7712,3.6375861597263857,0.0,0.0,1.0,1.3942728128588446,1.4376920756092146,-0.5816468834851004,7.0,2.0,1.0
7713,3.912023005428146,0.0,0.0,1.0,-0.3906969266915071,-1.2184705569895626,1.599734498897214,1.0,2.0,0.0
7714,4.007333185232471,0.0,0.0,1.0,-1.6464023830030916,1.4686839074991525,0.8646158202528738,3.0,2.0,0.0
7715,3.4011973816621555,0.0,1.0,1.0,1.165962729893102,-1.2184705569895626,-0.6009356555218205,5.0,2.0,0.0
7716,3.6375861597263857,0.0,0.0,1.0,0.19045601176674695,1.5123303451415728,1.7007917381796278,4.0,2.0,0.0
7717,3.6109179126442243,0.0,0.0,0.0,0.44989928786418176,-1.2184705569895626,1.1704402223885984,2.0,2.0,1.0
7718,3.6375861597263857,1.0,0.0,1.0,0.8961417227517697,1.0382931398229367,1.6500417862254342,7.0,2.0,0.0
7719,3.784189633918261,0.0,0.0,0.0,1.2904955024198705,-1.2184705569895626,1.0728655331683394,4.0,2.0,1.0
7720,3.7376696182833684,0.0,0.0,1.0,-0.836939361579095,-1.2184705569895626,-0.6380059491464929,8.0,1.0,1.0
7721,3.5553480614894135,0.0,1.0,0.0,-1.0133607893253507,-1.2184705569895626,0.1138781740731567,8.0,1.0,1.0
7722,3.9318256327243257,0.0,0.0,1.0,-0.7642952442718132,1.2026366604245482,1.2061673957321846,5.0,2.0,0.0
7723,3.5553480614894135,0.0,1.0,1.0,-0.6605179338328393,0.7209767831260804,-0.24290934059470493,6.0,2.0,0.0
7724,3.6375861597263857,0.0,0.0,1.0,-0.027476340155098297,0.18048772719438236,-1.7418649566934918,9.0,2.0,1.0
7725,3.5263605246161616,0.0,0.0,1.0,0.5744320603909505,-1.2184705569895626,0.5291747900523665,2.0,2.0,0.0
7726,3.713572066704308,1.0,0.0,1.0,0.21121147385454175,0.20692187081996094,1.5380405073193375,4.0,2.0,0.0
7727,3.7612001156935624,1.0,0.0,1.0,-1.5945137277836046,1.2158354797093347,-0.8169321732585241,3.0,1.0,1.0
7728,3.784189633918261,0.0,0.0,1.0,0.7612312191811036,1.4376885531915298,0.5279328601924577,2.0,2.0,0.0
7729,3.7612001156935624,0.0,0.0,0.0,0.5121656741275662,0.16116150223696818,0.919947681432628,6.0,1.0,0.0
7730,3.1780538303479458,0.0,0.0,0.0,0.5640543293470531,-1.2184705569895626,1.1074808289459008,5.0,1.0,0.0
7731,4.0943445622221,0.0,1.0,1.0,-0.3803191956476097,1.2754980303448127,0.1711523001927181,4.0,1.0,1.0
7732,3.871201010907891,1.0,0.0,0.0,-1.4077145689934516,0.8357192189890947,0.8551265233336371,9.0,1.0,0.0
7733,3.6375861597263857,0.0,0.0,1.0,-0.19352003685745658,1.0478265632868846,0.4242142432864085,7.0,1.0,1.0
7734,3.6375861597263857,0.0,1.0,1.0,-2.5388872527782675,-1.2184705569895626,-0.891417538180023,1.0,1.0,1.0
7735,3.8918202981106265,1.0,0.0,0.0,0.8338753364883853,0.4300628682956398,0.3550629349478781,4.0,1.0,0.0
7736,3.4965075614664802,0.0,1.0,0.0,1.7990043235708428,-1.2184705569895626,-0.999666425900826,1.0,2.0,1.0
7737,3.6109179126442243,1.0,0.0,1.0,2.058447599668278,0.42747068909940655,-0.22739782268181527,7.0,1.0,1.0
7738,3.58351893845611,0.0,0.0,1.0,0.33574424638131045,0.9569665996565909,-0.22971059756582854,6.0,1.0,1.0
7739,3.912023005428146,1.0,0.0,0.0,-0.6708956648767367,1.2695408214903192,-1.5147804377029777,7.0,2.0,0.0
7740,3.784189633918261,0.0,1.0,0.0,1.6122051647806899,-1.2184705569895626,-0.2592013461376003,0.0,2.0,1.0
7741,3.1354942159291497,0.0,0.0,1.0,-1.3246927206422725,-1.2184705569895626,-0.45250460792509944,9.0,2.0,0.0
7742,3.295836866004329,0.0,0.0,1.0,0.23196693594233653,1.4434838909424166,0.8508709619097072,6.0,1.0,1.0
7743,3.2188758248682006,0.0,0.0,0.0,-0.35956373355981486,0.9797612852642833,-0.16058623856627144,4.0,2.0,1.0
7744,3.4657359027997265,0.0,1.0,1.0,-0.36994146460371224,0.009023319023130232,1.1019287435173033,7.0,2.0,1.0
7745,3.6375861597263857,0.0,0.0,1.0,0.5121656741275662,0.8644230804828513,0.3407787420918405,8.0,1.0,1.0
7746,3.1354942159291497,0.0,1.0,1.0,0.6055652535226427,-1.2184705569895626,-0.013670265419955793,8.0,2.0,0.0
7747,3.5553480614894135,0.0,0.0,0.0,0.27347786011792613,-1.2184705569895626,0.42008890802306553,6.0,2.0,1.0
7748,3.295836866004329,0.0,0.0,1.0,1.9235370960976117,0.22092123957856838,1.3047955433062428,4.0,2.0,0.0
7749,3.295836866004329,0.0,0.0,0.0,0.32536651533741306,-1.2184705569895626,-0.24013634054770963,7.0,2.0,0.0
7750,3.6888794541139363,0.0,1.0,0.0,-0.24540869207694355,0.5035646777949614,0.2971750593665389,8.0,1.0,0.0
7751,3.4657359027997265,0.0,0.0,0.0,1.4357837370344342,1.2038346026571745,1.2519416303784023,2.0,1.0,1.0
7752,3.6888794541139363,0.0,1.0,1.0,-0.3906969266915071,1.2138377885523608,-0.7645238806906091,3.0,1.0,0.0
7753,3.713572066704308,1.0,0.0,0.0,0.481032480995874,1.1956200043963996,0.24865251374515934,8.0,1.0,0.0
7754,4.007333185232471,1.0,0.0,0.0,-0.733162051140121,1.2233492769607262,1.5155385047434915,2.0,1.0,0.0
7755,3.9318256327243257,0.0,1.0,0.0,-1.2105376791594011,1.0277524650110261,-0.5372493253936577,1.0,3.0,0.0
7756,3.8066624897703196,1.0,0.0,0.0,-1.2001599481155036,0.7332501672191294,0.5316129228292812,4.0,1.0,0.0
7757,3.6888794541139363,0.0,1.0,1.0,-1.1794044860277089,0.7472546594943691,-0.7296178797855427,2.0,2.0,1.0
7758,3.784189633918261,0.0,1.0,1.0,-1.8020683486615525,-1.2184705569895626,1.6949419929554033,1.0,2.0,1.0
7759,3.58351893845611,1.0,0.0,0.0,2.058447599668278,0.07732684056914056,-1.526403948402192,2.0,1.0,0.0
7760,3.58351893845611,1.0,0.0,1.0,1.1452072678053071,0.6621564105370621,1.3549465244684185,1.0,1.0,1.0
7761,4.02535169073515,1.0,0.0,1.0,-2.2586885145930378,0.5321577432415411,-0.0699884724061306,8.0,2.0,0.0
7762,3.367295829986474,0.0,1.0,0.0,-0.9510944030619662,-1.2184705569895626,0.3555475014492872,1.0,2.0,1.0
7763,4.07753744390572,0.0,0.0,0.0,-0.1727645747696618,-1.2184705569895626,-0.7219677448512026,1.0,1.0,1.0
7764,3.58351893845611,0.0,0.0,1.0,1.4772946612100237,-1.2184705569895626,-0.5511640515057069,6.0,2.0,1.0
7765,3.828641396489095,0.0,0.0,0.0,0.7093425639616167,0.4287784667198409,-1.1266238924702605,1.0,2.0,1.0
7766,3.8066624897703196,0.0,0.0,0.0,0.771608950225001,-1.2184705569895626,-1.2813529136516772,2.0,2.0,1.0
7767,3.784189633918261,1.0,0.0,1.0,-0.152009112681867,0.9533447537271289,0.016544637970032673,1.0,2.0,1.0
7768,3.713572066704308,0.0,1.0,1.0,-0.25578642312084093,-1.2184705569895626,1.640625861054886,10.0,2.0,1.0
7769,3.4965075614664802,0.0,0.0,0.0,-0.9822275961936585,1.7385416099592512,-1.4861230322389396,6.0,2.0,0.0
7770,3.4657359027997265,0.0,1.0,1.0,-1.2728040654227855,-1.2184705569895626,-1.56141652959623,6.0,1.0,0.0
7771,3.4011973816621555,0.0,0.0,0.0,0.06592323923997824,-1.2184705569895626,0.5221182360422499,8.0,2.0,1.0
7772,3.5263605246161616,0.0,1.0,1.0,-0.4737187750426862,-1.2184705569895626,-0.647732052515288,8.0,2.0,1.0
7773,3.828641396489095,0.0,0.0,1.0,-1.3350704516861698,-1.2184705569895626,0.36506635570804286,5.0,2.0,1.0
7774,3.6635616461296463,0.0,1.0,1.0,1.5291833164295108,-1.2184705569895626,-0.7151824228978492,2.0,2.0,1.0
7775,3.2188758248682006,0.0,1.0,0.0,0.32536651533741306,0.3596862438322219,1.5223024410923693,8.0,1.0,0.0
7776,3.4965075614664802,0.0,0.0,0.0,-0.14163138163796962,-1.2184705569895626,1.0379616186637095,0.0,2.0,0.0
7777,3.332204510175204,0.0,0.0,1.0,-0.29729734729643054,0.7110107427264794,0.7257048439818296,4.0,1.0,0.0
7778,3.6375861597263857,1.0,0.0,1.0,-0.006720878067303511,0.6140445079296667,1.3107744714908358,9.0,1.0,1.0
7779,3.6375861597263857,1.0,0.0,0.0,0.2838555911618235,0.02036166133075557,1.2942950376420488,8.0,2.0,1.0
7780,3.5263605246161616,0.0,0.0,1.0,0.5744320603909505,0.9698877883838557,-0.8022326128488926,8.0,1.0,0.0
7781,3.6888794541139363,0.0,0.0,1.0,0.8027421433566931,0.7253378564396693,1.029062773068042,4.0,1.0,1.0
7782,3.7612001156935624,0.0,0.0,1.0,0.9895413021468462,0.06584071682864766,0.25750824039847037,4.0,1.0,0.0
7783,3.6109179126442243,0.0,0.0,0.0,-0.6708956648767367,0.9429728347443,-0.9691888099225243,1.0,2.0,0.0
7784,3.091042453358316,1.0,0.0,0.0,0.21121147385454175,1.4374125237329562,1.114587804299903,3.0,2.0,1.0
7785,3.970291913552122,0.0,0.0,0.0,-0.027476340155098297,-0.4321108225917675,-1.0183870015519685,8.0,1.0,0.0
7786,3.7612001156935624,0.0,1.0,0.0,-0.5152296992182758,1.005650735027874,0.6791835041125922,1.0,1.0,1.0
7787,3.7376696182833684,1.0,0.0,0.0,2.006558944448791,0.09016749401933917,1.7270179655348732,2.0,2.0,0.0
7788,3.6109179126442243,1.0,0.0,1.0,0.27347786011792613,0.6780015261625119,-0.8216813422524217,6.0,2.0,0.0
7789,3.044522437723423,0.0,0.0,1.0,1.3423841576393576,0.7832729814205361,0.13683588127770513,0.0,2.0,1.0
7790,3.9512437185814275,1.0,0.0,1.0,-0.3180528093842253,0.5423993327700315,1.344151140875846,4.0,1.0,0.0
7791,3.5553480614894135,0.0,1.0,0.0,0.44989928786418176,-1.2184705569895626,-0.5725286181101792,9.0,2.0,1.0
7792,3.4339872044851463,0.0,0.0,0.0,1.0310522263224358,-1.2184705569895626,-1.4720457407595355,6.0,2.0,0.0
7793,3.5553480614894135,1.0,0.0,0.0,0.2838555911618235,0.7198814713359983,-0.7553936185131771,7.0,1.0,0.0
7794,3.9889840465642745,0.0,0.0,0.0,-1.708668769266476,0.21532715996540008,-0.1800292303685996,10.0,1.0,1.0
7795,3.4011973816621555,0.0,1.0,1.0,0.13856735654726,1.7080459586331875,-0.6380628035583912,1.0,2.0,1.0
7796,3.6375861597263857,0.0,0.0,1.0,0.4083883636885922,1.1736542077139016,0.7994444946139336,9.0,1.0,1.0
7797,3.4965075614664802,0.0,1.0,1.0,0.39801063264469483,-0.00022670992708526672,0.8935248108362295,2.0,1.0,1.0
7798,3.1780538303479458,1.0,0.0,1.0,-1.2001599481155036,0.2604120249023824,0.35173964678571956,6.0,2.0,0.0
7799,3.4965075614664802,0.0,0.0,0.0,0.9791635711029488,-1.2184705569895626,-0.47850793816703047,4.0,2.0,1.0
7800,3.6375861597263857,1.0,0.0,1.0,0.719720295005514,0.506243476444262,1.0112057933309644,3.0,1.0,1.0
7801,3.091042453358316,0.0,0.0,0.0,0.6159429845665401,0.10794913882196257,-1.7216734687345197,0.0,2.0,1.0
7802,3.6375861597263857,1.0,0.0,0.0,-0.14163138163796962,0.7751163429416659,1.011549527802901,7.0,2.0,0.0
7803,3.828641396489095,0.0,0.0,1.0,-0.3803191956476097,-1.2184705569895626,1.1206639239715026,5.0,2.0,1.0
7804,3.4339872044851463,0.0,0.0,1.0,-0.07936499537458526,-0.4991147321219765,-1.5588858997332908,5.0,1.0,1.0
7805,3.4339872044851463,0.0,0.0,1.0,0.08667870132777303,1.1239581778077088,-0.06230304253107075,7.0,1.0,0.0
7806,3.970291913552122,0.0,0.0,1.0,-0.8161838994913002,-1.2184705569895626,1.352643833853182,8.0,2.0,1.0
7807,2.995732273553991,1.0,0.0,0.0,-0.6501402027889419,0.11836877055343076,0.740516026814821,9.0,1.0,1.0
7808,3.9318256327243257,0.0,1.0,1.0,-1.4077145689934516,-1.2184705569895626,0.7948253779139195,5.0,1.0,1.0
7809,3.58351893845611,0.0,0.0,1.0,-1.2209154102032984,0.09365788972519994,0.2649248723506099,2.0,2.0,0.0
7810,4.406719247264253,1.0,0.0,1.0,0.3149887842935157,0.7353368794775917,-0.8632031450753648,6.0,1.0,1.0
7811,3.4965075614664802,1.0,0.0,0.0,-0.03785407119899569,1.2974801582365763,1.5745923304355052,8.0,3.0,0.0
7812,3.7612001156935624,1.0,0.0,0.0,1.6329606268684846,-0.1857947183984363,1.4258029435637913,6.0,3.0,1.0
7813,3.713572066704308,0.0,0.0,0.0,0.5744320603909505,-1.2184705569895626,-1.0323938770166359,5.0,2.0,0.0
7814,3.6375861597263857,0.0,0.0,1.0,-1.023738520369248,-1.2184705569895626,-1.157152451392557,2.0,2.0,0.0
7815,3.8066624897703196,0.0,0.0,1.0,0.9168971848395645,-1.2184705569895626,-0.0678652122284452,9.0,1.0,1.0
7816,3.332204510175204,0.0,1.0,1.0,-0.494474237130481,0.4042877369969109,-1.220178957382633,9.0,1.0,0.0
7817,3.6635616461296463,0.0,1.0,0.0,-0.3388082714720201,0.6973802671654089,-1.5958304877316558,10.0,1.0,1.0
7818,3.8501476017100584,0.0,0.0,1.0,-1.5945137277836046,0.25226147059951326,0.026488422451050316,1.0,1.0,0.0
7819,3.6635616461296463,0.0,1.0,1.0,0.3046110532496183,0.3796093584773172,-1.3370312911706166,2.0,2.0,0.0
7820,4.060443010546419,0.0,0.0,0.0,0.24234466698623391,-1.2184705569895626,-0.08637697396922082,8.0,2.0,1.0
7821,3.6109179126442243,0.0,0.0,1.0,1.4461614680783315,0.5614546517855046,1.5567784696407851,6.0,1.0,1.0
7822,3.6109179126442243,0.0,1.0,1.0,0.9791635711029488,-1.2184705569895626,-1.460388673786632,2.0,2.0,1.0
7823,3.6888794541139363,0.0,0.0,0.0,-0.5878738165255575,0.7182528334864563,-1.3409691981280683,7.0,1.0,0.0
7824,3.6375861597263857,0.0,0.0,0.0,-0.8161838994913002,-1.2184705569895626,1.6267678154880318,6.0,2.0,0.0
7825,4.02535169073515,0.0,0.0,1.0,1.5810719716489976,-1.2184705569895626,0.3185465806391332,7.0,2.0,1.0
7826,3.4339872044851463,0.0,1.0,1.0,0.5640543293470531,0.1842471075234469,0.6475362868228516,6.0,2.0,0.0
7827,3.5263605246161616,0.0,0.0,1.0,-0.152009112681867,-1.2184705569895626,0.6870495814921246,5.0,2.0,0.0
7828,3.6375861597263857,0.0,1.0,0.0,0.8546307985761801,0.8694412448045525,-1.145478171616051,2.0,1.0,0.0
7829,3.6888794541139363,0.0,0.0,1.0,-0.2765418852086357,-1.2184705569895626,-0.010960900586278003,5.0,1.0,0.0
7830,3.7376696182833684,0.0,0.0,0.0,0.8131198744005905,1.464095798354788,0.48361927971858965,4.0,1.0,0.0
7831,3.8501476017100584,0.0,0.0,0.0,-0.9614721341058636,-1.2184705569895626,-1.3809395883596676,5.0,1.0,0.0
7832,3.6375861597263857,1.0,0.0,0.0,0.014034584020491275,0.7946583960372222,0.5945163311935956,3.0,2.0,0.0
7833,3.58351893845611,1.0,0.0,1.0,-0.5256074302621732,-0.07282293786162006,1.3379592259800133,8.0,1.0,0.0
7834,4.060443010546419,1.0,0.0,1.0,0.34612197742520784,0.4125450845995878,0.2269424740017207,7.0,1.0,1.0
7835,3.091042453358316,1.0,0.0,0.0,-1.3765813758617593,1.2104197625189337,1.2119794118818463,1.0,3.0,1.0
7836,3.784189633918261,0.0,0.0,1.0,-0.5048519681743784,0.8281170410757929,-1.4074151405670912,5.0,1.0,1.0
7837,3.8501476017100584,0.0,0.0,1.0,0.44989928786418176,-1.2184705569895626,0.6451485753898224,4.0,2.0,1.0
7838,3.6888794541139363,0.0,0.0,0.0,-0.5774960854816601,0.16722118142411074,0.5448580882678731,10.0,1.0,1.0
7839,3.6888794541139363,1.0,0.0,1.0,-0.3803191956476097,0.5938695404201071,-0.8391683336454018,5.0,2.0,1.0
7840,3.5553480614894135,0.0,0.0,1.0,-0.14163138163796962,0.6154805335758073,-0.04652672562943116,6.0,1.0,1.0
7841,3.713572066704308,0.0,0.0,1.0,0.04516777715218345,-1.2184705569895626,1.3930581057776763,2.0,2.0,1.0
7842,3.9512437185814275,0.0,0.0,1.0,-0.6812733959206341,0.9999091942016277,-0.13952924215950027,2.0,1.0,1.0
7843,4.406719247264253,0.0,0.0,0.0,2.058447599668278,-1.2184705569895626,-0.7104723739121384,1.0,2.0,1.0
7844,3.9512437185814275,0.0,0.0,1.0,0.22158920489843914,0.055417562679494624,1.2478347249855832,8.0,2.0,1.0
7845,3.4965075614664802,0.0,0.0,0.0,0.8027421433566931,-1.2184705569895626,0.8758039687276429,9.0,2.0,0.0
7846,3.784189633918261,0.0,1.0,0.0,-0.3180528093842253,-1.2184705569895626,0.041298735950526716,8.0,1.0,0.0
7847,3.8501476017100584,0.0,1.0,0.0,1.778248861483048,0.08765392878143505,-1.2528893695615437,3.0,1.0,1.0
7848,4.219507705176107,0.0,1.0,1.0,-0.5774960854816601,-1.2184705569895626,0.6592929794166048,6.0,2.0,1.0
7849,2.995732273553991,0.0,1.0,1.0,-0.785050706359608,-1.2184705569895626,-0.4890039232969449,6.0,2.0,0.0
7850,3.6635616461296463,0.0,0.0,0.0,-0.9510944030619662,0.12187998054561093,-1.1681290040897105,5.0,1.0,1.0
7851,3.713572066704308,1.0,0.0,0.0,0.5017879430836688,1.1602992812817206,1.5542930451206396,4.0,1.0,0.0
7852,3.5263605246161616,0.0,0.0,1.0,1.5706942406051003,-1.2184705569895626,0.2650653566466769,6.0,2.0,0.0
7853,3.828641396489095,0.0,0.0,1.0,-0.06898726433068787,1.269919161171647,-1.6861952725097051,6.0,1.0,1.0
7854,3.6888794541139363,0.0,1.0,0.0,-0.494474237130481,0.3593181511841588,-0.8363635159917477,7.0,1.0,1.0
7855,3.5553480614894135,0.0,0.0,1.0,0.10743416341556782,-1.2184705569895626,-1.372399777505804,2.0,2.0,1.0
7856,3.828641396489095,0.0,0.0,0.0,-0.4322078508670966,-1.2184705569895626,1.7252127075570718,1.0,2.0,1.0
7857,3.871201010907891,0.0,0.0,1.0,0.2838555911618235,1.9604489606957716,1.5781468613127245,10.0,2.0,0.0
7858,3.5553480614894135,0.0,1.0,1.0,-0.8058061684474028,-1.2184705569895626,-1.2546469880627082,5.0,2.0,0.0
7859,3.5553480614894135,0.0,0.0,1.0,-0.4737187750426862,-1.2184705569895626,1.0699779549640325,5.0,1.0,0.0
7860,3.6635616461296463,0.0,0.0,1.0,2.058447599668278,0.06711551181076057,0.45421720316537506,7.0,1.0,0.0
7861,3.4657359027997265,1.0,0.0,0.0,-0.3388082714720201,-0.3199930682336237,-1.708229052054229,2.0,2.0,0.0
7862,3.6109179126442243,0.0,0.0,0.0,-2.497376328602678,-1.2184705569895626,0.3523071477044851,10.0,1.0,0.0
7863,2.9444389791664403,0.0,0.0,0.0,-0.8473170926229924,0.10671773362133062,-0.4975958941617243,4.0,1.0,0.0
7864,4.04305126783455,0.0,0.0,0.0,-0.027476340155098297,1.294842667940125,-0.19170594427894855,8.0,1.0,0.0
7865,3.6635616461296463,0.0,0.0,1.0,-1.5426250725641177,-1.2184705569895626,-0.09176771109738457,1.0,2.0,1.0
7866,3.5263605246161616,0.0,0.0,0.0,1.010296764234641,-0.027477414015961547,-1.3955727316887325,1.0,1.0,0.0
7867,3.6888794541139363,1.0,0.0,0.0,-1.3350704516861698,1.085560622845345,0.31783633515716087,1.0,1.0,1.0
7868,3.58351893845611,0.0,1.0,0.0,0.771608950225001,-1.2184705569895626,0.002185334698276268,9.0,2.0,1.0
7869,3.6635616461296463,1.0,0.0,1.0,0.9272749158834619,0.8311895499563191,-0.7300812345491794,4.0,1.0,0.0
7870,3.970291913552122,0.0,1.0,0.0,0.5744320603909505,-1.2184705569895626,0.16095762605919484,7.0,1.0,0.0
7871,3.58351893845611,0.0,0.0,1.0,0.6574539087421296,1.0391665392988754,-0.6958729607234656,2.0,1.0,1.0
7872,3.6888794541139363,1.0,0.0,1.0,-1.158649023939914,0.8193811249976657,-1.4653650865614203,4.0,1.0,1.0
7873,3.9889840465642745,0.0,0.0,1.0,0.6782093708299244,-1.2184705569895626,-0.048968161873703925,6.0,2.0,1.0
7874,3.1354942159291497,0.0,0.0,1.0,-0.9199612099302741,0.9843700485850725,-1.6454647370523572,3.0,1.0,1.0
7875,3.4011973816621555,0.0,1.0,0.0,2.058447599668278,-1.2184705569895626,1.696336751647296,1.0,2.0,1.0
7876,4.04305126783455,0.0,0.0,0.0,-0.9718498651497611,0.7226225527343623,0.27508859821098997,7.0,2.0,1.0
7877,3.5263605246161616,1.0,0.0,1.0,1.09331861258582,0.7362898535712286,-1.005822350389127,1.0,1.0,0.0
7878,3.713572066704308,0.0,0.0,0.0,0.5432988672592584,0.3098246602948426,1.3828185740347647,6.0,1.0,1.0
7879,4.02535169073515,0.0,0.0,0.0,2.058447599668278,0.3584210554437947,0.9640609674645786,10.0,1.0,0.0
7880,3.7376696182833684,0.0,1.0,0.0,-0.4529633129548914,0.2187373406139838,1.7190800812069797,3.0,1.0,0.0
7881,3.8066624897703196,0.0,0.0,0.0,0.667831639786027,1.2650724745472381,0.5814196479194114,6.0,1.0,0.0
7882,3.5263605246161616,0.0,0.0,0.0,0.7612312191811036,-1.2184705569895626,-0.5659620204692665,4.0,1.0,1.0
7883,4.174387269895637,0.0,1.0,1.0,0.7093425639616167,-0.48592327789234946,-0.36178200547216655,3.0,2.0,0.0
7884,3.713572066704308,0.0,1.0,0.0,-1.4596032242129386,-1.2184705569895626,1.4550459320837126,1.0,1.0,1.0
7885,4.110873864173311,0.0,0.0,1.0,1.2697400403320758,0.15673814617431603,-0.45719657477369263,5.0,1.0,0.0
7886,3.6635616461296463,0.0,0.0,1.0,0.08667870132777303,-1.2184705569895626,-0.21474032669954352,4.0,2.0,0.0
7887,3.5553480614894135,0.0,1.0,1.0,1.830137516702535,-1.2184705569895626,-0.3229975600220929,9.0,2.0,1.0
7888,4.07753744390572,1.0,0.0,1.0,0.9065194537956671,0.5523090144866755,1.0378341743703718,1.0,1.0,1.0
7889,3.6109179126442243,1.0,0.0,0.0,0.2631001290740287,-0.11680496584346635,-1.1710974303109374,10.0,1.0,0.0
7890,3.1780538303479458,1.0,0.0,1.0,1.1970959230247942,1.0157480655411817,-1.258673393172014,2.0,1.0,1.0
7891,3.091042453358316,1.0,0.0,1.0,0.5848097914348479,0.9265915110812848,-0.8717189623242066,8.0,2.0,0.0
7892,3.7612001156935624,0.0,1.0,1.0,-2.953996494534163,0.2802906289967333,1.1889951030717312,6.0,1.0,0.0
7893,3.5263605246161616,0.0,0.0,0.0,0.19045601176674695,-1.2184705569895626,-0.21287334604215835,7.0,2.0,1.0
7894,3.4965075614664802,0.0,1.0,1.0,-0.3803191956476097,0.9994010053956457,-0.7569146044314864,5.0,1.0,1.0
7895,3.9512437185814275,1.0,0.0,0.0,0.27347786011792613,1.1151476505186213,0.1614726192336383,1.0,1.0,0.0
7896,3.4965075614664802,1.0,0.0,1.0,-1.075627175588735,0.36639773040094986,-0.7748180065782788,2.0,1.0,1.0
7897,3.4657359027997265,1.0,0.0,1.0,-1.3039372585544777,1.1117241807487719,0.5559100991141518,5.0,1.0,0.0
7898,3.4965075614664802,1.0,0.0,1.0,0.9065194537956671,0.4167040992259842,-0.6337427375876287,3.0,1.0,0.0
7899,4.290459441148391,0.0,0.0,0.0,-0.5152296992182758,-1.2184705569895626,1.2314869082310076,3.0,2.0,1.0
7900,4.110873864173311,0.0,1.0,1.0,0.4602770189080792,0.20309412356583179,1.6765463741722675,8.0,1.0,1.0
7901,3.8918202981106265,0.0,1.0,1.0,1.2801177713759733,1.6338057222992135,-0.8739041190481789,4.0,2.0,0.0
7902,3.4657359027997265,1.0,0.0,0.0,0.49141021203977137,0.7963180952063486,1.54674201420704,10.0,2.0,0.0
7903,3.58351893845611,1.0,0.0,1.0,-0.6605179338328393,0.45237834498830276,-0.10314589587859098,3.0,1.0,0.0
7904,3.6635616461296463,1.0,0.0,1.0,1.0414299573663333,1.713178281309856,-0.5020256700221133,3.0,1.0,1.0
7905,4.060443010546419,0.0,0.0,0.0,0.5744320603909505,0.25538905728383815,1.1063686036464695,1.0,1.0,1.0
7906,3.6635616461296463,0.0,0.0,1.0,0.04516777715218345,-1.2184705569895626,0.6274941503618022,10.0,1.0,1.0
7907,3.6635616461296463,0.0,0.0,1.0,0.7923644123127958,0.6377593451025693,0.6716081318605648,1.0,1.0,1.0
7908,3.4657359027997265,0.0,0.0,0.0,1.4461614680783315,-0.009653019871435893,-1.3604573952731902,10.0,1.0,0.0
7909,3.6888794541139363,1.0,0.0,0.0,-0.5671183544377627,1.383829826131361,-1.119350874414843,8.0,3.0,0.0
7910,4.0943445622221,0.0,0.0,0.0,0.03479004610828606,-1.2184705569895626,-0.19947378697125545,7.0,1.0,0.0
7911,3.6109179126442243,0.0,0.0,0.0,0.8234976054444879,-1.2184705569895626,0.898839915948565,6.0,1.0,0.0
7912,3.871201010907891,1.0,0.0,0.0,-0.41145238877930185,0.863356268254037,-0.9507219057911366,6.0,1.0,1.0
7913,3.7376696182833684,1.0,0.0,1.0,0.667831639786027,0.801244356448455,0.6540848023266469,8.0,2.0,1.0
7914,3.295836866004329,1.0,0.0,1.0,-0.5048519681743784,0.5293910442600147,-0.13197560324535476,4.0,1.0,1.0
7915,3.4011973816621555,1.0,0.0,0.0,0.532921136215361,0.7362251691737439,-0.3061307511589035,3.0,1.0,1.0
7916,3.4011973816621555,0.0,0.0,1.0,-0.7954284374035054,0.7320426183928171,-0.8704187871187749,4.0,2.0,1.0
7917,3.258096538021482,1.0,0.0,1.0,-1.0860049066326325,0.35287308748031854,-0.8366724771230732,4.0,2.0,1.0
7918,3.332204510175204,1.0,0.0,1.0,1.6744715510440742,0.5643235008798905,-0.9390337166783863,6.0,1.0,0.0
7919,3.7612001156935624,0.0,0.0,0.0,1.1970959230247942,0.9208600571784091,-1.2486322433372863,2.0,1.0,0.0
7920,3.58351893845611,1.0,0.0,1.0,-0.23503096103304616,0.5800571800185844,-0.16396099127253358,8.0,1.0,1.0
7921,3.1354942159291497,0.0,1.0,0.0,1.4772946612100237,0.6138309213300512,0.12730137901567481,4.0,1.0,1.0
7922,3.6375861597263857,0.0,0.0,1.0,-0.3284305404281227,0.5034943895511599,-0.5086531210090944,0.0,1.0,0.0
7923,3.4011973816621555,0.0,1.0,1.0,-0.5774960854816601,-1.2184705569895626,-1.7185002275370957,2.0,2.0,1.0
7924,3.5263605246161616,0.0,0.0,0.0,-0.8058061684474028,0.9325829834532583,-0.6479542541617899,3.0,1.0,0.0
7925,3.828641396489095,0.0,0.0,1.0,-0.5048519681743784,-1.2184705569895626,0.8360467390739867,9.0,1.0,0.0
7926,3.5263605246161616,0.0,0.0,1.0,-0.9303389409741715,-1.2184705569895626,0.19401890124486681,6.0,2.0,0.0
7927,3.2188758248682006,0.0,1.0,0.0,-0.9095834788863767,1.1766476223064146,0.9274138653951375,6.0,1.0,1.0
7928,3.4657359027997265,0.0,1.0,0.0,-0.03785407119899569,-1.2184705569895626,-1.655772076809459,5.0,2.0,1.0
7929,3.6375861597263857,0.0,1.0,1.0,-0.20389776790135397,0.9943615464579407,-0.6894367631098428,1.0,1.0,0.0
7930,3.828641396489095,0.0,1.0,0.0,-0.006720878067303511,0.3173499854586573,-0.2720817392331864,8.0,1.0,0.0
7931,3.713572066704308,1.0,0.0,1.0,-1.1482712928960168,0.3139430070079688,-0.8931162158688527,7.0,2.0,0.0
7932,3.6109179126442243,0.0,1.0,1.0,0.2527223980301313,0.10611043679048991,0.23261331038850316,1.0,1.0,0.0
7933,4.23410650459726,1.0,0.0,0.0,0.7404757570933088,0.5484542086603313,0.7223509552799338,3.0,1.0,0.0
7934,3.4011973816621555,0.0,1.0,1.0,-0.4322078508670966,-1.2184705569895626,-0.2872112719994682,9.0,3.0,1.0
7935,4.23410650459726,0.0,1.0,1.0,-1.1794044860277089,-1.2184705569895626,0.17402683839429642,9.0,2.0,0.0
7936,3.4339872044851463,0.0,0.0,1.0,0.33574424638131045,-1.2184705569895626,-0.29483393599472585,2.0,2.0,0.0
7937,3.295836866004329,0.0,0.0,0.0,1.1867181919808967,0.4508159926351931,-1.738720229635369,3.0,1.0,1.0
7938,3.6375861597263857,0.0,0.0,0.0,-0.24540869207694355,-1.2184705569895626,-1.1430261295028918,9.0,2.0,1.0
7939,3.970291913552122,0.0,1.0,1.0,-0.8058061684474028,0.6313194049153613,1.6661016797197539,7.0,1.0,0.0
7940,3.6888794541139363,0.0,0.0,1.0,-0.06898726433068787,-1.2184705569895626,-0.06201703180454832,8.0,2.0,0.0
7941,3.6635616461296463,0.0,1.0,1.0,1.3631396197271524,-1.2184705569895626,-0.35212788291843555,1.0,3.0,1.0
7942,3.4965075614664802,0.0,1.0,1.0,-1.7294242313542707,0.41846114521112704,1.6270242688750352,6.0,2.0,1.0
7943,3.4965075614664802,1.0,0.0,0.0,-1.2520486033349907,0.5358569222501746,1.2452081207025587,0.0,2.0,1.0
7944,3.7376696182833684,0.0,1.0,1.0,0.8234976054444879,-1.2184705569895626,0.016350950462831436,3.0,2.0,0.0
7945,3.8501476017100584,0.0,0.0,1.0,-0.027476340155098297,-1.2184705569895626,-0.40832055814500595,5.0,2.0,1.0
7946,3.5263605246161616,0.0,0.0,1.0,-1.1794044860277089,0.2832222411698669,1.7181159903385503,6.0,1.0,1.0
7947,3.713572066704308,0.0,0.0,0.0,-0.07936499537458526,0.9796022961387825,-0.40628579611917454,9.0,4.0,0.0
7948,3.6635616461296463,0.0,1.0,0.0,1.5810719716489976,0.7700498254317457,-0.44751950181515854,3.0,1.0,0.0
7949,3.5263605246161616,0.0,0.0,1.0,-0.03785407119899569,0.9421164069172062,0.28870722932773973,7.0,1.0,1.0
7950,3.4965075614664802,0.0,0.0,0.0,1.0829408815419228,-1.2184705569895626,0.8103746249013719,4.0,2.0,0.0
7951,3.6375861597263857,0.0,0.0,0.0,0.02441231506438867,-1.2184705569895626,-0.5031530217247101,5.0,1.0,1.0
7952,3.7376696182833684,0.0,1.0,0.0,1.2386068472003837,-1.2184705569895626,-0.1306889896427612,5.0,2.0,1.0
7953,3.6109179126442243,0.0,1.0,1.0,0.23196693594233653,-1.2184705569895626,1.431894537371963,2.0,2.0,1.0
7954,4.290459441148391,1.0,0.0,0.0,1.352761888683255,1.1618350553922991,-1.7008621459791626,5.0,1.0,0.0
7955,3.6635616461296463,0.0,0.0,1.0,-2.217177590417448,-1.2184705569895626,0.6333661505240171,2.0,2.0,0.0
7956,3.5553480614894135,0.0,1.0,1.0,-1.0548717135009402,-1.2184705569895626,0.536378609159969,3.0,2.0,0.0
7957,3.4011973816621555,0.0,0.0,1.0,0.6885871018738219,-1.2184705569895626,0.45040917463510416,2.0,1.0,0.0
7958,3.7376696182833684,0.0,0.0,0.0,0.7508534881372062,0.5395080682903786,0.8547690533921594,5.0,1.0,1.0
7959,3.5553480614894135,0.0,0.0,1.0,-1.604891458827502,-1.2184705569895626,-0.3015571875350894,2.0,2.0,1.0
7960,3.4965075614664802,0.0,0.0,1.0,1.902781634009817,0.7827956938242437,-1.2671966866890871,8.0,2.0,1.0
7961,3.5263605246161616,0.0,0.0,1.0,-0.9718498651497611,0.5183613938294949,0.15066280470471277,0.0,1.0,1.0
7962,3.5263605246161616,1.0,0.0,0.0,0.19045601176674695,0.13480196982234957,1.6966914397215245,9.0,2.0,1.0
7963,4.110873864173311,0.0,0.0,0.0,-0.6397624717450445,1.1471811573838955,-0.21255638704249247,6.0,1.0,0.0
7964,3.4965075614664802,0.0,0.0,1.0,-2.4558654044270884,1.116053232083408,-1.6928816643090216,5.0,1.0,1.0
7965,3.6635616461296463,1.0,0.0,1.0,1.9235370960976117,0.8106477706778548,-0.36258005363918056,2.0,1.0,1.0
7966,3.7376696182833684,0.0,0.0,1.0,0.6366984466543348,-1.2184705569895626,-0.7764756517251878,3.0,2.0,0.0
7967,3.4339872044851463,0.0,1.0,0.0,-0.25578642312084093,-1.2184705569895626,0.22562995426037213,6.0,1.0,1.0
7968,3.367295829986474,0.0,1.0,1.0,0.5017879430836688,1.3416927444668834,-1.3515133443347285,8.0,1.0,0.0
7969,3.6888794541139363,0.0,0.0,1.0,0.32536651533741306,-1.2184705569895626,1.2394178378907785,4.0,2.0,0.0
7970,3.6375861597263857,1.0,0.0,0.0,-0.11049818850627745,-0.21018425866787538,-1.0677999185596831,7.0,2.0,1.0
7971,3.5553480614894135,1.0,0.0,0.0,0.36687743951300267,0.5649644207886317,0.836880777648533,7.0,2.0,0.0
7972,3.295836866004329,0.0,0.0,1.0,-0.46334104399878884,-1.2184705569895626,-1.2277265109621716,1.0,1.0,0.0
7973,3.58351893845611,0.0,0.0,0.0,-0.7746729753157106,-1.2184705569895626,-1.308689106039214,10.0,2.0,1.0
7974,3.6375861597263857,0.0,0.0,1.0,-1.0652494445448377,0.5834308556111619,-0.9214737012701238,2.0,2.0,0.0
7975,3.7376696182833684,1.0,0.0,1.0,-0.08974272641848266,1.2616743021407617,-0.8826171011382832,7.0,1.0,1.0
7976,3.4339872044851463,1.0,0.0,0.0,0.7819866812688984,0.6872739704979942,0.6515176604560667,8.0,2.0,1.0
7977,3.5263605246161616,0.0,1.0,0.0,-0.9510944030619662,-1.2184705569895626,1.4418230215831116,9.0,1.0,1.0
7978,3.58351893845611,1.0,0.0,1.0,0.36687743951300267,0.7851645197172811,0.8363993407477787,1.0,2.0,1.0
7979,3.8066624897703196,1.0,0.0,0.0,0.33574424638131045,0.9234293406596907,-0.8791787132187033,2.0,2.0,1.0
7980,3.7376696182833684,0.0,0.0,1.0,0.8650085296200775,-0.03148224281369971,-1.5412968485856187,7.0,1.0,1.0
7981,3.58351893845611,0.0,1.0,0.0,0.37725517055690005,-1.2184705569895626,-1.3030067944500296,6.0,1.0,0.0
7982,3.871201010907891,1.0,0.0,1.0,-0.7020288580084288,0.8715843157459722,-0.13066864723850402,7.0,1.0,0.0
7983,3.871201010907891,1.0,0.0,0.0,-0.4737187750426862,0.9772477200263794,-0.8110372226915058,0.0,2.0,1.0
7984,3.6109179126442243,0.0,1.0,1.0,0.5432988672592584,0.8212869130750445,0.885050199996011,8.0,1.0,0.0
7985,3.713572066704308,0.0,0.0,0.0,0.6470761776982322,-1.2184705569895626,-0.6549414353573881,0.0,2.0,0.0
7986,4.31748811353631,0.0,1.0,0.0,1.1140740746736149,0.8456316225739496,-0.9073520737814412,6.0,1.0,1.0
7987,3.6375861597263857,1.0,0.0,1.0,1.1867181919808967,0.3771867356596393,0.8218590422381438,2.0,2.0,1.0
7988,4.1588830833596715,0.0,0.0,0.0,-1.2520486033349907,0.6182414686011223,-1.3200714636212938,1.0,1.0,1.0
7989,3.044522437723423,1.0,0.0,0.0,-0.40107465773540446,0.6605181660938343,0.22822456707003475,0.0,1.0,0.0
7990,3.58351893845611,0.0,0.0,0.0,-0.35956373355981486,-1.2184705569895626,-1.518986273249834,5.0,2.0,1.0
7991,3.9318256327243257,0.0,1.0,0.0,0.36687743951300267,-1.2184705569895626,0.17037389896314892,5.0,2.0,0.0
7992,3.8066624897703196,0.0,0.0,0.0,0.5744320603909505,-1.2184705569895626,1.6015015062003435,6.0,2.0,1.0
7993,3.4965075614664802,0.0,1.0,0.0,2.058447599668278,-1.2184705569895626,-1.41712437886569,9.0,2.0,1.0
7994,3.6375861597263857,0.0,0.0,1.0,2.058447599668278,-1.2184705569895626,0.15404468594580015,6.0,2.0,0.0
7995,4.007333185232471,0.0,0.0,1.0,1.2074736540686914,-0.10230061047677232,-0.5398602816734073,8.0,1.0,1.0
7996,4.07753744390572,0.0,0.0,0.0,0.3149887842935157,-1.2184705569895626,-1.733882040889508,1.0,1.0,1.0
7997,3.6635616461296463,0.0,0.0,0.0,0.8650085296200775,-1.2184705569895626,-0.14276490150332014,1.0,3.0,0.0
7998,3.784189633918261,0.0,0.0,1.0,0.1593228186350548,1.8272593031975988,-0.050825579862421116,8.0,1.0,0.0
7999,3.9512437185814275,1.0,0.0,1.0,0.4706547499519766,1.1497196997653827,-0.8145681076971099,1.0,1.0,1.0
